school_code,school_name,group_code,group_id,xuanke_req,plan_count,admitted,min_score,min_rank,year,subject,is_special
0105,陆军工程大学,06,06,不限,30,0,594,26503,2024,物理,否
0105,陆军工程大学,07,07,化学,30,0,596,26004,2024,物理,否
0131,海军军医大学,04,04,化学,30,0,595,26253,2024,物理,否
0131,海军军医大学,05,05,化学,30,0,607,14882,2024,物理,否
0131,海军军医大学,06,06,化学,30,0,624,4751,2024,物理,否
0201,中国人民公安大学,08,08,不限,30,0,618,13125,2024,物理,否
0203,中国人民警察大学,08,08,不限,30,0,560,48000,2024,物理,否
0203,中国人民警察大学,09,09,化学,30,0,556,58503,2024,物理,否
0203,中国人民警察大学,10,10,思想政治,30,0,559,57284,2024,物理,否
0306,中国民用航空飞行学院,04,04,不限,30,0,543,63781,2024,物理,否
0306,中国民用航空飞行学院,05,05,化学,30,0,552,60127,2024,物理,否
0306,中国民用航空飞行学院,06,06,思想政治,30,0,544,63375,2024,物理,否
1101,南京大学,07,07,不限,30,0,661,390,2024,物理,否
1101,南京大学,08,08,化学,30,0,667,335,2024,物理,否
1101,南京大学,09,09,化学,30,0,663,372,2024,物理,否
1101,南京大学,10,10,化学,30,0,663,372,2024,物理,否
1102,东南大学,06,06,化学,30,0,660,400,2024,物理,否
1102,东南大学,07,07,不限,30,0,656,1108,2024,物理,否
1102,东南大学,08,08,化学,30,0,646,1353,2024,物理,否
1103,南京航空航天大学,04,04,化学,30,0,655,1132,2024,物理,否
1103,南京航空航天大学,05,05,化学,30,0,650,1255,2024,物理,否
1103,南京航空航天大学,06,06,化学,30,0,646,1353,2024,物理,否
1103,南京航空航天大学,07,07,化学,30,0,643,1426,2024,物理,否
1104,南京理工大学,02,02,化学,30,0,653,1181,2024,物理,否
1104,南京理工大学,03,03,化学,30,0,641,1475,2024,物理,否
1104,南京理工大学,05,05,化学,30,0,634,4130,2024,物理,否
1105,河海大学,04,04,化学,30,0,643,1426,2024,物理,否
1105,河海大学,05,05,化学,30,0,632,4254,2024,物理,否
1105,河海大学,06,06,化学,30,0,631,4316,2024,物理,否
1105,河海大学,07,07,化学,30,0,624,4751,2024,物理,否
1105,河海大学,09,09,不限,30,0,623,4813,2024,物理,否
1106,南京信息工程大学,08,08,化学,30,0,635,4068,2024,物理,否
1106,南京信息工程大学,09,09,化学,30,0,625,4689,2024,物理,否
1106,南京信息工程大学,10,10,化学,30,0,604,15361,2024,物理,否
1106,南京信息工程大学,11,11,化学,30,0,598,25504,2024,物理,否
1106,南京信息工程大学,12,12,化学,30,0,592,27003,2024,物理,否
1106,南京信息工程大学,13,13,不限,30,0,609,14562,2024,物理,否
1106,南京信息工程大学,14,14,不限,30,0,595,26253,2024,物理,否
1107,南京农业大学,03,03,不限,30,0,603,15520,2024,物理,否
1107,南京农业大学,04,04,化学,30,0,607,14882,2024,物理,否
1107,南京农业大学,05,05,化学,30,0,603,15520,2024,物理,否
1108,南京师范大学,16,16,不限,30,0,592,27003,2024,物理,否
1108,南京师范大学,19,19,化学,30,0,643,1426,2024,物理,否
1108,南京师范大学,20,20,化学,30,0,629,4440,2024,物理,否
1108,南京师范大学,21,21,化学,30,0,632,4254,2024,物理,否
1108,南京师范大学,22,22,化学,30,0,615,13604,2024,物理,否
1108,南京师范大学,23,23,化学,30,0,602,15680,2024,物理,否
1108,南京师范大学,26,26,地理,30,0,619,12965,2024,物理,否
1109,中国药科大学,02,02,化学,30,0,619,12965,2024,物理,否
1109,中国药科大学,03,03,化学,30,0,653,1181,2024,物理,否
1109,中国药科大学,04,04,化学,30,0,616,13444,2024,物理,否
1110,南京工业大学,05,05,不限,30,0,579,41489,2024,物理,否
1110,南京工业大学,06,06,化学,30,0,590,27502,2024,物理,否
1110,南京工业大学,07,07,化学,30,0,567,45601,2024,物理,否
1110,南京工业大学,08,08,化学,30,0,587,28251,2024,物理,否
1110,南京工业大学,09,09,化学,30,0,579,41489,2024,物理,否
1110,南京工业大学,10,10,化学,30,0,567,45601,2024,物理,否
1110,南京工业大学,11,11,化学,30,0,531,77258,2024,物理,否
1111,南京邮电大学,05,05,化学,30,0,634,4130,2024,物理,否
1111,南京邮电大学,06,06,化学,30,0,604,15361,2024,物理,否
1112,南京医科大学,04,04,不限,30,0,571,44230,2024,物理,否
1112,南京医科大学,05,05,化学,30,0,569,44916,2024,物理,否
1112,南京医科大学,06,06,化学,30,0,636,4006,2024,物理,否
1112,南京医科大学,07,07,化学,30,0,594,26503,2024,物理,否
1114,南京工程学院,03,03,不限,30,0,547,62157,2024,物理,否
1114,南京工程学院,05,05,化学,30,0,539,73602,2024,物理,否
1116,南京财经大学,06,06,不限,30,0,592,27003,2024,物理,否
1116,南京财经大学,07,07,不限,30,0,593,26753,2024,物理,否
1116,南京财经大学,08,08,不限,30,0,559,57284,2024,物理,否
1116,南京财经大学,09,09,不限,30,0,561,47657,2024,物理,否
1116,南京财经大学,12,12,化学,30,0,578,41832,2024,物理,否
1116,南京财经大学,13,13,化学,30,0,562,47314,2024,物理,否
1117,南京体育学院,04,04,不限,30,0,521,98453,2024,物理,否
1117,南京体育学院,06,06,化学,30,0,526,79543,2024,物理,否
1117,南京体育学院,07,07,生物,30,0,528,78629,2024,物理,否
1118,南京艺术学院,02,02,不限,30,0,534,75887,2024,物理,否
1118,南京艺术学院,03,03,化学,30,0,533,76344,2024,物理,否
1119,南京审计大学,05,05,不限,30,0,562,47314,2024,物理,否
1119,南京审计大学,09,09,化学,30,0,572,43888,2024,物理,否
1120,南京晓庄学院,10,10,不限,30,0,542,64187,2024,物理,否
1120,南京晓庄学院,11,11,不限,30,0,539,73602,2024,物理,否
1120,南京晓庄学院,13,13,化学,30,0,532,76801,2024,物理,否
1120,南京晓庄学院,14,14,思想政治,30,0,556,58503,2024,物理,否
1120,南京晓庄学院,15,15,地理,30,0,551,60533,2024,物理,否
1128,金陵科技学院,04,04,不限,30,0,535,75430,2024,物理,否
1128,金陵科技学院,06,06,化学,30,0,523,97353,2024,物理,否
1128,金陵科技学院,07,07,化学,30,0,519,99552,2024,物理,否
1128,金陵科技学院,08,08,化学,30,0,525,80000,2024,物理,否
1128,金陵科技学院,11,11,生物,30,0,534,75887,2024,物理,否
1131,江苏第二师范学院,16,16,不限,30,0,560,48000,2024,物理,否
1131,江苏第二师范学院,17,17,不限,30,0,535,75430,2024,物理,否
1131,江苏第二师范学院,18,18,不限,30,0,530,77715,2024,物理,否
1131,江苏第二师范学院,19,19,不限,30,0,533,76344,2024,物理,否
1131,江苏第二师范学院,22,22,化学,30,0,538,74059,2024,物理,否
1131,江苏第二师范学院,23,23,化学,30,0,516,101202,2024,物理,否
1131,江苏第二师范学院,24,24,思想政治,30,0,554,59315,2024,物理,否
1131,江苏第二师范学院,25,25,地理,30,0,540,65000,2024,物理,否
1133,南京特殊教育师范学院,04,04,不限,30,0,524,96803,2024,物理,否
1133,南京特殊教育师范学院,05,05,化学,30,0,513,102851,2024,物理,否
1136,南京工业职业技术大学,03,03,不限,30,0,519,99552,2024,物理,否
1201,江南大学,07,07,不限,30,0,619,12965,2024,物理,否
1201,江南大学,08,08,不限,30,0,605,15201,2024,物理,否
1201,江南大学,09,09,不限,30,0,605,15201,2024,物理,否
1201,江南大学,10,10,不限,30,0,598,25504,2024,物理,否
1201,江南大学,12,12,化学,30,0,605,15201,2024,物理,否
1201,江南大学,13,13,化学,30,0,608,14722,2024,物理,否
1201,江南大学,14,14,化学,30,0,606,15041,2024,物理,否
1201,江南大学,15,15,化学,30,0,622,4875,2024,物理,否
1201,江南大学,16,16,化学,30,0,611,14243,2024,物理,否
1201,江南大学,17,17,化学,30,0,615,13604,2024,物理,否
1201,江南大学,18,18,化学,30,0,631,4316,2024,物理,否
1201,江南大学,19,19,化学,30,0,622,4875,2024,物理,否
1201,江南大学,20,20,化学,30,0,618,13125,2024,物理,否
1201,江南大学,21,21,化学,30,0,615,13604,2024,物理,否
1201,江南大学,22,22,化学,30,0,615,13604,2024,物理,否
1201,江南大学,23,23,化学,30,0,615,13604,2024,物理,否
1201,江南大学,24,24,化学,30,0,616,13444,2024,物理,否
1201,江南大学,25,25,化学,30,0,617,13285,2024,物理,否
1201,江南大学,26,26,化学,30,0,620,5000,2024,物理,否
1201,江南大学,27,27,化学,30,0,608,14722,2024,物理,否
1201,江南大学,28,28,化学,30,0,608,14722,2024,物理,否
1203,无锡学院,02,02,不限,30,0,543,63781,2024,物理,否
1203,无锡学院,03,03,化学,30,0,537,74516,2024,物理,否
1203,无锡学院,04,04,化学,30,0,521,98453,2024,物理,否
1221,中国矿业大学,02,02,不限,30,0,602,15680,2024,物理,否
1221,中国矿业大学,03,03,化学,30,0,606,15041,2024,物理,否
1222,江苏师范大学,11,11,不限,30,0,545,62969,2024,物理,否
1222,江苏师范大学,12,12,不限,30,0,541,64593,2024,物理,否
1222,江苏师范大学,14,14,化学,30,0,548,61751,2024,物理,否
1222,江苏师范大学,16,16,思想政治,30,0,568,45258,2024,物理,否
1222,江苏师范大学,17,17,地理,30,0,569,44916,2024,物理,否
1223,徐州医科大学,04,04,不限,30,0,543,63781,2024,物理,否
1223,徐州医科大学,06,06,化学,30,0,534,75887,2024,物理,否
1223,徐州医科大学,07,07,化学,30,0,544,63375,2024,物理,否
1223,徐州医科大学,08,08,化学,30,0,584,29001,2024,物理,否
1223,徐州医科大学,09,09,化学,30,0,562,47314,2024,物理,否
1223,徐州医科大学,10,10,化学,30,0,553,59721,2024,物理,否
1224,徐州工程学院,02,02,不限,30,0,520,99003,2024,物理,否
1224,徐州工程学院,03,03,化学,30,0,506,106700,2024,物理,否
1242,常州大学,03,03,不限,30,0,549,61345,2024,物理,否
1242,常州大学,04,04,化学,30,0,564,46629,2024,物理,否
1242,常州大学,05,05,化学,30,0,565,46286,2024,物理,否
1242,常州大学,06,06,化学,30,0,553,59721,2024,物理,否
1242,常州大学,07,07,化学,30,0,543,63781,2024,物理,否
1242,常州大学,08,08,化学,30,0,559,57284,2024,物理,否
1242,常州大学,09,09,化学,30,0,536,74973,2024,物理,否
1242,常州大学,10,10,化学,30,0,545,62969,2024,物理,否
1242,常州大学,11,11,化学,30,0,549,61345,2024,物理,否
1243,常州工学院,07,07,不限,30,0,526,79543,2024,物理,否
1243,常州工学院,08,08,不限,30,0,522,97903,2024,物理,否
1243,常州工学院,09,09,化学,30,0,536,74973,2024,物理,否
1243,常州工学院,10,10,化学,30,0,513,102851,2024,物理,否
1244,江苏理工学院,05,05,不限,30,0,541,64593,2024,物理,否
1244,江苏理工学院,06,06,不限,30,0,530,77715,2024,物理,否
1244,江苏理工学院,09,09,化学,30,0,537,74516,2024,物理,否
1244,江苏理工学院,10,10,化学,30,0,516,101202,2024,物理,否
1261,苏州大学,13,13,化学,30,0,634,4130,2024,物理,否
1261,苏州大学,14,14,化学,30,0,634,4130,2024,物理,否
1261,苏州大学,15,15,化学,30,0,645,1377,2024,物理,否
1261,苏州大学,16,16,化学,30,0,632,4254,2024,物理,否
1261,苏州大学,17,17,化学,30,0,634,4130,2024,物理,否
1261,苏州大学,18,18,化学,30,0,633,4192,2024,物理,否
1261,苏州大学,19,19,化学,30,0,630,4378,2024,物理,否
1261,苏州大学,20,20,不限,30,0,617,13285,2024,物理,否
1261,苏州大学,21,21,不限,30,0,625,4689,2024,物理,否
1261,苏州大学,22,22,不限,30,0,600,16000,2024,物理,否
1261,苏州大学,23,23,不限,30,0,597,25754,2024,物理,否
1261,苏州大学,25,25,化学,30,0,620,5000,2024,物理,否
1261,苏州大学,26,26,化学,30,0,612,14083,2024,物理,否
1261,苏州大学,27,27,化学,30,0,606,15041,2024,物理,否
1261,苏州大学,28,28,化学,30,0,598,25504,2024,物理,否
1261,苏州大学,29,29,化学,30,0,621,4937,2024,物理,否
1261,苏州大学,30,30,化学,30,0,611,14243,2024,物理,否
1261,苏州大学,34,34,生物,30,0,601,15840,2024,物理,否
1262,苏州科技大学,07,07,不限,30,0,547,62157,2024,物理,否
1262,苏州科技大学,09,09,化学,30,0,541,64593,2024,物理,否
1262,苏州科技大学,11,11,思想政治,30,0,569,44916,2024,物理,否
1262,苏州科技大学,12,12,地理,30,0,557,58096,2024,物理,否
1263,常熟理工学院,04,04,不限,30,0,529,78172,2024,物理,否
1263,常熟理工学院,05,05,不限,30,0,541,64593,2024,物理,否
1263,常熟理工学院,06,06,化学,30,0,535,75430,2024,物理,否
1263,常熟理工学院,07,07,化学,30,0,511,103951,2024,物理,否
1263,常熟理工学院,08,08,化学,30,0,537,74516,2024,物理,否
1263,常熟理工学院,09,09,化学,30,0,514,102302,2024,物理,否
1267,苏州城市学院,04,04,不限,30,0,530,77715,2024,物理,否
1267,苏州城市学院,07,07,化学,30,0,529,78172,2024,物理,否
1301,南通大学,11,11,不限,30,0,556,58503,2024,物理,否
1301,南通大学,12,12,不限,30,0,556,58503,2024,物理,否
1301,南通大学,13,13,不限,30,0,557,58096,2024,物理,否
1301,南通大学,14,14,不限,30,0,548,61751,2024,物理,否
1301,南通大学,17,17,化学,30,0,550,60939,2024,物理,否
1301,南通大学,18,18,化学,30,0,558,57690,2024,物理,否
1301,南通大学,19,19,化学,30,0,573,43545,2024,物理,否
1301,南通大学,20,20,化学,30,0,562,47314,2024,物理,否
1301,南通大学,21,21,化学,30,0,575,42860,2024,物理,否
1301,南通大学,22,22,化学,30,0,577,42175,2024,物理,否
1301,南通大学,23,23,化学,30,0,544,63375,2024,物理,否
1301,南通大学,24,24,化学,30,0,545,62969,2024,物理,否
1301,南通大学,25,25,化学,30,0,600,16000,2024,物理,否
1301,南通大学,26,26,化学,30,0,577,42175,2024,物理,否
1301,南通大学,27,27,化学,30,0,550,60939,2024,物理,否
1301,南通大学,28,28,化学,30,0,551,60533,2024,物理,否
1301,南通大学,30,30,思想政治,30,0,563,46972,2024,物理,否
1301,南通大学,31,31,地理,30,0,558,57690,2024,物理,否
1321,江苏海洋大学,03,03,不限,30,0,541,64593,2024,物理,否
1321,江苏海洋大学,06,06,化学,30,0,516,101202,2024,物理,否
1321,江苏海洋大学,07,07,地理,30,0,548,61751,2024,物理,否
1341,淮阴师范学院,11,11,不限,30,0,518,100102,2024,物理,否
1341,淮阴师范学院,12,12,不限,30,0,514,102302,2024,物理,否
1341,淮阴师范学院,15,15,化学,30,0,505,107250,2024,物理,否
1341,淮阴师范学院,17,17,地理,30,0,527,79086,2024,物理,否
1342,淮阴工学院,03,03,不限,30,0,510,104501,2024,物理,否
1342,淮阴工学院,04,04,不限,30,0,512,103401,2024,物理,否
1342,淮阴工学院,05,05,不限,30,0,513,102851,2024,物理,否
1342,淮阴工学院,07,07,化学,30,0,522,97903,2024,物理,否
1342,淮阴工学院,08,08,化学,30,0,504,107800,2024,物理,否
1342,淮阴工学院,09,09,化学,30,0,506,106700,2024,物理,否
1361,盐城工学院,02,02,不限,30,0,516,101202,2024,物理,否
1361,盐城工学院,03,03,化学,30,0,499,137048,2024,物理,否
1362,盐城师范学院,10,10,不限,30,0,515,101752,2024,物理,否
1362,盐城师范学院,11,11,不限,30,0,523,97353,2024,物理,否
1362,盐城师范学院,13,13,化学,30,0,502,108900,2024,物理,否
1362,盐城师范学院,14,14,化学,30,0,499,137048,2024,物理,否
1362,盐城师范学院,15,15,化学,30,0,508,105601,2024,物理,否
1362,盐城师范学院,16,16,化学,30,0,521,98453,2024,物理,否
1362,盐城师范学院,17,17,思想政治,30,0,539,73602,2024,物理,否
1362,盐城师范学院,18,18,地理,30,0,524,96803,2024,物理,否
1381,扬州大学,19,19,不限,30,0,603,15520,2024,物理,否
1381,扬州大学,20,20,不限,30,0,586,28501,2024,物理,否
1381,扬州大学,21,21,不限,30,0,587,28251,2024,物理,否
1381,扬州大学,22,22,不限,30,0,558,57690,2024,物理,否
1381,扬州大学,23,23,不限,30,0,554,59315,2024,物理,否
1381,扬州大学,24,24,不限,30,0,561,47657,2024,物理,否
1381,扬州大学,25,25,不限,30,0,558,57690,2024,物理,否
1381,扬州大学,28,28,化学,30,0,585,28751,2024,物理,否
1381,扬州大学,29,29,化学,30,0,582,29500,2024,物理,否
1381,扬州大学,30,30,化学,30,0,578,41832,2024,物理,否
1381,扬州大学,31,31,化学,30,0,586,28501,2024,物理,否
1381,扬州大学,32,32,化学,30,0,583,29250,2024,物理,否
1381,扬州大学,33,33,化学,30,0,558,57690,2024,物理,否
1381,扬州大学,34,34,化学,30,0,559,57284,2024,物理,否
1381,扬州大学,35,35,化学,30,0,569,44916,2024,物理,否
1381,扬州大学,36,36,化学,30,0,562,47314,2024,物理,否
1381,扬州大学,37,37,化学,30,0,547,62157,2024,物理,否
1381,扬州大学,38,38,化学,30,0,546,62563,2024,物理,否
1381,扬州大学,39,39,化学,30,0,555,58909,2024,物理,否
1381,扬州大学,41,41,生物,30,0,555,58909,2024,物理,否
1401,江苏大学,15,15,不限,30,0,582,29500,2024,物理,否
1401,江苏大学,16,16,不限,30,0,579,41489,2024,物理,否
1401,江苏大学,19,19,化学,30,0,604,15361,2024,物理,否
1401,江苏大学,20,20,化学,30,0,594,26503,2024,物理,否
1401,江苏大学,21,21,化学,30,0,596,26004,2024,物理,否
1401,江苏大学,22,22,化学,30,0,594,26503,2024,物理,否
1401,江苏大学,23,23,化学,30,0,591,27252,2024,物理,否
1401,江苏大学,24,24,化学,30,0,583,29250,2024,物理,否
1401,江苏大学,25,25,化学,30,0,583,29250,2024,物理,否
1401,江苏大学,26,26,化学,30,0,570,44573,2024,物理,否
1401,江苏大学,27,27,化学,30,0,575,42860,2024,物理,否
1401,江苏大学,28,28,化学,30,0,569,44916,2024,物理,否
1401,江苏大学,29,29,化学,30,0,581,29750,2024,物理,否
1401,江苏大学,30,30,化学,30,0,577,42175,2024,物理,否
1421,泰州学院,05,05,不限,30,0,512,103401,2024,物理,否
1421,泰州学院,07,07,化学,30,0,502,108900,2024,物理,否
1426,宿迁学院,03,03,不限,30,0,510,104501,2024,物理,否
1426,宿迁学院,04,04,化学,30,0,496,139093,2024,物理,否
1426,宿迁学院,05,05,生物,30,0,508,105601,2024,物理,否
1426,宿迁学院,06,06,思想政治,30,0,528,78629,2024,物理,否
1802,东南大学成贤学院,03,03,不限,30,0,514,102302,2024,物理,否
1802,东南大学成贤学院,04,04,不限,30,0,508,105601,2024,物理,否
1802,东南大学成贤学院,05,05,不限,30,0,508,105601,2024,物理,否
1802,东南大学成贤学院,06,06,化学,30,0,515,101752,2024,物理,否
1802,东南大学成贤学院,07,07,化学,30,0,510,104501,2024,物理,否
1802,东南大学成贤学院,08,08,化学,30,0,506,106700,2024,物理,否
1802,东南大学成贤学院,09,09,化学,30,0,499,137048,2024,物理,否
1802,东南大学成贤学院,10,10,化学,30,0,482,148636,2024,物理,否
1802,东南大学成贤学院,11,11,化学,30,0,491,142501,2024,物理,否
1803,南京航空航天大学金城学院,06,06,不限,30,0,500,110000,2024,物理,否
1803,南京航空航天大学金城学院,07,07,不限,30,0,504,107800,2024,物理,否
1803,南京航空航天大学金城学院,08,08,不限,30,0,500,110000,2024,物理,否
1803,南京航空航天大学金城学院,09,09,化学,30,0,478,168723,2024,物理,否
1803,南京航空航天大学金城学院,10,10,化学,30,0,482,148636,2024,物理,否
1803,南京航空航天大学金城学院,11,11,化学,30,0,483,147954,2024,物理,否
1803,南京航空航天大学金城学院,12,12,化学,30,0,474,171762,2024,物理,否
1803,南京航空航天大学金城学院,13,13,思想政治,30,0,507,106151,2024,物理,否
1804,南京理工大学紫金学院,03,03,不限,30,0,509,105051,2024,物理,否
1804,南京理工大学紫金学院,04,04,不限,30,0,508,105601,2024,物理,否
1804,南京理工大学紫金学院,05,05,化学,30,0,505,107250,2024,物理,否
1804,南京理工大学紫金学院,06,06,化学,30,0,506,106700,2024,物理,否
1804,南京理工大学紫金学院,07,07,化学,30,0,497,138411,2024,物理,否
1804,南京理工大学紫金学院,08,08,化学,30,0,492,141819,2024,物理,否
1807,南京审计大学金审学院,02,02,不限,30,0,505,107250,2024,物理,否
1807,南京审计大学金审学院,03,03,化学,30,0,495,139774,2024,物理,否
1810,南京工业大学浦江学院,04,04,不限,30,0,502,108900,2024,物理,否
1810,南京工业大学浦江学院,05,05,不限,30,0,501,109450,2024,物理,否
1810,南京工业大学浦江学院,07,07,化学,30,0,491,142501,2024,物理,否
1810,南京工业大学浦江学院,08,08,化学,30,0,484,147273,2024,物理,否
1810,南京工业大学浦江学院,09,09,化学,30,0,476,170243,2024,物理,否
1816,南京财经大学红山学院,02,02,不限,30,0,497,138411,2024,物理,否
1826,中国矿业大学徐海学院,02,02,不限,30,0,500,110000,2024,物理,否
1826,中国矿业大学徐海学院,03,03,化学,30,0,471,174042,2024,物理,否
1827,江苏师范大学科文学院,06,06,不限,30,0,494,140456,2024,物理,否
1827,江苏师范大学科文学院,07,07,不限,30,0,490,143183,2024,物理,否
1827,江苏师范大学科文学院,08,08,不限,30,0,494,140456,2024,物理,否
1827,江苏师范大学科文学院,09,09,不限,30,0,495,139774,2024,物理,否
1827,江苏师范大学科文学院,10,10,化学,30,0,467,177082,2024,物理,否
1827,江苏师范大学科文学院,11,11,地理,30,0,498,137729,2024,物理,否
1834,苏州大学应用技术学院,02,02,不限,30,0,501,109450,2024,物理,否
1834,苏州大学应用技术学院,04,04,化学,30,0,479,167963,2024,物理,否
1835,苏州科技大学天平学院,03,03,不限,30,0,500,110000,2024,物理,否
1835,苏州科技大学天平学院,04,04,化学,30,0,470,174802,2024,物理,否
1837,江苏科技大学苏州理工学院,02,02,不限,30,0,501,109450,2024,物理,否
1837,江苏科技大学苏州理工学院,03,03,化学,30,0,475,171003,2024,物理,否
1838,南通大学杏林学院,03,03,不限,30,0,493,141138,2024,物理,否
1838,南通大学杏林学院,04,04,化学,30,0,464,179361,2024,物理,否
1844,扬州大学广陵学院,02,02,不限,30,0,501,109450,2024,物理,否
1844,扬州大学广陵学院,03,03,化学,30,0,462,180881,2024,物理,否
1844,扬州大学广陵学院,04,04,生物,30,0,497,138411,2024,物理,否
1845,江苏大学京江学院,03,03,不限,30,0,500,110000,2024,物理,否
1845,江苏大学京江学院,04,04,化学,30,0,462,180881,2024,物理,否
1845,江苏大学京江学院,05,05,生物,30,0,506,106700,2024,物理,否
1846,南京医科大学康达学院,04,04,不限,30,0,500,110000,2024,物理,否
1846,南京医科大学康达学院,05,05,化学,30,0,542,64187,2024,物理,否
1846,南京医科大学康达学院,06,06,化学,30,0,485,146591,2024,物理,否
1846,南京医科大学康达学院,07,07,生物,30,0,502,108900,2024,物理,否
1847,南京师范大学泰州学院,03,03,不限,30,0,501,109450,2024,物理,否
1847,南京师范大学泰州学院,04,04,化学,30,0,474,171762,2024,物理,否
1848,南京理工大学泰州科技学院,02,02,不限,30,0,504,107800,2024,物理,否
1848,南京理工大学泰州科技学院,03,03,不限,30,0,505,107250,2024,物理,否
1848,南京理工大学泰州科技学院,04,04,化学,30,0,475,171003,2024,物理,否
1850,南京邮电大学通达学院,02,02,化学,30,0,484,147273,2024,物理,否
1850,南京邮电大学通达学院,03,03,化学,30,0,482,148636,2024,物理,否
1850,南京邮电大学通达学院,04,04,不限,30,0,503,108350,2024,物理,否
1855,常州大学怀德学院,02,02,不限,30,0,494,140456,2024,物理,否
1855,常州大学怀德学院,03,03,化学,30,0,462,180881,2024,物理,否
1858,南京师范大学中北学院,03,03,不限,30,0,499,137048,2024,物理,否
1858,南京师范大学中北学院,04,04,不限,30,0,490,143183,2024,物理,否
1858,南京师范大学中北学院,05,05,化学,30,0,464,179361,2024,物理,否
1901,南京传媒学院,03,03,不限,30,0,491,142501,2024,物理,否
1901,南京传媒学院,05,05,化学,30,0,470,174802,2024,物理,否
1911,三江学院,02,02,不限,30,0,494,140456,2024,物理,否
1911,三江学院,03,03,化学,30,0,466,177841,2024,物理,否
1915,无锡太湖学院,03,03,不限,30,0,501,109450,2024,物理,否
1915,无锡太湖学院,05,05,化学,30,0,474,171762,2024,物理,否
1915,无锡太湖学院,07,07,生物,30,0,502,108900,2024,物理,否
1928,南通理工学院,02,02,不限,30,0,490,143183,2024,物理,否
1928,南通理工学院,03,03,化学,30,0,462,180881,2024,物理,否
2101,复旦大学,04,04,化学,30,0,689,68,2024,物理,否
2101,复旦大学,05,05,化学,30,0,676,252,2024,物理,否
2101,复旦大学,06,06,化学,30,0,672,289,2024,物理,否
2102,同济大学,04,04,化学,30,0,656,1108,2024,物理,否
2102,同济大学,06,06,化学,30,0,654,1157,2024,物理,否
2102,同济大学,07,07,化学,30,0,654,1157,2024,物理,否
2103,上海交通大学,03,03,化学,30,0,676,252,2024,物理,否
2103,上海交通大学,04,04,化学,30,0,690,65,2024,物理,否
2104,华东理工大学,02,02,不限,30,0,622,4875,2024,物理,否
2104,华东理工大学,03,03,化学,30,0,624,4751,2024,物理,否
2105,东华大学,02,02,不限,30,0,595,26253,2024,物理,否
2105,东华大学,03,03,化学,30,0,605,15201,2024,物理,否
2105,东华大学,04,04,化学,30,0,612,14083,2024,物理,否
2106,华东师范大学,04,04,不限,30,0,652,1206,2024,物理,否
2106,华东师范大学,05,05,化学,30,0,641,1475,2024,物理,否
2107,华东政法大学,02,02,不限,30,0,624,4751,2024,物理,否
2109,上海外国语大学,03,03,不限,30,0,610,14403,2024,物理,否
2109,上海外国语大学,04,04,化学,30,0,631,4316,2024,物理,否
2110,上海财经大学,02,02,不限,30,0,635,4068,2024,物理,否
2110,上海财经大学,03,03,化学,30,0,645,1377,2024,物理,否
2110,上海财经大学,04,04,化学,30,0,643,1426,2024,物理,否
2111,上海师范大学,03,03,不限,30,0,566,45944,2024,物理,否
2111,上海师范大学,04,04,化学,30,0,571,44230,2024,物理,否
2112,上海大学,04,04,不限,30,0,627,4565,2024,物理,否
2112,上海大学,05,05,化学,30,0,631,4316,2024,物理,否
2113,上海中医药大学,01,01,化学,30,0,627,4565,2024,物理,否
2114,上海对外经贸大学,04,04,不限,30,0,594,26503,2024,物理,否
2114,上海对外经贸大学,05,05,化学,30,0,600,16000,2024,物理,否
2115,上海理工大学,03,03,化学,30,0,601,15840,2024,物理,否
2116,上海海洋大学,03,03,化学,30,0,590,27502,2024,物理,否
2117,上海海事大学,03,03,不限,30,0,594,26503,2024,物理,否
2117,上海海事大学,04,04,化学,30,0,592,27003,2024,物理,否
2118,上海电力大学,02,02,化学,30,0,599,25254,2024,物理,否
2119,上海体育大学,05,05,不限,30,0,571,44230,2024,物理,否
2119,上海体育大学,06,06,化学,30,0,584,29001,2024,物理,否
2119,上海体育大学,07,07,化学,30,0,579,41489,2024,物理,否
2120,上海工程技术大学,02,02,不限,30,0,559,57284,2024,物理,否
2120,上海工程技术大学,03,03,化学,30,0,562,47314,2024,物理,否
2123,上海应用技术大学,01,01,不限,30,0,555,58909,2024,物理,否
2123,上海应用技术大学,02,02,不限,30,0,571,44230,2024,物理,否
2123,上海应用技术大学,03,03,化学,30,0,570,44573,2024,物理,否
2123,上海应用技术大学,04,04,化学,30,0,566,45944,2024,物理,否
2123,上海应用技术大学,05,05,化学,30,0,584,29001,2024,物理,否
2123,上海应用技术大学,06,06,化学,30,0,573,43545,2024,物理,否
2124,上海第二工业大学,02,02,不限,30,0,575,42860,2024,物理,否
2124,上海第二工业大学,03,03,化学,30,0,567,45601,2024,物理,否
2125,上海政法学院,04,04,不限,30,0,606,15041,2024,物理,否
2125,上海政法学院,05,05,不限,30,0,547,62157,2024,物理,否
2125,上海政法学院,06,06,不限,30,0,585,28751,2024,物理,否
2128,复旦大学医学院,02,02,化学,30,0,660,400,2024,物理,否
2135,上海健康医学院,01,01,不限,30,0,539,73602,2024,物理,否
2135,上海健康医学院,02,02,化学,30,0,538,74059,2024,物理,否
2135,上海健康医学院,03,03,化学,30,0,535,75430,2024,物理,否
2135,上海健康医学院,04,04,化学,30,0,540,65000,2024,物理,否
2136,上海电机学院,02,02,不限,30,0,554,59315,2024,物理,否
2136,上海电机学院,03,03,化学,30,0,569,44916,2024,物理,否
2137,上海立信会计金融学院,02,02,不限,30,0,551,60533,2024,物理,否
2137,上海立信会计金融学院,03,03,化学,30,0,564,46629,2024,物理,否
2139,上海交通大学医学院,01,01,化学,30,0,659,1034,2024,物理,否
2139,上海交通大学医学院,02,02,化学,30,0,673,279,2024,物理,否
2139,上海交通大学医学院,03,03,化学,30,0,688,72,2024,物理,否
2141,上海商学院,03,03,不限,30,0,547,62157,2024,物理,否
2141,上海商学院,05,05,化学,30,0,544,63375,2024,物理,否
2201,浙江大学,04,04,化学,30,0,677,242,2024,物理,否
2202,中国计量大学,01,01,不限,30,0,588,28002,2024,物理,否
2202,中国计量大学,02,02,化学,30,0,579,41489,2024,物理,否
2203,浙江理工大学,02,02,不限,30,0,558,57690,2024,物理,否
2203,浙江理工大学,03,03,化学,30,0,553,59721,2024,物理,否
2204,浙江工业大学,02,02,不限,30,0,588,28002,2024,物理,否
2204,浙江工业大学,03,03,化学,30,0,588,28002,2024,物理,否
2204,浙江工业大学,04,04,化学,30,0,597,25754,2024,物理,否
2205,中国美术学院,02,02,化学,30,0,616,13444,2024,物理,否
2206,浙江师范大学,03,03,不限,30,0,601,15840,2024,物理,否
2206,浙江师范大学,05,05,化学,30,0,589,27752,2024,物理,否
2207,浙江工商大学,02,02,不限,30,0,559,57284,2024,物理,否
2207,浙江工商大学,03,03,不限,30,0,574,43203,2024,物理,否
2207,浙江工商大学,04,04,化学,30,0,552,60127,2024,物理,否
2208,杭州电子科技大学,01,01,不限,30,0,572,43888,2024,物理,否
2208,杭州电子科技大学,02,02,化学,30,0,607,14882,2024,物理,否
2209,杭州师范大学,02,02,不限,30,0,556,58503,2024,物理,否
2209,杭州师范大学,04,04,化学,30,0,552,60127,2024,物理,否
2211,浙江传媒学院,04,04,不限,30,0,532,76801,2024,物理,否
2211,浙江传媒学院,06,06,不限,30,0,539,73602,2024,物理,否
2211,浙江传媒学院,07,07,化学,30,0,533,76344,2024,物理,否
2211,浙江传媒学院,08,08,化学,30,0,540,65000,2024,物理,否
2212,浙江科技大学,02,02,不限,30,0,554,59315,2024,物理,否
2212,浙江科技大学,05,05,化学,30,0,543,63781,2024,物理,否
2213,浙江财经大学,04,04,不限,30,0,558,57690,2024,物理,否
2213,浙江财经大学,05,05,化学,30,0,573,43545,2024,物理,否
2214,浙江农林大学,03,03,不限,30,0,555,58909,2024,物理,否
2214,浙江农林大学,05,05,化学,30,0,542,64187,2024,物理,否
2216,浙江中医药大学,03,03,化学,30,0,574,43203,2024,物理,否
2216,浙江中医药大学,04,04,化学,30,0,585,28751,2024,物理,否
2216,浙江中医药大学,05,05,化学,30,0,582,29500,2024,物理,否
2216,浙江中医药大学,06,06,化学,30,0,572,43888,2024,物理,否
2216,浙江中医药大学,07,07,化学,30,0,594,26503,2024,物理,否
2216,浙江中医药大学,08,08,化学,30,0,588,28002,2024,物理,否
2221,宁波大学,03,03,不限,30,0,582,29500,2024,物理,否
2221,宁波大学,04,04,化学,30,0,599,25254,2024,物理,否
2222,宁波工程学院,01,01,不限,30,0,528,78629,2024,物理,否
2222,宁波工程学院,02,02,不限,30,0,536,74973,2024,物理,否
2222,宁波工程学院,04,04,化学,30,0,524,96803,2024,物理,否
2223,绍兴文理学院,02,02,化学,30,0,512,103401,2024,物理,否
2228,温州大学,02,02,不限,30,0,561,47657,2024,物理,否
2228,温州大学,03,03,化学,30,0,549,61345,2024,物理,否
2231,嘉兴大学,02,02,化学,30,0,538,74059,2024,物理,否
2240,浙江外国语学院,04,04,不限,30,0,536,74973,2024,物理,否
2240,浙江外国语学院,05,05,化学,30,0,558,57690,2024,物理,否
2241,温州医科大学,01,01,化学,30,0,606,15041,2024,物理,否
2241,温州医科大学,02,02,化学,30,0,600,16000,2024,物理,否
2242,浙江大学医学院,01,01,化学,30,0,668,326,2024,物理,否
2249,浙大城市学院,03,03,不限,30,0,535,75430,2024,物理,否
2249,浙大城市学院,05,05,化学,30,0,541,64593,2024,物理,否
2250,浙大宁波理工学院,02,02,不限,30,0,538,74059,2024,物理,否
2250,浙大宁波理工学院,03,03,化学,30,0,529,78172,2024,物理,否
2251,浙江海洋大学,02,02,不限,30,0,559,57284,2024,物理,否
2251,浙江海洋大学,04,04,化学,30,0,536,74973,2024,物理,否
2251,浙江海洋大学,05,05,生物,30,0,565,46286,2024,物理,否
2261,湖州师范学院,02,02,不限,30,0,538,74059,2024,物理,否
2261,湖州师范学院,03,03,化学,30,0,536,74973,2024,物理,否
2261,湖州师范学院,04,04,化学,30,0,522,97903,2024,物理,否
2268,丽水学院,03,03,不限,30,0,523,97353,2024,物理,否
2268,丽水学院,04,04,化学,30,0,563,46972,2024,物理,否
2268,丽水学院,05,05,化学,30,0,509,105051,2024,物理,否
2272,浙江水利水电学院,01,01,不限,30,0,542,64187,2024,物理,否
2272,浙江水利水电学院,02,02,化学,30,0,535,75430,2024,物理,否
2272,浙江水利水电学院,03,03,地理,30,0,551,60533,2024,物理,否
2275,湖州学院,02,02,化学,30,0,526,79543,2024,物理,否
2276,温州理工学院,01,01,不限,30,0,528,78629,2024,物理,否
2276,温州理工学院,02,02,化学,30,0,520,99003,2024,物理,否
2277,嘉兴南湖学院,02,02,不限,30,0,532,76801,2024,物理,否
2277,嘉兴南湖学院,03,03,化学,30,0,512,103401,2024,物理,否
2301,中国科学技术大学,01,01,化学,30,0,674,270,2024,物理,否
2302,合肥工业大学,03,03,不限,30,0,601,15840,2024,物理,否
2302,合肥工业大学,04,04,化学,30,0,625,4689,2024,物理,否
2303,安徽大学,02,02,不限,30,0,595,26253,2024,物理,否
2303,安徽大学,03,03,化学,30,0,613,13923,2024,物理,否
2304,安徽医科大学,03,03,化学,30,0,580,30000,2024,物理,否
2305,安徽建筑大学,02,02,不限,30,0,543,63781,2024,物理,否
2305,安徽建筑大学,03,03,化学,30,0,531,77258,2024,物理,否
2305,安徽建筑大学,04,04,地理,30,0,555,58909,2024,物理,否
2306,安徽农业大学,02,02,化学,30,0,536,74973,2024,物理,否
2306,安徽农业大学,03,03,生物,30,0,555,58909,2024,物理,否
2307,安徽中医药大学,01,01,不限,30,0,546,62563,2024,物理,否
2307,安徽中医药大学,02,02,化学,30,0,549,61345,2024,物理,否
2308,安徽工程大学,01,01,化学,30,0,534,75887,2024,物理,否
2309,安徽师范大学,04,04,不限,30,0,551,60533,2024,物理,否
2309,安徽师范大学,05,05,化学,30,0,549,61345,2024,物理,否
2309,安徽师范大学,06,06,地理,30,0,588,28002,2024,物理,否
2310,安徽科技学院,01,01,不限,30,0,528,78629,2024,物理,否
2310,安徽科技学院,02,02,化学,30,0,506,106700,2024,物理,否
2310,安徽科技学院,03,03,地理,30,0,529,78172,2024,物理,否
2321,安徽财经大学,03,03,不限,30,0,577,42175,2024,物理,否
2321,安徽财经大学,04,04,不限,30,0,548,61751,2024,物理,否
2321,安徽财经大学,06,06,化学,30,0,556,58503,2024,物理,否
2327,合肥大学,02,02,不限,30,0,544,63375,2024,物理,否
2327,合肥大学,03,03,化学,30,0,548,61751,2024,物理,否
2331,阜阳师范大学,03,03,不限,30,0,534,75887,2024,物理,否
2332,蚌埠医科大学,02,02,化学,30,0,542,64187,2024,物理,否
2341,安徽理工大学,01,01,不限,30,0,545,62969,2024,物理,否
2341,安徽理工大学,02,02,不限,30,0,550,60939,2024,物理,否
2341,安徽理工大学,03,03,化学,30,0,546,62563,2024,物理,否
2342,宿州学院,03,03,化学,30,0,497,138411,2024,物理,否
2347,蚌埠学院,01,01,化学,30,0,534,75887,2024,物理,否
2348,池州学院,02,02,化学,30,0,510,104501,2024,物理,否
2349,皖南医学院,01,01,化学,30,0,544,63375,2024,物理,否
2351,淮北师范大学,04,04,不限,30,0,541,64593,2024,物理,否
2351,淮北师范大学,05,05,化学,30,0,543,63781,2024,物理,否
2351,淮北师范大学,06,06,化学和生物,30,0,523,97353,2024,物理,否
2356,铜陵学院,02,02,化学,30,0,494,140456,2024,物理,否
2361,安徽工业大学,02,02,不限,30,0,557,58096,2024,物理,否
2361,安徽工业大学,03,03,化学,30,0,553,59721,2024,物理,否
2362,淮南师范学院,02,02,不限,30,0,523,97353,2024,物理,否
2362,淮南师范学院,03,03,化学,30,0,516,101202,2024,物理,否
2362,淮南师范学院,04,04,生物,30,0,522,97903,2024,物理,否
2367,巢湖学院,02,02,不限,30,0,505,107250,2024,物理,否
2367,巢湖学院,03,03,不限,30,0,506,106700,2024,物理,否
2367,巢湖学院,04,04,化学,30,0,492,141819,2024,物理,否
2381,黄山学院,04,04,不限,30,0,508,105601,2024,物理,否
2381,黄山学院,05,05,化学,30,0,494,140456,2024,物理,否
2381,黄山学院,06,06,生物,30,0,512,103401,2024,物理,否
2383,合肥工业大学(宣城校区),03,03,化学,30,0,613,13923,2024,物理,否
2401,福州大学,02,02,不限,30,0,591,27252,2024,物理,否
2401,福州大学,03,03,化学,30,0,599,25254,2024,物理,否
2402,福建农林大学,03,03,化学,30,0,539,73602,2024,物理,否
2405,福建理工大学,01,01,化学,30,0,532,76801,2024,物理,否
2406,福建医科大学,01,01,不限,30,0,550,60939,2024,物理,否
2406,福建医科大学,02,02,化学,30,0,542,64187,2024,物理,否
2406,福建医科大学,03,03,化学和生物,30,0,539,73602,2024,物理,否
2407,福建中医药大学,01,01,化学,30,0,534,75887,2024,物理,否
2407,福建中医药大学,02,02,生物,30,0,584,29001,2024,物理,否
2408,龙岩学院,01,01,不限,30,0,512,103401,2024,物理,否
2408,龙岩学院,02,02,化学,30,0,496,139093,2024,物理,否
2409,闽江学院,01,01,不限,30,0,529,78172,2024,物理,否
2410,三明学院,02,02,不限,30,0,508,105601,2024,物理,否
2410,三明学院,03,03,化学,30,0,496,139093,2024,物理,否
2411,厦门大学,05,05,不限,30,0,644,1402,2024,物理,否
2411,厦门大学,06,06,不限,30,0,639,3819,2024,物理,否
2411,厦门大学,07,07,化学,30,0,646,1353,2024,物理,否
2412,集美大学,04,04,不限,30,0,562,47314,2024,物理,否
2412,集美大学,05,05,化学,30,0,554,59315,2024,物理,否
2412,集美大学,06,06,化学和生物,30,0,548,61751,2024,物理,否
2412,集美大学,07,07,地理,30,0,576,42517,2024,物理,否
2413,厦门理工学院,03,03,化学,30,0,539,73602,2024,物理,否
2421,莆田学院,03,03,化学,30,0,564,46629,2024,物理,否
2422,华侨大学,03,03,不限,30,0,550,60939,2024,物理,否
2422,华侨大学,04,04,化学,30,0,553,59721,2024,物理,否
2422,华侨大学,05,05,化学,30,0,552,60127,2024,物理,否
2437,武夷学院,02,02,不限,30,0,509,105051,2024,物理,否
2437,武夷学院,03,03,化学,30,0,501,109450,2024,物理,否
2442,宁德师范学院,01,01,化学,30,0,500,110000,2024,物理,否
2443,泉州师范学院,01,01,不限,30,0,526,79543,2024,物理,否
2443,泉州师范学院,02,02,化学,30,0,501,109450,2024,物理,否
2443,泉州师范学院,03,03,地理,30,0,540,65000,2024,物理,否
2448,闽南师范大学,02,02,不限,30,0,534,75887,2024,物理,否
2448,闽南师范大学,03,03,化学,30,0,518,100102,2024,物理,否
2448,闽南师范大学,04,04,生物,30,0,528,78629,2024,物理,否
2501,江西财经大学,05,05,不限,30,0,574,43203,2024,物理,否
2501,江西财经大学,06,06,不限,30,0,590,27502,2024,物理,否
2501,江西财经大学,07,07,不限,30,0,572,43888,2024,物理,否
2501,江西财经大学,08,08,不限,30,0,574,43203,2024,物理,否
2501,江西财经大学,10,10,化学,30,0,560,48000,2024,物理,否
2502,华东交通大学,03,03,不限,30,0,566,45944,2024,物理,否
2502,华东交通大学,04,04,不限,30,0,559,57284,2024,物理,否
2502,华东交通大学,06,06,不限,30,0,546,62563,2024,物理,否
2502,华东交通大学,07,07,化学,30,0,559,57284,2024,物理,否
2504,江西中医药大学,03,03,化学,30,0,540,65000,2024,物理,否
2504,江西中医药大学,04,04,生物,30,0,557,58096,2024,物理,否
2504,江西中医药大学,05,05,生物,30,0,581,29750,2024,物理,否
2505,南昌大学,02,02,不限,30,0,593,26753,2024,物理,否
2505,南昌大学,04,04,化学,30,0,593,26753,2024,物理,否
2505,南昌大学,05,05,化学和生物,30,0,621,4937,2024,物理,否
2506,南昌航空大学,02,02,不限,30,0,557,58096,2024,物理,否
2506,南昌航空大学,03,03,不限,30,0,553,59721,2024,物理,否
2506,南昌航空大学,04,04,化学,30,0,550,60939,2024,物理,否
2507,江西科技师范大学,03,03,不限,30,0,538,74059,2024,物理,否
2507,江西科技师范大学,04,04,化学,30,0,516,101202,2024,物理,否
2508,江西农业大学,02,02,不限,30,0,534,75887,2024,物理,否
2508,江西农业大学,03,03,化学,30,0,525,80000,2024,物理,否
2508,江西农业大学,04,04,地理,30,0,552,60127,2024,物理,否
2510,江西师范大学,05,05,不限,30,0,544,63375,2024,物理,否
2510,江西师范大学,06,06,化学,30,0,541,64593,2024,物理,否
2510,江西师范大学,07,07,地理,30,0,594,26503,2024,物理,否
2511,南昌工程学院,02,02,不限,30,0,531,77258,2024,物理,否
2511,南昌工程学院,04,04,化学,30,0,524,96803,2024,物理,否
2511,南昌工程学院,05,05,生物,30,0,530,77715,2024,物理,否
2512,江西警察学院,02,02,不限,30,0,540,65000,2024,物理,否
2512,江西警察学院,03,03,化学,30,0,528,78629,2024,物理,否
2521,江西理工大学,02,02,不限,30,0,543,63781,2024,物理,否
2521,江西理工大学,04,04,化学,30,0,534,75887,2024,物理,否
2522,赣南医科大学,01,01,不限,30,0,529,78172,2024,物理,否
2522,赣南医科大学,02,02,化学,30,0,558,57690,2024,物理,否
2522,赣南医科大学,03,03,生物,30,0,555,58909,2024,物理,否
2523,赣南师范大学,07,07,不限,30,0,534,75887,2024,物理,否
2523,赣南师范大学,08,08,不限,30,0,537,74516,2024,物理,否
2523,赣南师范大学,09,09,化学,30,0,514,102302,2024,物理,否
2523,赣南师范大学,10,10,化学,30,0,532,76801,2024,物理,否
2523,赣南师范大学,11,11,化学,30,0,532,76801,2024,物理,否
2523,赣南师范大学,12,12,地理,30,0,544,63375,2024,物理,否
2527,新余学院,02,02,化学,30,0,514,102302,2024,物理,否
2527,新余学院,03,03,化学,30,0,496,139093,2024,物理,否
2531,景德镇陶瓷大学,03,03,不限,30,0,534,75887,2024,物理,否
2531,景德镇陶瓷大学,04,04,不限,30,0,535,75430,2024,物理,否
2531,景德镇陶瓷大学,05,05,化学,30,0,527,79086,2024,物理,否
2531,景德镇陶瓷大学,06,06,化学,30,0,534,75887,2024,物理,否
2541,东华理工大学,02,02,化学,30,0,533,76344,2024,物理,否
2542,萍乡学院,02,02,化学,30,0,495,139774,2024,物理,否
2543,南昌师范学院,03,03,不限,30,0,509,105051,2024,物理,否
2543,南昌师范学院,04,04,化学,30,0,516,101202,2024,物理,否
2551,宜春学院,04,04,不限,30,0,510,104501,2024,物理,否
2551,宜春学院,05,05,化学,30,0,494,140456,2024,物理,否
2551,宜春学院,06,06,化学和生物,30,0,538,74059,2024,物理,否
2551,宜春学院,07,07,生物,30,0,545,62969,2024,物理,否
2561,九江学院,02,02,不限,30,0,509,105051,2024,物理,否
2561,九江学院,03,03,化学,30,0,495,139774,2024,物理,否
2571,上饶师范学院,03,03,不限,30,0,513,102851,2024,物理,否
2571,上饶师范学院,04,04,化学,30,0,496,139093,2024,物理,否
2571,上饶师范学院,05,05,生物,30,0,509,105051,2024,物理,否
2572,赣东学院,02,02,不限,30,0,510,104501,2024,物理,否
2572,赣东学院,03,03,不限,30,0,513,102851,2024,物理,否
2572,赣东学院,04,04,化学,30,0,494,140456,2024,物理,否
2573,赣南科技学院,02,02,不限,30,0,510,104501,2024,物理,否
2573,赣南科技学院,03,03,化学,30,0,494,140456,2024,物理,否
2574,南昌医学院,02,02,化学,30,0,558,57690,2024,物理,否
2574,南昌医学院,03,03,化学,30,0,585,28751,2024,物理,否
2574,南昌医学院,04,04,化学,30,0,583,29250,2024,物理,否
2574,南昌医学院,05,05,化学,30,0,578,41832,2024,物理,否
2574,南昌医学院,06,06,生物,30,0,553,59721,2024,物理,否
2574,南昌医学院,07,07,生物,30,0,572,43888,2024,物理,否
2581,井冈山大学,02,02,不限,30,0,528,78629,2024,物理,否
2581,井冈山大学,03,03,化学,30,0,517,100652,2024,物理,否
2596,景德镇学院,02,02,不限,30,0,527,79086,2024,物理,否
2596,景德镇学院,03,03,化学,30,0,519,99552,2024,物理,否
2601,山东大学,02,02,不限,30,0,637,3943,2024,物理,否
2601,山东大学,03,03,化学,30,0,638,3881,2024,物理,否
2601,山东大学,04,04,化学,30,0,645,1377,2024,物理,否
2601,山东大学,05,05,化学和生物,30,0,642,1451,2024,物理,否
2601,山东大学,06,06,生物,30,0,614,13764,2024,物理,否
2602,济南大学,03,03,不限,30,0,580,30000,2024,物理,否
2602,济南大学,04,04,化学,30,0,541,64593,2024,物理,否
2605,山东中医药大学,02,02,化学,30,0,555,58909,2024,物理,否
2605,山东中医药大学,03,03,化学,30,0,561,47657,2024,物理,否
2606,山东财经大学,02,02,不限,30,0,564,46629,2024,物理,否
2606,山东财经大学,03,03,不限,30,0,553,59721,2024,物理,否
2606,山东财经大学,04,04,化学,30,0,565,46286,2024,物理,否
2607,山东建筑大学,01,01,不限,30,0,551,60533,2024,物理,否
2607,山东建筑大学,03,03,化学,30,0,543,63781,2024,物理,否
2608,山东工艺美术学院,02,02,不限,30,0,507,106151,2024,物理,否
2608,山东工艺美术学院,03,03,不限,30,0,507,106151,2024,物理,否
2608,山东工艺美术学院,04,04,化学,30,0,512,103401,2024,物理,否
2609,山东交通学院,02,02,不限,30,0,531,77258,2024,物理,否
2609,山东交通学院,03,03,化学,30,0,515,101752,2024,物理,否
2610,齐鲁工业大学,02,02,化学,30,0,528,78629,2024,物理,否
2611,山东理工大学,02,02,不限,30,0,549,61345,2024,物理,否
2611,山东理工大学,03,03,化学,30,0,543,63781,2024,物理,否
2613,枣庄学院,01,01,化学,30,0,496,139093,2024,物理,否
2614,山东第二医科大学,01,01,不限,30,0,540,65000,2024,物理,否
2614,山东第二医科大学,02,02,化学,30,0,535,75430,2024,物理,否
2621,中国海洋大学,04,04,不限,30,0,621,4937,2024,物理,否
2621,中国海洋大学,10,10,化学,30,0,630,4378,2024,物理,否
2622,青岛理工大学,02,02,不限,30,0,559,57284,2024,物理,否
2622,青岛理工大学,03,03,不限,30,0,554,59315,2024,物理,否
2622,青岛理工大学,04,04,化学,30,0,556,58503,2024,物理,否
2623,青岛科技大学,01,01,化学,30,0,547,62157,2024,物理,否
2624,青岛大学,02,02,不限,30,0,579,41489,2024,物理,否
2624,青岛大学,03,03,化学,30,0,576,42517,2024,物理,否
2631,山东农业大学,02,02,化学,30,0,536,74973,2024,物理,否
2633,山东科技大学,01,01,不限,30,0,581,29750,2024,物理,否
2633,山东科技大学,03,03,化学,30,0,544,63375,2024,物理,否
2633,山东科技大学,05,05,地理,30,0,584,29001,2024,物理,否
2635,潍坊学院,03,03,不限,30,0,512,103401,2024,物理,否
2635,潍坊学院,04,04,化学,30,0,505,107250,2024,物理,否
2635,潍坊学院,05,05,化学和生物,30,0,494,140456,2024,物理,否
2641,中国石油大学(华东),02,02,不限,30,0,610,14403,2024,物理,否
2641,中国石油大学(华东),03,03,不限,30,0,588,28002,2024,物理,否
2641,中国石油大学(华东),04,04,化学,30,0,594,26503,2024,物理,否
2642,聊城大学,03,03,不限,30,0,541,64593,2024,物理,否
2642,聊城大学,04,04,化学,30,0,523,97353,2024,物理,否
2643,青岛农业大学,02,02,化学,30,0,519,99552,2024,物理,否
2645,临沂大学,02,02,不限,30,0,546,62563,2024,物理,否
2645,临沂大学,03,03,不限,30,0,552,60127,2024,物理,否
2645,临沂大学,04,04,化学,30,0,531,77258,2024,物理,否
2650,山东航空学院,02,02,不限,30,0,528,78629,2024,物理,否
2650,山东航空学院,03,03,化学,30,0,542,64187,2024,物理,否
2650,山东航空学院,04,04,化学,30,0,530,77715,2024,物理,否
2651,烟台大学,03,03,不限,30,0,542,64187,2024,物理,否
2651,烟台大学,05,05,化学,30,0,536,74973,2024,物理,否
2652,山东工商学院,03,03,不限,30,0,529,78172,2024,物理,否
2652,山东工商学院,04,04,不限,30,0,525,80000,2024,物理,否
2652,山东工商学院,05,05,化学,30,0,522,97903,2024,物理,否
2653,鲁东大学,02,02,不限,30,0,533,76344,2024,物理,否
2653,鲁东大学,03,03,化学,30,0,529,78172,2024,物理,否
2661,山东大学威海分校,03,03,不限,30,0,626,4627,2024,物理,否
2661,山东大学威海分校,04,04,化学,30,0,640,1500,2024,物理,否
2662,哈尔滨工业大学(威海),02,02,化学,30,0,652,1206,2024,物理,否
2662,哈尔滨工业大学(威海),04,04,化学,30,0,639,3819,2024,物理,否
2669,菏泽学院,02,02,不限,30,0,530,77715,2024,物理,否
2669,菏泽学院,03,03,化学,30,0,490,143183,2024,物理,否
2671,曲阜师范大学,02,02,不限,30,0,542,64187,2024,物理,否
2671,曲阜师范大学,03,03,化学,30,0,547,62157,2024,物理,否
2671,曲阜师范大学,04,04,地理,30,0,571,44230,2024,物理,否
2681,滨州医学院,01,01,化学,30,0,535,75430,2024,物理,否
2683,德州学院,02,02,化学,30,0,508,105601,2024,物理,否
2691,山东第一医科大学,02,02,化学,30,0,548,61751,2024,物理,否
2691,山东第一医科大学,03,03,化学,30,0,588,28002,2024,物理,否
2691,山东第一医科大学,04,04,化学,30,0,557,58096,2024,物理,否
2691,山东第一医科大学,05,05,化学,30,0,577,42175,2024,物理,否
2691,山东第一医科大学,06,06,化学,30,0,600,16000,2024,物理,否
2691,山东第一医科大学,07,07,化学,30,0,560,48000,2024,物理,否
2695,济宁医学院,01,01,化学,30,0,529,78172,2024,物理,否
2701,山东女子学院,02,02,不限,30,0,510,104501,2024,物理,否
2701,山东女子学院,03,03,化学,30,0,506,106700,2024,物理,否
2702,济宁学院,02,02,化学,30,0,521,98453,2024,物理,否
2706,泰山学院,01,01,化学,30,0,502,108900,2024,物理,否
2706,泰山学院,02,02,化学,30,0,526,79543,2024,物理,否
2706,泰山学院,03,03,化学,30,0,502,108900,2024,物理,否
2706,泰山学院,04,04,化学,30,0,505,107250,2024,物理,否
2706,泰山学院,05,05,化学,30,0,522,97903,2024,物理,否
2710,齐鲁师范学院,02,02,化学,30,0,523,97353,2024,物理,否
2711,山东师范大学,06,06,不限,30,0,548,61751,2024,物理,否
2711,山东师范大学,07,07,化学,30,0,555,58909,2024,物理,否
2711,山东师范大学,08,08,地理,30,0,590,27502,2024,物理,否
2713,山东青年政治学院,01,01,不限,30,0,523,97353,2024,物理,否
2713,山东青年政治学院,02,02,化学,30,0,523,97353,2024,物理,否
2721,康复大学,01,01,化学,30,0,566,45944,2024,物理,否
2755,山东石油化工学院,03,03,化学,30,0,528,78629,2024,物理,否
2755,山东石油化工学院,04,04,化学,30,0,519,99552,2024,物理,否
2755,山东石油化工学院,05,05,化学,30,0,508,105601,2024,物理,否
2755,山东石油化工学院,06,06,化学,30,0,518,100102,2024,物理,否
2755,山东石油化工学院,07,07,化学,30,0,517,100652,2024,物理,否
2755,山东石油化工学院,08,08,化学,30,0,513,102851,2024,物理,否
2755,山东石油化工学院,09,09,化学,30,0,516,101202,2024,物理,否
2755,山东石油化工学院,10,10,化学,30,0,521,98453,2024,物理,否
3101,北京大学,05,05,化学,30,0,692,58,2024,物理,否
3102,中国人民大学,04,04,不限,30,0,664,363,2024,物理,否
3102,中国人民大学,05,05,化学,30,0,669,316,2024,物理,否
3103,清华大学,04,04,不限,30,0,694,51,2024,物理,否
3103,清华大学,05,05,化学,30,0,690,65,2024,物理,否
3104,北京师范大学,05,05,不限,30,0,642,1451,2024,物理,否
3104,北京师范大学,06,06,化学,30,0,645,1377,2024,物理,否
3105,北京交通大学,02,02,不限,30,0,618,13125,2024,物理,否
3105,北京交通大学,03,03,化学,30,0,640,1500,2024,物理,否
3105,北京交通大学,04,04,化学,30,0,646,1353,2024,物理,否
3105,北京交通大学,05,05,化学,30,0,644,1402,2024,物理,否
3106,北京航空航天大学,02,02,化学,30,0,657,1083,2024,物理,否
3107,北京理工大学,02,02,化学,30,0,662,381,2024,物理,否
3107,北京理工大学,03,03,化学,30,0,658,1059,2024,物理,否
3108,北京科技大学,02,02,不限,30,0,632,4254,2024,物理,否
3108,北京科技大学,03,03,化学,30,0,635,4068,2024,物理,否
3108,北京科技大学,04,04,化学,30,0,635,4068,2024,物理,否
3109,北京化工大学,02,02,化学,30,0,613,13923,2024,物理,否
3109,北京化工大学,03,03,化学,30,0,614,13764,2024,物理,否
3110,中国农业大学,03,03,不限,30,0,637,3943,2024,物理,否
3110,中国农业大学,04,04,化学,30,0,638,3881,2024,物理,否
3111,中国地质大学(北京),01,01,不限,30,0,596,26004,2024,物理,否
3111,中国地质大学(北京),02,02,化学,30,0,594,26503,2024,物理,否
3112,中国政法大学,03,03,不限,30,0,617,13285,2024,物理,否
3113,北京邮电大学,01,01,化学,30,0,648,1304,2024,物理,否
3113,北京邮电大学,02,02,化学,30,0,656,1108,2024,物理,否
3114,北京林业大学,05,05,不限,30,0,597,25754,2024,物理,否
3114,北京林业大学,06,06,不限,30,0,592,27003,2024,物理,否
3114,北京林业大学,07,07,化学,30,0,594,26503,2024,物理,否
3114,北京林业大学,08,08,化学,30,0,594,26503,2024,物理,否
3114,北京林业大学,09,09,化学,30,0,594,26503,2024,物理,否
3114,北京林业大学,10,10,生物,30,0,598,25504,2024,物理,否
3114,北京林业大学,11,11,地理,30,0,613,13923,2024,物理,否
3115,北京大学医学部,02,02,不限,30,0,678,233,2024,物理,否
3115,北京大学医学部,03,03,化学,30,0,686,79,2024,物理,否
3115,北京大学医学部,04,04,化学,30,0,680,100,2024,物理,否
3116,北京外国语大学,05,05,不限,30,0,620,5000,2024,物理,否
3116,北京外国语大学,06,06,思想政治,30,0,628,4503,2024,物理,否
3117,北京语言大学,05,05,不限,30,0,575,42860,2024,物理,否
3117,北京语言大学,06,06,化学,30,0,542,64187,2024,物理,否
3117,北京语言大学,07,07,化学,30,0,588,28002,2024,物理,否
3117,北京语言大学,08,08,思想政治,30,0,583,29250,2024,物理,否
3118,中国石油大学(北京),03,03,不限,30,0,600,16000,2024,物理,否
3118,中国石油大学(北京),04,04,化学,30,0,606,15041,2024,物理,否
3119,对外经济贸易大学,03,03,不限,30,0,630,4378,2024,物理,否
3119,对外经济贸易大学,04,04,化学,30,0,634,4130,2024,物理,否
3120,中央财经大学,02,02,不限,30,0,632,4254,2024,物理,否
3121,北京中医药大学,02,02,不限,30,0,590,27502,2024,物理,否
3121,北京中医药大学,03,03,化学,30,0,593,26753,2024,物理,否
3122,中国矿业大学(北京),02,02,不限,30,0,589,27752,2024,物理,否
3122,中国矿业大学(北京),03,03,化学,30,0,594,26503,2024,物理,否
3123,中国传媒大学,06,06,不限,30,0,615,13604,2024,物理,否
3123,中国传媒大学,07,07,不限,30,0,615,13604,2024,物理,否
3123,中国传媒大学,09,09,化学,30,0,625,4689,2024,物理,否
3124,中央美术学院,03,03,不限,30,0,581,29750,2024,物理,否
3124,中央美术学院,05,05,化学,30,0,611,14243,2024,物理,否
3127,北京体育大学,05,05,不限,30,0,585,28751,2024,物理,否
3127,北京体育大学,06,06,不限,30,0,585,28751,2024,物理,否
3127,北京体育大学,07,07,不限,30,0,587,28251,2024,物理,否
3127,北京体育大学,09,09,化学,30,0,594,26503,2024,物理,否
3127,北京体育大学,10,10,化学,30,0,604,15361,2024,物理,否
3128,华北电力大学(北京),02,02,不限,30,0,602,15680,2024,物理,否
3128,华北电力大学(北京),03,03,化学,30,0,631,4316,2024,物理,否
3129,中央民族大学,02,02,不限,30,0,614,13764,2024,物理,否
3129,中央民族大学,03,03,化学,30,0,625,4689,2024,物理,否
3130,北京协和医学院,01,01,化学,30,0,596,26004,2024,物理,否
3132,北京第二外国语学院,02,02,不限,30,0,577,42175,2024,物理,否
3133,首都师范大学,02,02,不限,30,0,547,62157,2024,物理,否
3133,首都师范大学,03,03,化学,30,0,597,25754,2024,物理,否
3134,北京工业大学,01,01,化学,30,0,632,4254,2024,物理,否
3135,首都医科大学,01,01,化学,30,0,581,29750,2024,物理,否
3135,首都医科大学,02,02,化学,30,0,651,1230,2024,物理,否
3136,北京物资学院,02,02,不限,30,0,555,58909,2024,物理,否
3136,北京物资学院,03,03,化学,30,0,553,59721,2024,物理,否
3137,北京信息科技大学,01,01,不限,30,0,591,27252,2024,物理,否
3137,北京信息科技大学,02,02,化学,30,0,591,27252,2024,物理,否
3138,北京服装学院,01,01,化学,30,0,529,78172,2024,物理,否
3139,北京印刷学院,02,02,化学,30,0,539,73602,2024,物理,否
3141,北京石油化工学院,01,01,不限,30,0,549,61345,2024,物理,否
3141,北京石油化工学院,02,02,化学,30,0,535,75430,2024,物理,否
3142,北京工商大学,02,02,不限,30,0,569,44916,2024,物理,否
3142,北京工商大学,03,03,化学,30,0,550,60939,2024,物理,否
3144,北京联合大学,02,02,化学,30,0,561,47657,2024,物理,否
3145,北京建筑大学,01,01,不限,30,0,549,61345,2024,物理,否
3145,北京建筑大学,02,02,化学,30,0,571,44230,2024,物理,否
3148,北京电影学院,07,07,不限,30,0,609,14562,2024,物理,否
3148,北京电影学院,08,08,不限,30,0,573,43545,2024,物理,否
3148,北京电影学院,09,09,不限,30,0,590,27502,2024,物理,否
3148,北京电影学院,10,10,不限,30,0,549,61345,2024,物理,否
3148,北京电影学院,11,11,化学,30,0,614,13764,2024,物理,否
3153,华北科技学院,02,02,不限,30,0,514,102302,2024,物理,否
3153,华北科技学院,03,03,化学,30,0,508,105601,2024,物理,否
3153,华北科技学院,04,04,化学,30,0,513,102851,2024,物理,否
3154,首都经济贸易大学,02,02,不限,30,0,569,44916,2024,物理,否
3156,中国科学院大学,02,02,化学,30,0,674,270,2024,物理,否
3169,中国劳动关系学院,02,02,不限,30,0,539,73602,2024,物理,否
3169,中国劳动关系学院,03,03,化学,30,0,533,76344,2024,物理,否
3176,民政职业大学,02,02,不限,30,0,521,98453,2024,物理,否
3201,南开大学,03,03,不限,30,0,650,1255,2024,物理,否
3201,南开大学,04,04,化学,30,0,653,1181,2024,物理,否
3202,天津大学,01,01,化学,30,0,649,1279,2024,物理,否
3202,天津大学,02,02,化学,30,0,651,1230,2024,物理,否
3203,天津医科大学,01,01,化学,30,0,600,16000,2024,物理,否
3203,天津医科大学,02,02,化学和生物,30,0,632,4254,2024,物理,否
3203,天津医科大学,03,03,化学和生物,30,0,631,4316,2024,物理,否
3203,天津医科大学,04,04,化学和生物,30,0,639,3819,2024,物理,否
3203,天津医科大学,05,05,化学和生物,30,0,649,1279,2024,物理,否
3203,天津医科大学,06,06,化学和生物,30,0,599,25254,2024,物理,否
3204,天津师范大学,06,06,不限,30,0,546,62563,2024,物理,否
3204,天津师范大学,07,07,化学,30,0,545,62969,2024,物理,否
3204,天津师范大学,08,08,地理,30,0,568,45258,2024,物理,否
3205,中国民航大学,03,03,不限,30,0,574,43203,2024,物理,否
3205,中国民航大学,04,04,化学,30,0,578,41832,2024,物理,否
3206,天津工业大学,03,03,不限,30,0,583,29250,2024,物理,否
3206,天津工业大学,04,04,化学,30,0,588,28002,2024,物理,否
3206,天津工业大学,05,05,化学,30,0,576,42517,2024,物理,否
3207,天津商业大学,03,03,不限,30,0,542,64187,2024,物理,否
3207,天津商业大学,04,04,化学,30,0,531,77258,2024,物理,否
3208,天津科技大学,02,02,不限,30,0,552,60127,2024,物理,否
3208,天津科技大学,04,04,化学,30,0,534,75887,2024,物理,否
3208,天津科技大学,05,05,化学,30,0,571,44230,2024,物理,否
3209,天津财经大学,02,02,不限,30,0,560,48000,2024,物理,否
3209,天津财经大学,03,03,不限,30,0,558,57690,2024,物理,否
3209,天津财经大学,04,04,化学,30,0,565,46286,2024,物理,否
3210,天津城建大学,03,03,不限,30,0,540,65000,2024,物理,否
3210,天津城建大学,05,05,化学,30,0,529,78172,2024,物理,否
3210,天津城建大学,06,06,地理,30,0,547,62157,2024,物理,否
3211,天津外国语大学,04,04,不限,30,0,539,73602,2024,物理,否
3211,天津外国语大学,05,05,不限,30,0,540,65000,2024,物理,否
3211,天津外国语大学,06,06,化学,30,0,559,57284,2024,物理,否
3211,天津外国语大学,07,07,思想政治,30,0,542,64187,2024,物理,否
3212,天津中医药大学,03,03,化学,30,0,566,45944,2024,物理,否
3212,天津中医药大学,04,04,化学,30,0,567,45601,2024,物理,否
3212,天津中医药大学,05,05,化学,30,0,560,48000,2024,物理,否
3212,天津中医药大学,06,06,化学,30,0,587,28251,2024,物理,否
3212,天津中医药大学,08,08,化学,30,0,574,43203,2024,物理,否
3213,天津农学院,02,02,不限,30,0,530,77715,2024,物理,否
3213,天津农学院,03,03,不限,30,0,519,99552,2024,物理,否
3213,天津农学院,04,04,化学,30,0,517,100652,2024,物理,否
3213,天津农学院,05,05,化学,30,0,501,109450,2024,物理,否
3213,天津农学院,06,06,生物,30,0,518,100102,2024,物理,否
3214,天津理工大学,01,01,不限,30,0,540,65000,2024,物理,否
3214,天津理工大学,02,02,化学,30,0,545,62969,2024,物理,否
3217,天津体育学院,02,02,不限,30,0,511,103951,2024,物理,否
3218,天津职业技术师范大学,02,02,不限,30,0,544,63375,2024,物理,否
3218,天津职业技术师范大学,03,03,化学,30,0,538,74059,2024,物理,否
3301,石家庄铁道大学,02,02,不限,30,0,578,41832,2024,物理,否
3301,石家庄铁道大学,03,03,不限,30,0,548,61751,2024,物理,否
3301,石家庄铁道大学,04,04,化学,30,0,560,48000,2024,物理,否
3302,河北科技师范学院,02,02,不限,30,0,505,107250,2024,物理,否
3302,河北科技师范学院,03,03,不限,30,0,508,105601,2024,物理,否
3302,河北科技师范学院,04,04,化学,30,0,490,143183,2024,物理,否
3303,河北建筑工程学院,01,01,不限,30,0,523,97353,2024,物理,否
3303,河北建筑工程学院,02,02,化学,30,0,500,110000,2024,物理,否
3304,河北科技大学,02,02,化学,30,0,531,77258,2024,物理,否
3305,河北地质大学,02,02,不限,30,0,533,76344,2024,物理,否
3305,河北地质大学,03,03,化学,30,0,525,80000,2024,物理,否
3307,河北工业大学,02,02,不限,30,0,586,28501,2024,物理,否
3307,河北工业大学,03,03,化学,30,0,596,26004,2024,物理,否
3310,河北经贸大学,03,03,不限,30,0,532,76801,2024,物理,否
3310,河北经贸大学,04,04,不限,30,0,547,62157,2024,物理,否
3310,河北经贸大学,05,05,化学,30,0,537,74516,2024,物理,否
3311,华北电力大学(保定),02,02,不限,30,0,595,26253,2024,物理,否
3311,华北电力大学(保定),03,03,化学,30,0,603,15520,2024,物理,否
3312,河北大学,02,02,不限,30,0,532,76801,2024,物理,否
3312,河北大学,03,03,化学,30,0,563,46972,2024,物理,否
3313,河北医科大学,01,01,化学,30,0,555,58909,2024,物理,否
3313,河北医科大学,02,02,化学和生物,30,0,538,74059,2024,物理,否
3313,河北医科大学,03,03,生物,30,0,561,47657,2024,物理,否
3314,河北师范大学,02,02,不限,30,0,539,73602,2024,物理,否
3314,河北师范大学,03,03,化学,30,0,545,62969,2024,物理,否
3315,河北金融学院,02,02,不限,30,0,517,100652,2024,物理,否
3318,防灾科技学院,02,02,不限,30,0,526,79543,2024,物理,否
3318,防灾科技学院,03,03,化学,30,0,517,100652,2024,物理,否
3320,河北环境工程学院,02,02,不限,30,0,508,105601,2024,物理,否
3320,河北环境工程学院,03,03,化学,30,0,493,141138,2024,物理,否
3321,燕山大学,02,02,不限,30,0,559,57284,2024,物理,否
3321,燕山大学,03,03,化学,30,0,574,43203,2024,物理,否
3322,东北大学秦皇岛分校,02,02,不限,30,0,619,12965,2024,物理,否
3322,东北大学秦皇岛分校,03,03,化学,30,0,630,4378,2024,物理,否
3326,河北水利电力学院,01,01,不限,30,0,508,105601,2024,物理,否
3326,河北水利电力学院,02,02,化学,30,0,497,138411,2024,物理,否
3332,华北理工大学,02,02,不限,30,0,543,63781,2024,物理,否
3332,华北理工大学,03,03,化学,30,0,540,65000,2024,物理,否
3332,华北理工大学,04,04,化学,30,0,534,75887,2024,物理,否
3332,华北理工大学,05,05,化学和生物,30,0,580,30000,2024,物理,否
3333,衡水学院,03,03,不限,30,0,508,105601,2024,物理,否
3333,衡水学院,04,04,化学,30,0,494,140456,2024,物理,否
3333,衡水学院,06,06,生物,30,0,507,106151,2024,物理,否
3341,北华航天工业学院,02,02,不限,30,0,517,100652,2024,物理,否
3341,北华航天工业学院,03,03,化学,30,0,511,103951,2024,物理,否
3344,邯郸学院,02,02,化学,30,0,499,137048,2024,物理,否
3348,河北中医药大学,01,01,化学,30,0,546,62563,2024,物理,否
3348,河北中医药大学,02,02,生物,30,0,555,58909,2024,物理,否
3349,河北北方学院,01,01,化学,30,0,528,78629,2024,物理,否
3350,张家口学院,02,02,不限,30,0,508,105601,2024,物理,否
3351,河北工程大学,01,01,不限,30,0,534,75887,2024,物理,否
3351,河北工程大学,02,02,化学,30,0,556,58503,2024,物理,否
3351,河北工程大学,03,03,化学,30,0,529,78172,2024,物理,否
3353,承德医学院,01,01,化学,30,0,586,28501,2024,物理,否
3362,邢台学院,02,02,不限,30,0,508,105601,2024,物理,否
3362,邢台学院,03,03,化学,30,0,505,107250,2024,物理,否
3365,沧州师范学院,02,02,化学,30,0,503,108350,2024,物理,否
3378,河北石油职业技术大学,01,01,不限,30,0,515,101752,2024,物理,否
3379,河北科技工程职业技术大学,02,02,不限,30,0,518,100102,2024,物理,否
3380,河北工业职业技术大学,01,01,不限,30,0,519,99552,2024,物理,否
3380,河北工业职业技术大学,02,02,化学,30,0,494,140456,2024,物理,否
3401,山西大学,02,02,化学,30,0,589,27752,2024,物理,否
3402,中北大学,02,02,不限,30,0,544,63375,2024,物理,否
3402,中北大学,03,03,化学,30,0,566,45944,2024,物理,否
3403,山西财经大学,03,03,不限,30,0,550,60939,2024,物理,否
3403,山西财经大学,04,04,不限,30,0,540,65000,2024,物理,否
3403,山西财经大学,06,06,化学,30,0,546,62563,2024,物理,否
3404,太原科技大学,02,02,不限,30,0,548,61751,2024,物理,否
3404,太原科技大学,03,03,化学,30,0,535,75430,2024,物理,否
3405,太原理工大学,02,02,不限,30,0,593,26753,2024,物理,否
3405,太原理工大学,03,03,化学,30,0,595,26253,2024,物理,否
3406,太原工业学院,02,02,不限,30,0,509,105051,2024,物理,否
3406,太原工业学院,03,03,化学,30,0,496,139093,2024,物理,否
3407,山西医科大学,01,01,化学和生物,30,0,581,29750,2024,物理,否
3407,山西医科大学,02,02,生物,30,0,558,57690,2024,物理,否
3408,山西中医药大学,02,02,化学,30,0,533,76344,2024,物理,否
3408,山西中医药大学,03,03,生物,30,0,565,46286,2024,物理,否
3410,山西农业大学,04,04,不限,30,0,535,75430,2024,物理,否
3410,山西农业大学,05,05,化学,30,0,515,101752,2024,物理,否
3410,山西农业大学,06,06,化学和生物,30,0,506,106700,2024,物理,否
3410,山西农业大学,07,07,化学和生物,30,0,507,106151,2024,物理,否
3412,山西传媒学院,02,02,不限,30,0,504,107800,2024,物理,否
3412,山西传媒学院,03,03,化学,30,0,498,137729,2024,物理,否
3413,忻州师范学院,01,01,不限,30,0,508,105601,2024,物理,否
3413,忻州师范学院,02,02,化学,30,0,491,142501,2024,物理,否
3413,忻州师范学院,03,03,地理,30,0,507,106151,2024,物理,否
3415,山西师范大学,04,04,不限,30,0,541,64593,2024,物理,否
3415,山西师范大学,05,05,化学,30,0,464,179361,2024,物理,否
3415,山西师范大学,06,06,地理,30,0,550,60939,2024,物理,否
3416,太原师范学院,06,06,化学,30,0,514,102302,2024,物理,否
3416,太原师范学院,07,07,化学,30,0,514,102302,2024,物理,否
3416,太原师范学院,08,08,化学,30,0,526,79543,2024,物理,否
3416,太原师范学院,09,09,地理,30,0,513,102851,2024,物理,否
3417,山西大同大学,03,03,化学和生物,30,0,570,44573,2024,物理,否
3418,运城学院,03,03,不限,30,0,506,106700,2024,物理,否
3418,运城学院,04,04,化学,30,0,493,141138,2024,物理,否
3418,运城学院,05,05,生物,30,0,506,106700,2024,物理,否
3429,山西工程科技职业大学,02,02,不限,30,0,508,105601,2024,物理,否
3431,吕梁学院,05,05,不限,30,0,508,105601,2024,物理,否
3431,吕梁学院,06,06,化学,30,0,484,147273,2024,物理,否
3431,吕梁学院,07,07,生物,30,0,506,106700,2024,物理,否
3431,吕梁学院,08,08,地理,30,0,507,106151,2024,物理,否
3432,晋中学院,02,02,不限,30,0,506,106700,2024,物理,否
3432,晋中学院,03,03,化学,30,0,491,142501,2024,物理,否
3433,山西工程技术学院,02,02,不限,30,0,509,105051,2024,物理,否
3433,山西工程技术学院,03,03,化学,30,0,492,141819,2024,物理,否
3433,山西工程技术学院,04,04,地理,30,0,512,103401,2024,物理,否
3434,山西科技学院,02,02,不限,30,0,516,101202,2024,物理,否
3434,山西科技学院,03,03,化学,30,0,517,100652,2024,物理,否
3439,山西工学院,01,01,化学,30,0,508,105601,2024,物理,否
3501,内蒙古大学,01,01,不限,30,0,576,42517,2024,物理,否
3501,内蒙古大学,02,02,化学,30,0,580,30000,2024,物理,否
3503,内蒙古农业大学,01,01,化学,30,0,504,107800,2024,物理,否
3503,内蒙古农业大学,02,02,生物,30,0,512,103401,2024,物理,否
3504,内蒙古工业大学,01,01,不限,30,0,520,99003,2024,物理,否
3504,内蒙古工业大学,02,02,不限,30,0,509,105051,2024,物理,否
3504,内蒙古工业大学,03,03,化学,30,0,510,104501,2024,物理,否
3504,内蒙古工业大学,04,04,化学,30,0,541,64593,2024,物理,否
3506,内蒙古民族大学,02,02,不限,30,0,515,101752,2024,物理,否
3506,内蒙古民族大学,03,03,化学,30,0,497,138411,2024,物理,否
3506,内蒙古民族大学,04,04,化学和生物,30,0,495,139774,2024,物理,否
3506,内蒙古民族大学,05,05,生物,30,0,512,103401,2024,物理,否
3507,内蒙古财经大学,02,02,不限,30,0,523,97353,2024,物理,否
3511,内蒙古科技大学,03,03,不限,30,0,513,102851,2024,物理,否
3511,内蒙古科技大学,04,04,化学,30,0,491,142501,2024,物理,否
3511,内蒙古科技大学,05,05,化学和生物,30,0,511,103951,2024,物理,否
3515,赤峰学院,01,01,化学,30,0,497,138411,2024,物理,否
3515,赤峰学院,02,02,化学和生物,30,0,501,109450,2024,物理,否
3516,内蒙古医科大学,01,01,化学和生物,30,0,532,76801,2024,物理,否
4101,东北大学,02,02,不限,30,0,617,13285,2024,物理,否
4101,东北大学,03,03,化学,30,0,639,3819,2024,物理,否
4102,辽宁大学,10,10,不限,30,0,598,25504,2024,物理,否
4102,辽宁大学,11,11,化学,30,0,583,29250,2024,物理,否
4102,辽宁大学,12,12,化学,30,0,596,26004,2024,物理,否
4103,中国医科大学,02,02,化学,30,0,583,29250,2024,物理,否
4104,沈阳药科大学,02,02,化学,30,0,519,99552,2024,物理,否
4104,沈阳药科大学,03,03,化学,30,0,576,42517,2024,物理,否
4105,沈阳农业大学,02,02,化学,30,0,528,78629,2024,物理,否
4107,沈阳化工大学,01,01,不限,30,0,539,73602,2024,物理,否
4107,沈阳化工大学,02,02,化学,30,0,522,97903,2024,物理,否
4108,沈阳工业大学,02,02,不限,30,0,529,78172,2024,物理,否
4108,沈阳工业大学,03,03,不限,30,0,543,63781,2024,物理,否
4108,沈阳工业大学,05,05,化学,30,0,535,75430,2024,物理,否
4109,沈阳理工大学,02,02,不限,30,0,549,61345,2024,物理,否
4109,沈阳理工大学,05,05,化学,30,0,552,60127,2024,物理,否
4110,沈阳航空航天大学,01,01,化学,30,0,562,47314,2024,物理,否
4111,沈阳建筑大学,01,01,不限,30,0,535,75430,2024,物理,否
4111,沈阳建筑大学,02,02,不限,30,0,526,79543,2024,物理,否
4111,沈阳建筑大学,04,04,化学,30,0,540,65000,2024,物理,否
4112,鞍山师范学院,02,02,不限,30,0,505,107250,2024,物理,否
4113,沈阳医学院,02,02,化学,30,0,539,73602,2024,物理,否
4113,沈阳医学院,03,03,化学,30,0,553,59721,2024,物理,否
4113,沈阳医学院,04,04,化学,30,0,562,47314,2024,物理,否
4113,沈阳医学院,05,05,生物,30,0,563,46972,2024,物理,否
4114,辽宁中医药大学,03,03,不限,30,0,538,74059,2024,物理,否
4114,辽宁中医药大学,04,04,不限,30,0,527,79086,2024,物理,否
4114,辽宁中医药大学,05,05,化学,30,0,567,45601,2024,物理,否
4114,辽宁中医药大学,06,06,化学,30,0,572,43888,2024,物理,否
4114,辽宁中医药大学,07,07,化学,30,0,532,76801,2024,物理,否
4114,辽宁中医药大学,08,08,化学,30,0,541,64593,2024,物理,否
4114,辽宁中医药大学,09,09,化学,30,0,520,99003,2024,物理,否
4114,辽宁中医药大学,10,10,化学,30,0,534,75887,2024,物理,否
4114,辽宁中医药大学,11,11,化学,30,0,563,46972,2024,物理,否
4115,辽宁工业大学,01,01,化学,30,0,528,78629,2024,物理,否
4116,沈阳体育学院,01,01,不限,30,0,507,106151,2024,物理,否
4117,沈阳师范大学,03,03,不限,30,0,534,75887,2024,物理,否
4117,沈阳师范大学,04,04,不限,30,0,528,78629,2024,物理,否
4117,沈阳师范大学,05,05,化学,30,0,514,102302,2024,物理,否
4117,沈阳师范大学,06,06,化学,30,0,552,60127,2024,物理,否
4120,沈阳大学,02,02,不限,30,0,538,74059,2024,物理,否
4120,沈阳大学,04,04,化学,30,0,520,99003,2024,物理,否
4120,沈阳大学,06,06,生物,30,0,529,78172,2024,物理,否
4122,沈阳工程学院,01,01,化学,30,0,557,58096,2024,物理,否
4131,大连理工大学,03,03,化学,30,0,648,1304,2024,物理,否
4132,大连海事大学,04,04,不限,30,0,587,28251,2024,物理,否
4132,大连海事大学,07,07,化学,30,0,608,14722,2024,物理,否
4133,东北财经大学,06,06,不限,30,0,588,28002,2024,物理,否
4134,大连医科大学,01,01,化学,30,0,619,12965,2024,物理,否
4134,大连医科大学,02,02,化学,30,0,628,4503,2024,物理,否
4135,大连外国语大学,04,04,不限,30,0,536,74973,2024,物理,否
4135,大连外国语大学,05,05,不限,30,0,550,60939,2024,物理,否
4135,大连外国语大学,06,06,不限,30,0,567,45601,2024,物理,否
4135,大连外国语大学,07,07,化学,30,0,555,58909,2024,物理,否
4135,大连外国语大学,08,08,思想政治,30,0,556,58503,2024,物理,否
4136,大连大学,02,02,不限,30,0,536,74973,2024,物理,否
4136,大连大学,03,03,化学,30,0,533,76344,2024,物理,否
4137,大连海洋大学,01,01,化学,30,0,525,80000,2024,物理,否
4137,大连海洋大学,02,02,化学,30,0,529,78172,2024,物理,否
4138,大连工业大学,01,01,不限,30,0,538,74059,2024,物理,否
4138,大连工业大学,02,02,化学,30,0,531,77258,2024,物理,否
4138,大连工业大学,03,03,化学,30,0,526,79543,2024,物理,否
4138,大连工业大学,04,04,化学,30,0,558,57690,2024,物理,否
4138,大连工业大学,05,05,化学,30,0,538,74059,2024,物理,否
4138,大连工业大学,06,06,化学,30,0,533,76344,2024,物理,否
4139,大连交通大学,02,02,不限,30,0,560,48000,2024,物理,否
4139,大连交通大学,03,03,化学,30,0,553,59721,2024,物理,否
4140,大连民族大学,02,02,不限,30,0,537,74516,2024,物理,否
4140,大连民族大学,03,03,化学,30,0,540,65000,2024,物理,否
4141,锦州医科大学,01,01,化学,30,0,535,75430,2024,物理,否
4141,锦州医科大学,02,02,化学,30,0,578,41832,2024,物理,否
4152,渤海大学,03,03,不限,30,0,528,78629,2024,物理,否
4152,渤海大学,04,04,化学,30,0,545,62969,2024,物理,否
4152,渤海大学,05,05,化学,30,0,516,101202,2024,物理,否
4161,辽宁工程技术大学,01,01,不限,30,0,544,63375,2024,物理,否
4161,辽宁工程技术大学,02,02,化学,30,0,540,65000,2024,物理,否
4162,大连理工大学(盘锦校区),01,01,不限,30,0,631,4316,2024,物理,否
4162,大连理工大学(盘锦校区),03,03,化学,30,0,635,4068,2024,物理,否
4171,辽宁科技大学,02,02,化学,30,0,534,75887,2024,物理,否
4181,辽宁石油化工大学,01,01,化学,30,0,531,77258,2024,物理,否
4192,辽宁科技学院,01,01,化学,30,0,496,139093,2024,物理,否
4201,吉林大学,05,05,不限,30,0,647,1328,2024,物理,否
4201,吉林大学,06,06,不限,30,0,626,4627,2024,物理,否
4201,吉林大学,07,07,化学,30,0,640,1500,2024,物理,否
4201,吉林大学,08,08,化学,30,0,644,1402,2024,物理,否
4201,吉林大学,10,10,化学,30,0,634,4130,2024,物理,否
4201,吉林大学,11,11,化学,30,0,649,1279,2024,物理,否
4202,东北师范大学,06,06,化学,30,0,594,26503,2024,物理,否
4203,吉林农业大学,01,01,不限,30,0,535,75430,2024,物理,否
4203,吉林农业大学,02,02,化学,30,0,515,101752,2024,物理,否
4203,吉林农业大学,05,05,化学和生物,30,0,503,108350,2024,物理,否
4204,长春大学,04,04,不限,30,0,546,62563,2024,物理,否
4204,长春大学,05,05,不限,30,0,541,64593,2024,物理,否
4204,长春大学,06,06,化学,30,0,535,75430,2024,物理,否
4204,长春大学,10,10,化学,30,0,534,75887,2024,物理,否
4204,长春大学,11,11,化学,30,0,550,60939,2024,物理,否
4204,长春大学,12,12,化学,30,0,538,74059,2024,物理,否
4205,长春工业大学,01,01,不限,30,0,542,64187,2024,物理,否
4205,长春工业大学,02,02,化学,30,0,522,97903,2024,物理,否
4206,吉林财经大学,04,04,不限,30,0,551,60533,2024,物理,否
4206,吉林财经大学,05,05,化学,30,0,545,62969,2024,物理,否
4207,长春师范大学,03,03,化学,30,0,526,79543,2024,物理,否
4208,长春理工大学,01,01,不限,30,0,545,62969,2024,物理,否
4208,长春理工大学,03,03,化学,30,0,561,47657,2024,物理,否
4208,长春理工大学,04,04,化学和生物,30,0,559,57284,2024,物理,否
4209,长春工程学院,02,02,不限,30,0,508,105601,2024,物理,否
4209,长春工程学院,04,04,化学,30,0,487,145228,2024,物理,否
4210,吉林建筑大学,03,03,不限,30,0,521,98453,2024,物理,否
4210,吉林建筑大学,05,05,化学,30,0,501,109450,2024,物理,否
4212,吉林工程技术师范学院,02,02,化学,30,0,480,150000,2024,物理,否
4214,长春中医药大学,01,01,化学,30,0,560,48000,2024,物理,否
4215,吉林师范大学,05,05,不限,30,0,527,79086,2024,物理,否
4215,吉林师范大学,06,06,化学,30,0,524,96803,2024,物理,否
4220,吉林警察学院,02,02,不限,30,0,523,97353,2024,物理,否
4220,吉林警察学院,03,03,化学,30,0,511,103951,2024,物理,否
4222,长春汽车职业技术大学,01,01,不限,30,0,515,101752,2024,物理,否
4225,吉林农业科技学院,02,02,不限,30,0,507,106151,2024,物理,否
4225,吉林农业科技学院,03,03,化学,30,0,507,106151,2024,物理,否
4225,吉林农业科技学院,04,04,化学,30,0,516,101202,2024,物理,否
4228,吉林医药学院,02,02,不限,30,0,514,102302,2024,物理,否
4228,吉林医药学院,03,03,化学,30,0,516,101202,2024,物理,否
4228,吉林医药学院,04,04,化学和生物,30,0,544,63375,2024,物理,否
4231,东北电力大学,02,02,不限,30,0,534,75887,2024,物理,否
4231,东北电力大学,03,03,不限,30,0,555,58909,2024,物理,否
4231,东北电力大学,04,04,化学,30,0,546,62563,2024,物理,否
4231,东北电力大学,05,05,化学,30,0,579,41489,2024,物理,否
4231,东北电力大学,06,06,化学,30,0,603,15520,2024,物理,否
4232,北华大学,03,03,不限,30,0,524,96803,2024,物理,否
4232,北华大学,04,04,化学,30,0,516,101202,2024,物理,否
4232,北华大学,05,05,化学和生物,30,0,572,43888,2024,物理,否
4233,通化师范学院,02,02,不限,30,0,507,106151,2024,物理,否
4233,通化师范学院,04,04,化学,30,0,492,141819,2024,物理,否
4233,通化师范学院,05,05,地理,30,0,516,101202,2024,物理,否
4235,吉林化工学院,01,01,不限,30,0,510,104501,2024,物理,否
4235,吉林化工学院,02,02,化学,30,0,491,142501,2024,物理,否
4237,吉林工商学院,02,02,不限,30,0,509,105051,2024,物理,否
4237,吉林工商学院,03,03,化学,30,0,493,141138,2024,物理,否
4241,白城师范学院,05,05,不限,30,0,506,106700,2024,物理,否
4241,白城师范学院,06,06,化学,30,0,488,144546,2024,物理,否
4241,白城师范学院,07,07,地理,30,0,513,102851,2024,物理,否
4301,哈尔滨工业大学,06,06,化学,30,0,665,353,2024,物理,否
4302,哈尔滨工程大学,03,03,化学,30,0,641,1475,2024,物理,否
4302,哈尔滨工程大学,04,04,化学,30,0,639,3819,2024,物理,否
4302,哈尔滨工程大学,07,07,化学,30,0,640,1500,2024,物理,否
4302,哈尔滨工程大学,08,08,化学,30,0,634,4130,2024,物理,否
4303,东北林业大学,02,02,不限,30,0,585,28751,2024,物理,否
4303,东北林业大学,04,04,化学,30,0,591,27252,2024,物理,否
4304,东北农业大学,02,02,不限,30,0,587,28251,2024,物理,否
4304,东北农业大学,03,03,化学,30,0,590,27502,2024,物理,否
4305,黑龙江中医药大学,01,01,化学,30,0,538,74059,2024,物理,否
4305,黑龙江中医药大学,02,02,生物,30,0,582,29500,2024,物理,否
4306,黑龙江工程学院,02,02,不限,30,0,509,105051,2024,物理,否
4306,黑龙江工程学院,03,03,化学,30,0,500,110000,2024,物理,否
4306,黑龙江工程学院,04,04,地理,30,0,523,97353,2024,物理,否
4307,哈尔滨商业大学,02,02,不限,30,0,528,78629,2024,物理,否
4307,哈尔滨商业大学,03,03,化学,30,0,516,101202,2024,物理,否
4308,哈尔滨理工大学,01,01,不限,30,0,546,62563,2024,物理,否
4308,哈尔滨理工大学,02,02,化学,30,0,564,46629,2024,物理,否
4308,哈尔滨理工大学,03,03,化学,30,0,579,41489,2024,物理,否
4308,哈尔滨理工大学,04,04,化学,30,0,542,64187,2024,物理,否
4308,哈尔滨理工大学,05,05,化学,30,0,562,47314,2024,物理,否
4308,哈尔滨理工大学,06,06,化学,30,0,573,43545,2024,物理,否
4309,哈尔滨医科大学,02,02,化学,30,0,540,65000,2024,物理,否
4309,哈尔滨医科大学,03,03,化学,30,0,595,26253,2024,物理,否
4309,哈尔滨医科大学,04,04,化学和生物,30,0,568,45258,2024,物理,否
4309,哈尔滨医科大学,05,05,化学和生物,30,0,559,57284,2024,物理,否
4309,哈尔滨医科大学,06,06,化学和生物,30,0,607,14882,2024,物理,否
4309,哈尔滨医科大学,07,07,生物,30,0,567,45601,2024,物理,否
4309,哈尔滨医科大学,08,08,生物,30,0,576,42517,2024,物理,否
4310,黑龙江科技大学,03,03,不限,30,0,531,77258,2024,物理,否
4310,黑龙江科技大学,04,04,化学,30,0,524,96803,2024,物理,否
4311,黑龙江大学,06,06,不限,30,0,556,58503,2024,物理,否
4311,黑龙江大学,07,07,化学,30,0,544,63375,2024,物理,否
4312,哈尔滨师范大学,03,03,不限,30,0,537,74516,2024,物理,否
4312,哈尔滨师范大学,04,04,不限,30,0,526,79543,2024,物理,否
4312,哈尔滨师范大学,05,05,化学,30,0,541,64593,2024,物理,否
4312,哈尔滨师范大学,06,06,化学,30,0,501,109450,2024,物理,否
4312,哈尔滨师范大学,07,07,地理,30,0,540,65000,2024,物理,否
4314,牡丹江师范学院,02,02,化学,30,0,491,142501,2024,物理,否
4314,牡丹江师范学院,03,03,生物,30,0,508,105601,2024,物理,否
4315,哈尔滨金融学院,02,02,不限,30,0,514,102302,2024,物理,否
4315,哈尔滨金融学院,03,03,不限,30,0,514,102302,2024,物理,否
4315,哈尔滨金融学院,04,04,化学,30,0,513,102851,2024,物理,否
4321,东北石油大学,01,01,不限,30,0,539,73602,2024,物理,否
4321,东北石油大学,02,02,化学,30,0,536,74973,2024,物理,否
4323,哈尔滨学院,03,03,不限,30,0,509,105051,2024,物理,否
4323,哈尔滨学院,04,04,化学,30,0,491,142501,2024,物理,否
4323,哈尔滨学院,05,05,地理,30,0,522,97903,2024,物理,否
4324,大庆师范学院,02,02,化学,30,0,489,143864,2024,物理,否
4331,齐齐哈尔医学院,01,01,化学,30,0,537,74516,2024,物理,否
4331,齐齐哈尔医学院,02,02,化学和生物,30,0,548,61751,2024,物理,否
4331,齐齐哈尔医学院,03,03,化学和生物,30,0,543,63781,2024,物理,否
4332,齐齐哈尔大学,02,02,化学,30,0,499,137048,2024,物理,否
4332,齐齐哈尔大学,03,03,生物,30,0,516,101202,2024,物理,否
4341,黑龙江工业学院,01,01,化学,30,0,489,143864,2024,物理,否
4351,佳木斯大学,01,01,化学,30,0,510,104501,2024,物理,否
4351,佳木斯大学,02,02,化学和生物,30,0,509,105051,2024,物理,否
4351,佳木斯大学,03,03,化学和生物,30,0,571,44230,2024,物理,否
4351,佳木斯大学,04,04,化学和生物,30,0,574,43203,2024,物理,否
4352,黑龙江八一农垦大学,01,01,不限,30,0,518,100102,2024,物理,否
4352,黑龙江八一农垦大学,02,02,化学,30,0,519,99552,2024,物理,否
4352,黑龙江八一农垦大学,03,03,化学,30,0,511,103951,2024,物理,否
4352,黑龙江八一农垦大学,04,04,化学,30,0,496,139093,2024,物理,否
4371,延边大学,02,02,不限,30,0,577,42175,2024,物理,否
4371,延边大学,03,03,化学,30,0,585,28751,2024,物理,否
4381,牡丹江医科大学,01,01,化学,30,0,551,60533,2024,物理,否
4381,牡丹江医科大学,02,02,化学,30,0,520,99003,2024,物理,否
4381,牡丹江医科大学,03,03,化学和生物,30,0,566,45944,2024,物理,否
4381,牡丹江医科大学,04,04,化学和生物,30,0,514,102302,2024,物理,否
5101,郑州大学,02,02,不限,30,0,594,26503,2024,物理,否
5101,郑州大学,03,03,化学,30,0,603,15520,2024,物理,否
5102,华北水利水电大学,01,01,化学,30,0,549,61345,2024,物理,否
5103,中原工学院,01,01,不限,30,0,517,100652,2024,物理,否
5103,中原工学院,02,02,化学,30,0,493,141138,2024,物理,否
5103,中原工学院,03,03,化学,30,0,493,141138,2024,物理,否
5103,中原工学院,04,04,化学和生物,30,0,486,145909,2024,物理,否
5104,河南工业大学,02,02,不限,30,0,540,65000,2024,物理,否
5104,河南工业大学,03,03,化学,30,0,530,77715,2024,物理,否
5105,郑州航空工业管理学院,02,02,不限,30,0,516,101202,2024,物理,否
5105,郑州航空工业管理学院,04,04,化学,30,0,520,99003,2024,物理,否
5106,郑州轻工业大学,03,03,化学,30,0,526,79543,2024,物理,否
5110,河南科技学院,02,02,不限,30,0,511,103951,2024,物理,否
5110,河南科技学院,03,03,化学,30,0,504,107800,2024,物理,否
5114,河南中医药大学,03,03,不限,30,0,544,63375,2024,物理,否
5114,河南中医药大学,04,04,化学,30,0,564,46629,2024,物理,否
5114,河南中医药大学,05,05,生物,30,0,557,58096,2024,物理,否
5117,河南农业大学,02,02,不限,30,0,542,64187,2024,物理,否
5117,河南农业大学,04,04,化学,30,0,533,76344,2024,物理,否
5117,河南农业大学,05,05,化学,30,0,556,58503,2024,物理,否
5118,信阳师范大学,03,03,不限,30,0,526,79543,2024,物理,否
5119,河南财经政法大学,02,02,不限,30,0,554,59315,2024,物理,否
5119,河南财经政法大学,03,03,化学,30,0,553,59721,2024,物理,否
5119,河南财经政法大学,04,04,化学,30,0,556,58503,2024,物理,否
5122,河南工程学院,03,03,不限,30,0,521,98453,2024,物理,否
5122,河南工程学院,04,04,不限,30,0,510,104501,2024,物理,否
5122,河南工程学院,05,05,化学,30,0,496,139093,2024,物理,否
5122,河南工程学院,06,06,化学和地理,30,0,516,101202,2024,物理,否
5125,周口师范学院,03,03,化学,30,0,492,141819,2024,物理,否
5125,周口师范学院,04,04,生物,30,0,512,103401,2024,物理,否
5131,洛阳理工学院,02,02,化学,30,0,496,139093,2024,物理,否
5132,河南科技大学,03,03,不限,30,0,554,59315,2024,物理,否
5132,河南科技大学,04,04,化学,30,0,538,74059,2024,物理,否
5132,河南科技大学,06,06,化学,30,0,540,65000,2024,物理,否
5133,洛阳师范学院,03,03,化学,30,0,463,180121,2024,物理,否
5134,平顶山学院,03,03,不限,30,0,511,103951,2024,物理,否
5134,平顶山学院,04,04,化学,30,0,507,106151,2024,物理,否
5141,河南大学,04,04,不限,30,0,586,28501,2024,物理,否
5141,河南大学,05,05,化学,30,0,582,29500,2024,物理,否
5141,河南大学,06,06,化学,30,0,589,27752,2024,物理,否
5141,河南大学,07,07,地理,30,0,593,26753,2024,物理,否
5151,河南理工大学,02,02,不限,30,0,544,63375,2024,物理,否
5151,河南理工大学,03,03,化学,30,0,535,75430,2024,物理,否
5153,河南师范大学,03,03,化学,30,0,509,105051,2024,物理,否
5161,安阳工学院,04,04,化学,30,0,494,140456,2024,物理,否
5161,安阳工学院,05,05,化学,30,0,496,139093,2024,物理,否
5161,安阳工学院,06,06,化学,30,0,490,143183,2024,物理,否
5162,安阳师范学院,03,03,化学,30,0,489,143864,2024,物理,否
5171,河南工学院,01,01,不限,30,0,507,106151,2024,物理,否
5171,河南工学院,02,02,化学,30,0,514,102302,2024,物理,否
5172,郑州工程技术学院,02,02,不限,30,0,511,103951,2024,物理,否
5172,郑州工程技术学院,03,03,化学,30,0,494,140456,2024,物理,否
5173,新乡学院,04,04,化学,30,0,492,141819,2024,物理,否
5174,许昌学院,02,02,不限,30,0,511,103951,2024,物理,否
5174,许昌学院,03,03,化学,30,0,505,107250,2024,物理,否
5174,许昌学院,04,04,地理,30,0,528,78629,2024,物理,否
5181,南阳师范学院,06,06,不限,30,0,507,106151,2024,物理,否
5181,南阳师范学院,07,07,不限,30,0,511,103951,2024,物理,否
5181,南阳师范学院,09,09,化学,30,0,492,141819,2024,物理,否
5181,南阳师范学院,10,10,地理,30,0,520,99003,2024,物理,否
5182,南阳理工学院,05,05,不限,30,0,512,103401,2024,物理,否
5182,南阳理工学院,06,06,不限,30,0,513,102851,2024,物理,否
5182,南阳理工学院,07,07,不限,30,0,506,106700,2024,物理,否
5182,南阳理工学院,08,08,不限,30,0,521,98453,2024,物理,否
5182,南阳理工学院,09,09,不限,30,0,510,104501,2024,物理,否
5182,南阳理工学院,10,10,化学,30,0,508,105601,2024,物理,否
5182,南阳理工学院,11,11,化学,30,0,516,101202,2024,物理,否
5182,南阳理工学院,12,12,化学,30,0,509,105051,2024,物理,否
5182,南阳理工学院,14,14,化学,30,0,503,108350,2024,物理,否
5182,南阳理工学院,15,15,化学,30,0,497,138411,2024,物理,否
5182,南阳理工学院,16,16,化学,30,0,492,141819,2024,物理,否
5191,黄淮学院,02,02,不限,30,0,507,106151,2024,物理,否
5191,黄淮学院,03,03,化学,30,0,494,140456,2024,物理,否
5191,黄淮学院,05,05,生物,30,0,507,106151,2024,物理,否
5192,新乡医学院,01,01,化学,30,0,574,43203,2024,物理,否
5193,河南城建学院,02,02,不限,30,0,507,106151,2024,物理,否
5193,河南城建学院,03,03,化学,30,0,490,143183,2024,物理,否
5193,河南城建学院,04,04,化学,30,0,493,141138,2024,物理,否
5198,商丘师范学院,04,04,不限,30,0,509,105051,2024,物理,否
5198,商丘师范学院,05,05,化学,30,0,494,140456,2024,物理,否
5201,武汉大学,04,04,不限,30,0,650,1255,2024,物理,否
5201,武汉大学,05,05,化学,30,0,645,1377,2024,物理,否
5201,武汉大学,06,06,化学,30,0,657,1083,2024,物理,否
5201,武汉大学,07,07,化学,30,0,652,1206,2024,物理,否
5201,武汉大学,09,09,化学,30,0,654,1157,2024,物理,否
5202,华中科技大学,02,02,化学,30,0,652,1206,2024,物理,否
5202,华中科技大学,03,03,化学,30,0,644,1402,2024,物理,否
5202,华中科技大学,04,04,化学,30,0,653,1181,2024,物理,否
5203,华中师范大学,03,03,不限,30,0,593,26753,2024,物理,否
5203,华中师范大学,04,04,化学,30,0,609,14562,2024,物理,否
5203,华中师范大学,05,05,地理,30,0,618,13125,2024,物理,否
5204,华中农业大学,02,02,不限,30,0,590,27502,2024,物理,否
5204,华中农业大学,03,03,化学,30,0,593,26753,2024,物理,否
5204,华中农业大学,04,04,生物,30,0,600,16000,2024,物理,否
5204,华中农业大学,05,05,地理,30,0,613,13923,2024,物理,否
5205,中国地质大学(武汉),03,03,不限,30,0,588,28002,2024,物理,否
5205,中国地质大学(武汉),04,04,化学,30,0,596,26004,2024,物理,否
5206,中南财经政法大学,06,06,不限,30,0,595,26253,2024,物理,否
5206,中南财经政法大学,07,07,化学,30,0,606,15041,2024,物理,否
5207,武汉理工大学,04,04,化学,30,0,640,1500,2024,物理,否
5207,武汉理工大学,05,05,化学,30,0,640,1500,2024,物理,否
5207,武汉理工大学,06,06,化学,30,0,616,13444,2024,物理,否
5208,中南民族大学,03,03,不限,30,0,541,64593,2024,物理,否
5208,中南民族大学,04,04,化学,30,0,567,45601,2024,物理,否
5208,中南民族大学,05,05,化学,30,0,538,74059,2024,物理,否
5209,湖北大学,03,03,不限,30,0,516,101202,2024,物理,否
5209,湖北大学,04,04,化学,30,0,579,41489,2024,物理,否
5211,湖北中医药大学,03,03,不限,30,0,547,62157,2024,物理,否
5211,湖北中医药大学,04,04,化学,30,0,529,78172,2024,物理,否
5212,武汉纺织大学,02,02,化学,30,0,531,77258,2024,物理,否
5213,武汉体育学院,02,02,不限,30,0,522,97903,2024,物理,否
5213,武汉体育学院,03,03,化学,30,0,546,62563,2024,物理,否
5215,武汉工程大学,03,03,化学,30,0,567,45601,2024,物理,否
5216,武汉轻工大学,02,02,化学,30,0,542,64187,2024,物理,否
5217,武汉科技大学,01,01,化学,30,0,585,28751,2024,物理,否
5218,江汉大学,01,01,化学,30,0,566,45944,2024,物理,否
5219,湖北工业大学,01,01,不限,30,0,521,98453,2024,物理,否
5219,湖北工业大学,03,03,化学,30,0,581,29750,2024,物理,否
5220,湖北第二师范学院,03,03,不限,30,0,518,100102,2024,物理,否
5221,湖北经济学院,03,03,不限,30,0,529,78172,2024,物理,否
5221,湖北经济学院,04,04,化学,30,0,531,77258,2024,物理,否
5225,汉江师范学院,03,03,化学,30,0,521,98453,2024,物理,否
5243,长江大学,03,03,不限,30,0,542,64187,2024,物理,否
5243,长江大学,05,05,化学,30,0,539,73602,2024,物理,否
5251,三峡大学,02,02,不限,30,0,555,58909,2024,物理,否
5251,三峡大学,03,03,化学,30,0,546,62563,2024,物理,否
5255,湖北汽车工业学院,01,01,不限,30,0,522,97903,2024,物理,否
5255,湖北汽车工业学院,03,03,化学,30,0,516,101202,2024,物理,否
5256,湖北医药学院,01,01,化学,30,0,539,73602,2024,物理,否
5261,湖北师范大学,03,03,化学,30,0,533,76344,2024,物理,否
5265,湖北理工学院,02,02,不限,30,0,518,100102,2024,物理,否
5265,湖北理工学院,03,03,化学,30,0,509,105051,2024,物理,否
5271,湖北警官学院,02,02,不限,30,0,549,61345,2024,物理,否
5271,湖北警官学院,03,03,化学,30,0,527,79086,2024,物理,否
5285,荆楚理工学院,02,02,化学,30,0,513,102851,2024,物理,否
5287,湖北科技学院,03,03,化学,30,0,466,177841,2024,物理,否
5290,湖北文理学院,03,03,化学,30,0,515,101752,2024,物理,否
5295,湖北工程学院,02,02,不限,30,0,515,101752,2024,物理,否
5295,湖北工程学院,03,03,化学,30,0,497,138411,2024,物理,否
5301,湖南大学,03,03,不限,30,0,629,4440,2024,物理,否
5301,湖南大学,05,05,化学,30,0,639,3819,2024,物理,否
5302,中南大学,03,03,化学,30,0,640,1500,2024,物理,否
5302,中南大学,04,04,化学和生物,30,0,637,3943,2024,物理,否
5302,中南大学,05,05,化学和生物,30,0,663,372,2024,物理,否
5303,湖南师范大学,04,04,不限,30,0,591,27252,2024,物理,否
5303,湖南师范大学,05,05,化学,30,0,599,25254,2024,物理,否
5303,湖南师范大学,06,06,地理,30,0,597,25754,2024,物理,否
5304,湖南中医药大学,01,01,不限,30,0,542,64187,2024,物理,否
5304,湖南中医药大学,02,02,化学,30,0,566,45944,2024,物理,否
5305,湖南农业大学,02,02,不限,30,0,538,74059,2024,物理,否
5305,湖南农业大学,03,03,化学,30,0,529,78172,2024,物理,否
5306,湖南工商大学,03,03,不限,30,0,539,73602,2024,物理,否
5306,湖南工商大学,04,04,化学,30,0,540,65000,2024,物理,否
5306,湖南工商大学,05,05,地理,30,0,537,74516,2024,物理,否
5307,长沙理工大学,02,02,不限,30,0,575,42860,2024,物理,否
5307,长沙理工大学,03,03,化学,30,0,575,42860,2024,物理,否
5308,长沙学院,04,04,不限,30,0,520,99003,2024,物理,否
5308,长沙学院,05,05,化学,30,0,509,105051,2024,物理,否
5308,长沙学院,06,06,化学和生物,30,0,513,102851,2024,物理,否
5308,长沙学院,07,07,思想政治,30,0,524,96803,2024,物理,否
5310,湖南人文科技学院,05,05,不限,30,0,508,105601,2024,物理,否
5310,湖南人文科技学院,06,06,化学,30,0,492,141819,2024,物理,否
5320,湖南财政经济学院,02,02,不限,30,0,525,80000,2024,物理,否
5320,湖南财政经济学院,03,03,化学,30,0,529,78172,2024,物理,否
5321,湖南科技大学,03,03,不限,30,0,541,64593,2024,物理,否
5321,湖南科技大学,04,04,化学,30,0,534,75887,2024,物理,否
5321,湖南科技大学,05,05,思想政治,30,0,552,60127,2024,物理,否
5321,湖南科技大学,06,06,地理,30,0,556,58503,2024,物理,否
5322,湖南工程学院,02,02,不限,30,0,510,104501,2024,物理,否
5322,湖南工程学院,03,03,化学,30,0,502,108900,2024,物理,否
5323,湘潭大学,02,02,不限,30,0,577,42175,2024,物理,否
5323,湘潭大学,04,04,化学,30,0,585,28751,2024,物理,否
5327,湖南工学院,02,02,不限,30,0,513,102851,2024,物理,否
5327,湖南工学院,03,03,化学,30,0,500,110000,2024,物理,否
5331,中南林业科技大学,02,02,不限,30,0,543,63781,2024,物理,否
5331,中南林业科技大学,03,03,化学,30,0,531,77258,2024,物理,否
5332,湖南工业大学,03,03,不限,30,0,539,73602,2024,物理,否
5332,湖南工业大学,04,04,不限,30,0,539,73602,2024,物理,否
5332,湖南工业大学,05,05,化学,30,0,528,78629,2024,物理,否
5332,湖南工业大学,06,06,化学,30,0,527,79086,2024,物理,否
5341,南华大学,02,02,不限,30,0,537,74516,2024,物理,否
5341,南华大学,03,03,化学,30,0,541,64593,2024,物理,否
5342,衡阳师范学院,03,03,不限,30,0,507,106151,2024,物理,否
5342,衡阳师范学院,04,04,化学,30,0,493,141138,2024,物理,否
5342,衡阳师范学院,05,05,地理,30,0,531,77258,2024,物理,否
5343,湖南文理学院,04,04,化学,30,0,497,138411,2024,物理,否
5348,湖南医药学院,01,01,化学,30,0,529,78172,2024,物理,否
5348,湖南医药学院,02,02,化学,30,0,534,75887,2024,物理,否
5348,湖南医药学院,03,03,化学,30,0,582,29500,2024,物理,否
5349,湖南第一师范学院,01,01,化学,30,0,524,96803,2024,物理,否
5351,湖南理工学院,02,02,不限,30,0,523,97353,2024,物理,否
5351,湖南理工学院,03,03,不限,30,0,504,107800,2024,物理,否
5351,湖南理工学院,05,05,化学,30,0,520,99003,2024,物理,否
5355,湖南城市学院,02,02,不限,30,0,509,105051,2024,物理,否
5355,湖南城市学院,03,03,化学,30,0,494,140456,2024,物理,否
5361,吉首大学,02,02,化学,30,0,532,76801,2024,物理,否
5371,邵阳学院,02,02,化学,30,0,516,101202,2024,物理,否
5380,长沙师范学院,02,02,不限,30,0,515,101752,2024,物理,否
5380,长沙师范学院,03,03,化学,30,0,503,108350,2024,物理,否
5381,湘南学院,02,02,不限,30,0,510,104501,2024,物理,否
5381,湘南学院,03,03,化学,30,0,533,76344,2024,物理,否
5381,湘南学院,04,04,化学,30,0,496,139093,2024,物理,否
5385,怀化学院,05,05,化学,30,0,510,104501,2024,物理,否
5385,怀化学院,06,06,化学,30,0,508,105601,2024,物理,否
5385,怀化学院,07,07,化学,30,0,506,106700,2024,物理,否
5385,怀化学院,08,08,化学,30,0,494,140456,2024,物理,否
5385,怀化学院,09,09,化学,30,0,512,103401,2024,物理,否
5385,怀化学院,10,10,化学,30,0,491,142501,2024,物理,否
5385,怀化学院,11,11,化学,30,0,515,101752,2024,物理,否
5391,湖南科技学院,03,03,化学,30,0,491,142501,2024,物理,否
5393,湖南女子学院,02,02,不限,30,0,507,106151,2024,物理,否
5393,湖南女子学院,03,03,化学,30,0,498,137729,2024,物理,否
5401,中山大学,03,03,不限,30,0,646,1353,2024,物理,否
5401,中山大学,04,04,化学,30,0,647,1328,2024,物理,否
5401,中山大学,05,05,化学,30,0,651,1230,2024,物理,否
5402,华南理工大学,03,03,化学,30,0,642,1451,2024,物理,否
5402,华南理工大学,04,04,化学,30,0,652,1206,2024,物理,否
5403,华南农业大学,01,01,不限,30,0,584,29001,2024,物理,否
5403,华南农业大学,02,02,化学,30,0,589,27752,2024,物理,否
5403,华南农业大学,03,03,生物,30,0,589,27752,2024,物理,否
5404,广东外语外贸大学,03,03,不限,30,0,555,58909,2024,物理,否
5404,广东外语外贸大学,04,04,化学,30,0,564,46629,2024,物理,否
5405,广东医科大学,02,02,化学,30,0,583,29250,2024,物理,否
5406,广东药科大学,01,01,化学,30,0,558,57690,2024,物理,否
5407,暨南大学,02,02,不限,30,0,588,28002,2024,物理,否
5407,暨南大学,03,03,化学,30,0,598,25504,2024,物理,否
5407,暨南大学,04,04,化学,30,0,627,4565,2024,物理,否
5408,广州美术学院,01,01,不限,30,0,571,44230,2024,物理,否
5408,广州美术学院,02,02,化学,30,0,601,15840,2024,物理,否
5412,广东金融学院,02,02,不限,30,0,558,57690,2024,物理,否
5412,广东金融学院,03,03,化学,30,0,561,47657,2024,物理,否
5413,华南师范大学,02,02,化学,30,0,610,14403,2024,物理,否
5414,广东财经大学,02,02,不限,30,0,556,58503,2024,物理,否
5418,哈尔滨工业大学(深圳),02,02,化学,30,0,661,390,2024,物理,否
5419,广州大学,02,02,不限,30,0,568,45258,2024,物理,否
5419,广州大学,03,03,化学,30,0,572,43888,2024,物理,否
5420,广州中医药大学,02,02,化学,30,0,575,42860,2024,物理,否
5421,汕头大学,02,02,不限,30,0,564,46629,2024,物理,否
5421,汕头大学,03,03,化学,30,0,592,27003,2024,物理,否
5421,汕头大学,04,04,化学,30,0,560,48000,2024,物理,否
5422,南方医科大学,02,02,不限,30,0,522,97903,2024,物理,否
5422,南方医科大学,03,03,化学,30,0,569,44916,2024,物理,否
5431,广东海洋大学,01,01,不限,30,0,542,64187,2024,物理,否
5431,广东海洋大学,02,02,化学,30,0,520,99003,2024,物理,否
5431,广东海洋大学,03,03,化学,30,0,536,74973,2024,物理,否
5431,广东海洋大学,04,04,化学,30,0,538,74059,2024,物理,否
5431,广东海洋大学,05,05,化学,30,0,533,76344,2024,物理,否
5431,广东海洋大学,07,07,化学和生物,30,0,534,75887,2024,物理,否
5431,广东海洋大学,08,08,化学和生物,30,0,531,77258,2024,物理,否
5437,韶关学院,03,03,化学,30,0,508,105601,2024,物理,否
5441,广东石油化工学院,01,01,化学,30,0,488,144546,2024,物理,否
5451,深圳大学,03,03,不限,30,0,630,4378,2024,物理,否
5451,深圳大学,04,04,化学,30,0,622,4875,2024,物理,否
5477,岭南师范学院,03,03,不限,30,0,527,79086,2024,物理,否
5477,岭南师范学院,04,04,不限,30,0,514,102302,2024,物理,否
5477,岭南师范学院,05,05,化学,30,0,524,96803,2024,物理,否
5477,岭南师范学院,06,06,化学,30,0,512,103401,2024,物理,否
5477,岭南师范学院,07,07,化学,30,0,508,105601,2024,物理,否
5477,岭南师范学院,08,08,化学和生物,30,0,474,171762,2024,物理,否
5478,广东工业大学,01,01,化学,30,0,600,16000,2024,物理,否
5479,深圳技术大学,02,02,化学,30,0,590,27502,2024,物理,否
5501,广西大学,01,01,化学,30,0,589,27752,2024,物理,否
5502,广西中医药大学,01,01,化学,30,0,533,76344,2024,物理,否
5502,广西中医药大学,02,02,化学,30,0,533,76344,2024,物理,否
5502,广西中医药大学,03,03,化学,30,0,558,57690,2024,物理,否
5504,南宁师范大学,02,02,不限,30,0,528,78629,2024,物理,否
5504,南宁师范大学,04,04,化学,30,0,534,75887,2024,物理,否
5505,玉林师范学院,05,05,化学,30,0,489,143864,2024,物理,否
5505,玉林师范学院,06,06,化学,30,0,490,143183,2024,物理,否
5505,玉林师范学院,07,07,化学和生物,30,0,488,144546,2024,物理,否
5505,玉林师范学院,08,08,生物,30,0,503,108350,2024,物理,否
5507,北部湾大学,03,03,化学,30,0,513,102851,2024,物理,否
5508,广西医科大学,01,01,生物,30,0,549,61345,2024,物理,否
5510,桂林医学院,02,02,化学,30,0,524,96803,2024,物理,否
5511,广西师范大学,03,03,化学,30,0,526,79543,2024,物理,否
5511,广西师范大学,04,04,地理,30,0,553,59721,2024,物理,否
5512,桂林理工大学,04,04,化学,30,0,522,97903,2024,物理,否
5513,桂林电子科技大学,02,02,不限,30,0,564,46629,2024,物理,否
5513,桂林电子科技大学,04,04,化学,30,0,568,45258,2024,物理,否
5517,右江民族医学院,02,02,不限,30,0,499,137048,2024,物理,否
5517,右江民族医学院,03,03,化学,30,0,503,108350,2024,物理,否
5517,右江民族医学院,04,04,生物,30,0,544,63375,2024,物理,否
5518,广西民族师范学院,02,02,不限,30,0,508,105601,2024,物理,否
5518,广西民族师范学院,03,03,化学,30,0,486,145909,2024,物理,否
5519,贺州学院,02,02,不限,30,0,505,107250,2024,物理,否
5519,贺州学院,03,03,化学,30,0,492,141819,2024,物理,否
5521,桂林航天工业学院,02,02,化学,30,0,557,58096,2024,物理,否
5522,桂林旅游学院,04,04,不限,30,0,508,105601,2024,物理,否
5522,桂林旅游学院,05,05,化学,30,0,481,149318,2024,物理,否
5522,桂林旅游学院,06,06,生物,30,0,509,105051,2024,物理,否
5527,广西科技师范学院,02,02,不限,30,0,507,106151,2024,物理,否
5527,广西科技师范学院,03,03,化学,30,0,495,139774,2024,物理,否
5531,广西科技大学,02,02,不限,30,0,526,79543,2024,物理,否
5531,广西科技大学,03,03,化学,30,0,530,77715,2024,物理,否
5531,广西科技大学,04,04,化学,30,0,512,103401,2024,物理,否
5531,广西科技大学,05,05,化学,30,0,509,105051,2024,物理,否
5531,广西科技大学,07,07,化学和生物,30,0,567,45601,2024,物理,否
5532,广西民族大学,04,04,不限,30,0,526,79543,2024,物理,否
5532,广西民族大学,05,05,不限,30,0,527,79086,2024,物理,否
5532,广西民族大学,06,06,不限,30,0,530,77715,2024,物理,否
5532,广西民族大学,07,07,化学,30,0,515,101752,2024,物理,否
5532,广西民族大学,08,08,化学,30,0,514,102302,2024,物理,否
5561,梧州学院,03,03,不限,30,0,507,106151,2024,物理,否
5561,梧州学院,04,04,化学,30,0,500,110000,2024,物理,否
5601,海南大学,07,07,不限,30,0,590,27502,2024,物理,否
5601,海南大学,09,09,化学,30,0,591,27252,2024,物理,否
5602,海南师范大学,07,07,不限,30,0,518,100102,2024,物理,否
5602,海南师范大学,08,08,化学,30,0,547,62157,2024,物理,否
5602,海南师范大学,09,09,化学,30,0,528,78629,2024,物理,否
5602,海南师范大学,10,10,化学和生物,30,0,533,76344,2024,物理,否
5602,海南师范大学,11,11,地理,30,0,545,62969,2024,物理,否
5603,海南医科大学,01,01,化学,30,0,581,29750,2024,物理,否
5603,海南医科大学,04,04,化学,30,0,543,63781,2024,物理,否
5603,海南医科大学,05,05,化学,30,0,523,97353,2024,物理,否
5603,海南医科大学,06,06,化学,30,0,534,75887,2024,物理,否
5603,海南医科大学,07,07,化学,30,0,533,76344,2024,物理,否
5603,海南医科大学,08,08,化学,30,0,541,64593,2024,物理,否
5603,海南医科大学,09,09,化学,30,0,538,74059,2024,物理,否
5603,海南医科大学,10,10,化学,30,0,564,46629,2024,物理,否
5603,海南医科大学,11,11,化学,30,0,559,57284,2024,物理,否
5604,海南热带海洋学院,05,05,不限,30,0,513,102851,2024,物理,否
5604,海南热带海洋学院,07,07,化学,30,0,490,143183,2024,物理,否
5619,琼台师范学院,03,03,化学,30,0,489,143864,2024,物理,否
5621,海南比勒费尔德应用科学大学,01,01,化学,30,0,462,180881,2024,物理,否
6101,四川大学,04,04,不限,30,0,634,4130,2024,物理,否
6101,四川大学,05,05,不限,30,0,636,4006,2024,物理,否
6101,四川大学,08,08,化学,30,0,654,1157,2024,物理,否
6101,四川大学,09,09,化学,30,0,639,3819,2024,物理,否
6102,西南交通大学,06,06,化学,30,0,600,16000,2024,物理,否
6103,西南财经大学,04,04,不限,30,0,614,13764,2024,物理,否
6103,西南财经大学,05,05,化学,30,0,624,4751,2024,物理,否
6104,电子科技大学,02,02,化学,30,0,654,1157,2024,物理,否
6105,西南民族大学,02,02,不限,30,0,537,74516,2024,物理,否
6105,西南民族大学,03,03,化学,30,0,541,64593,2024,物理,否
6106,成都理工大学,05,05,不限,30,0,542,64187,2024,物理,否
6106,成都理工大学,06,06,不限,30,0,581,29750,2024,物理,否
6106,成都理工大学,07,07,化学,30,0,584,29001,2024,物理,否
6106,成都理工大学,08,08,地理,30,0,580,30000,2024,物理,否
6107,成都信息工程大学,02,02,化学,30,0,581,29750,2024,物理,否
6108,成都体育学院,02,02,不限,30,0,535,75430,2024,物理,否
6108,成都体育学院,03,03,化学,30,0,545,62969,2024,物理,否
6109,四川音乐学院,02,02,不限,30,0,529,78172,2024,物理,否
6110,西华大学,03,03,化学,30,0,534,75887,2024,物理,否
6111,成都中医药大学,01,01,化学,30,0,583,29250,2024,物理,否
6111,成都中医药大学,02,02,化学,30,0,614,13764,2024,物理,否
6112,电子科技大学(沙河校区),01,01,化学,30,0,651,1230,2024,物理,否
6113,四川农业大学,01,01,不限,30,0,590,27502,2024,物理,否
6113,四川农业大学,02,02,化学,30,0,588,28002,2024,物理,否
6114,成都大学,05,05,化学,30,0,557,58096,2024,物理,否
6115,四川轻化工大学,02,02,化学,30,0,542,64187,2024,物理,否
6116,成都医学院,01,01,化学,30,0,537,74516,2024,物理,否
6117,西昌学院,02,02,化学,30,0,492,141819,2024,物理,否
6117,西昌学院,03,03,化学,30,0,480,150000,2024,物理,否
6118,内江师范学院,03,03,不限,30,0,513,102851,2024,物理,否
6118,内江师范学院,04,04,化学,30,0,516,101202,2024,物理,否
6120,四川警察学院,02,02,不限,30,0,556,58503,2024,物理,否
6129,成都师范学院,03,03,不限,30,0,523,97353,2024,物理,否
6129,成都师范学院,04,04,地理,30,0,543,63781,2024,物理,否
6131,西南科技大学,02,02,不限,30,0,537,74516,2024,物理,否
6131,西南科技大学,03,03,化学,30,0,541,64593,2024,物理,否
6140,四川师范大学,04,04,不限,30,0,565,46286,2024,物理,否
6140,四川师范大学,05,05,化学,30,0,570,44573,2024,物理,否
6141,西南石油大学,02,02,化学,30,0,588,28002,2024,物理,否
6142,西华师范大学,01,01,化学,30,0,514,102302,2024,物理,否
6143,西南医科大学,01,01,化学,30,0,566,45944,2024,物理,否
6143,西南医科大学,02,02,化学,30,0,563,46972,2024,物理,否
6143,西南医科大学,03,03,化学,30,0,551,60533,2024,物理,否
6143,西南医科大学,04,04,化学,30,0,550,60939,2024,物理,否
6143,西南医科大学,05,05,化学,30,0,588,28002,2024,物理,否
6144,绵阳师范学院,02,02,化学,30,0,479,167963,2024,物理,否
6144,绵阳师范学院,03,03,生物,30,0,522,97903,2024,物理,否
6150,成都工业学院,01,01,化学,30,0,521,98453,2024,物理,否
6151,乐山师范学院,02,02,化学,30,0,494,140456,2024,物理,否
6151,乐山师范学院,03,03,化学和生物,30,0,492,141819,2024,物理,否
6161,川北医学院,02,02,化学,30,0,526,79543,2024,物理,否
6161,川北医学院,03,03,化学,30,0,581,29750,2024,物理,否
6161,川北医学院,04,04,化学,30,0,572,43888,2024,物理,否
6161,川北医学院,05,05,化学,30,0,578,41832,2024,物理,否
6161,川北医学院,06,06,化学,30,0,581,29750,2024,物理,否
6181,宜宾学院,02,02,化学,30,0,500,110000,2024,物理,否
6187,攀枝花学院,02,02,化学,30,0,509,105051,2024,物理,否
6201,重庆大学,04,04,化学,30,0,638,3881,2024,物理,否
6201,重庆大学,05,05,化学,30,0,641,1475,2024,物理,否
6202,西南大学,03,03,不限,30,0,588,28002,2024,物理,否
6202,西南大学,04,04,化学,30,0,595,26253,2024,物理,否
6202,西南大学,05,05,化学和生物,30,0,613,13923,2024,物理,否
6202,西南大学,06,06,生物,30,0,594,26503,2024,物理,否
6202,西南大学,07,07,地理,30,0,608,14722,2024,物理,否
6203,西南政法大学,04,04,不限,30,0,611,14243,2024,物理,否
6205,重庆医科大学,01,01,化学,30,0,597,25754,2024,物理,否
6205,重庆医科大学,03,03,化学,30,0,518,100102,2024,物理,否
6205,重庆医科大学,04,04,化学,30,0,572,43888,2024,物理,否
6206,重庆工商大学,02,02,不限,30,0,551,60533,2024,物理,否
6206,重庆工商大学,03,03,化学,30,0,550,60939,2024,物理,否
6207,重庆交通大学,03,03,不限,30,0,553,59721,2024,物理,否
6207,重庆交通大学,04,04,化学,30,0,545,62969,2024,物理,否
6208,重庆理工大学,02,02,不限,30,0,560,48000,2024,物理,否
6208,重庆理工大学,03,03,化学,30,0,562,47314,2024,物理,否
6209,重庆邮电大学,02,02,化学,30,0,586,28501,2024,物理,否
6210,重庆师范大学,04,04,不限,30,0,542,64187,2024,物理,否
6210,重庆师范大学,05,05,化学,30,0,551,60533,2024,物理,否
6210,重庆师范大学,06,06,地理,30,0,572,43888,2024,物理,否
6211,四川美术学院,02,02,不限,30,0,464,179361,2024,物理,否
6211,四川美术学院,03,03,化学,30,0,563,46972,2024,物理,否
6212,四川外国语大学,07,07,不限,30,0,540,65000,2024,物理,否
6212,四川外国语大学,10,10,思想政治,30,0,528,78629,2024,物理,否
6213,重庆三峡学院,02,02,不限,30,0,519,99552,2024,物理,否
6213,重庆三峡学院,03,03,化学,30,0,504,107800,2024,物理,否
6214,长江师范学院,03,03,不限,30,0,516,101202,2024,物理,否
6214,长江师范学院,04,04,化学,30,0,498,137729,2024,物理,否
6214,长江师范学院,05,05,生物,30,0,516,101202,2024,物理,否
6215,重庆文理学院,01,01,不限,30,0,522,97903,2024,物理,否
6215,重庆文理学院,02,02,化学,30,0,514,102302,2024,物理,否
6221,重庆科技大学,02,02,不限,30,0,537,74516,2024,物理,否
6221,重庆科技大学,03,03,化学,30,0,532,76801,2024,物理,否
6302,贵州中医药大学,02,02,不限,30,0,533,76344,2024,物理,否
6302,贵州中医药大学,04,04,化学,30,0,562,47314,2024,物理,否
6302,贵州中医药大学,05,05,化学,30,0,533,76344,2024,物理,否
6302,贵州中医药大学,06,06,化学,30,0,543,63781,2024,物理,否
6303,贵州医科大学,01,01,化学,30,0,589,27752,2024,物理,否
6303,贵州医科大学,02,02,化学,30,0,587,28251,2024,物理,否
6303,贵州医科大学,04,04,化学,30,0,584,29001,2024,物理,否
6304,贵州财经大学,03,03,不限,30,0,535,75430,2024,物理,否
6304,贵州财经大学,05,05,不限,30,0,539,73602,2024,物理,否
6304,贵州财经大学,06,06,不限,30,0,542,64187,2024,物理,否
6305,贵州民族大学,01,01,化学,30,0,499,137048,2024,物理,否
6308,安顺学院,02,02,化学,30,0,492,141819,2024,物理,否
6308,安顺学院,03,03,地理,30,0,510,104501,2024,物理,否
6309,贵阳学院,01,01,化学,30,0,491,142501,2024,物理,否
6310,黔南民族师范学院,02,02,不限,30,0,509,105051,2024,物理,否
6310,黔南民族师范学院,03,03,化学,30,0,480,150000,2024,物理,否
6314,遵义医科大学,01,01,化学,30,0,590,27502,2024,物理,否
6314,遵义医科大学,02,02,化学,30,0,579,41489,2024,物理,否
6315,贵州工程应用技术学院,02,02,不限,30,0,507,106151,2024,物理,否
6315,贵州工程应用技术学院,03,03,化学,30,0,485,146591,2024,物理,否
6316,贵州商学院,03,03,不限,30,0,506,106700,2024,物理,否
6317,遵义师范学院,03,03,不限,30,0,528,78629,2024,物理,否
6319,贵州理工学院,01,01,不限,30,0,513,102851,2024,物理,否
6319,贵州理工学院,02,02,化学,30,0,501,109450,2024,物理,否
6320,六盘水师范学院,02,02,化学,30,0,489,143864,2024,物理,否
6323,贵州警察学院,02,02,不限,30,0,531,77258,2024,物理,否
6323,贵州警察学院,03,03,化学,30,0,529,78172,2024,物理,否
6324,贵阳康养职业大学,02,02,不限,30,0,502,108900,2024,物理,否
6324,贵阳康养职业大学,03,03,化学,30,0,503,108350,2024,物理,否
6401,云南大学,04,04,不限,30,0,596,26004,2024,物理,否
6401,云南大学,05,05,不限,30,0,582,29500,2024,物理,否
6401,云南大学,06,06,化学,30,0,592,27003,2024,物理,否
6401,云南大学,07,07,化学和生物,30,0,604,15361,2024,物理,否
6402,云南师范大学,04,04,化学,30,0,552,60127,2024,物理,否
6402,云南师范大学,05,05,化学,30,0,538,74059,2024,物理,否
6404,昆明理工大学,03,03,不限,30,0,537,74516,2024,物理,否
6404,昆明理工大学,04,04,化学,30,0,547,62157,2024,物理,否
6404,昆明理工大学,05,05,化学和生物,30,0,557,58096,2024,物理,否
6404,昆明理工大学,06,06,地理,30,0,545,62969,2024,物理,否
6405,云南农业大学,04,04,不限,30,0,538,74059,2024,物理,否
6405,云南农业大学,06,06,化学,30,0,519,99552,2024,物理,否
6406,昆明医科大学,01,01,化学,30,0,533,76344,2024,物理,否
6407,玉溪师范学院,03,03,不限,30,0,511,103951,2024,物理,否
6407,玉溪师范学院,04,04,化学,30,0,482,148636,2024,物理,否
6408,云南财经大学,02,02,不限,30,0,529,78172,2024,物理,否
6408,云南财经大学,03,03,化学,30,0,527,79086,2024,物理,否
6409,楚雄师范学院,02,02,不限,30,0,510,104501,2024,物理,否
6409,楚雄师范学院,03,03,化学,30,0,493,141138,2024,物理,否
6410,昆明学院,02,02,不限,30,0,510,104501,2024,物理,否
6410,昆明学院,03,03,化学,30,0,495,139774,2024,物理,否
6410,昆明学院,04,04,化学和生物,30,0,518,100102,2024,物理,否
6410,昆明学院,05,05,化学和生物,30,0,562,47314,2024,物理,否
6411,大理大学,03,03,化学,30,0,519,99552,2024,物理,否
6411,大理大学,04,04,化学,30,0,514,102302,2024,物理,否
6413,红河学院,02,02,不限,30,0,507,106151,2024,物理,否
6413,红河学院,03,03,化学,30,0,487,145228,2024,物理,否
6414,云南民族大学,03,03,化学,30,0,510,104501,2024,物理,否
6415,西南林业大学,01,01,不限,30,0,536,74973,2024,物理,否
6415,西南林业大学,03,03,化学,30,0,519,99552,2024,物理,否
6415,西南林业大学,04,04,生物,30,0,532,76801,2024,物理,否
6417,曲靖师范学院,02,02,化学,30,0,490,143183,2024,物理,否
6419,普洱学院,02,02,化学,30,0,493,141138,2024,物理,否
6420,文山学院,02,02,地理,30,0,506,106700,2024,物理,否
6501,西藏大学,02,02,不限,30,0,563,46972,2024,物理,否
6501,西藏大学,03,03,化学,30,0,557,58096,2024,物理,否
6501,西藏大学,04,04,化学,30,0,551,60533,2024,物理,否
7101,西北大学,02,02,不限,30,0,603,15520,2024,物理,否
7101,西北大学,03,03,化学,30,0,598,25504,2024,物理,否
7101,西北大学,05,05,化学,30,0,606,15041,2024,物理,否
7101,西北大学,06,06,地理,30,0,601,15840,2024,物理,否
7102,西北工业大学,03,03,化学,30,0,650,1255,2024,物理,否
7103,陕西师范大学,03,03,不限,30,0,592,27003,2024,物理,否
7103,陕西师范大学,04,04,化学,30,0,601,15840,2024,物理,否
7103,陕西师范大学,05,05,生物,30,0,594,26503,2024,物理,否
7103,陕西师范大学,06,06,地理,30,0,606,15041,2024,物理,否
7104,西安交通大学,02,02,不限,30,0,650,1255,2024,物理,否
7104,西安交通大学,05,05,化学,30,0,655,1132,2024,物理,否
7105,西安电子科技大学,02,02,不限,30,0,635,4068,2024,物理,否
7105,西安电子科技大学,04,04,化学,30,0,641,1475,2024,物理,否
7107,长安大学,02,02,不限,30,0,590,27502,2024,物理,否
7107,长安大学,03,03,化学,30,0,600,16000,2024,物理,否
7108,西安建筑科技大学,02,02,不限,30,0,555,58909,2024,物理,否
7108,西安建筑科技大学,03,03,不限,30,0,561,47657,2024,物理,否
7108,西安建筑科技大学,05,05,化学,30,0,541,64593,2024,物理,否
7108,西安建筑科技大学,06,06,化学,30,0,538,74059,2024,物理,否
7109,西北政法大学,02,02,不限,30,0,616,13444,2024,物理,否
7110,西安工程大学,03,03,不限,30,0,540,65000,2024,物理,否
7110,西安工程大学,04,04,化学,30,0,528,78629,2024,物理,否
7111,西安财经大学,03,03,不限,30,0,578,41832,2024,物理,否
7111,西安财经大学,04,04,化学,30,0,559,57284,2024,物理,否
7112,西安理工大学,01,01,不限,30,0,570,44573,2024,物理,否
7112,西安理工大学,02,02,化学,30,0,574,43203,2024,物理,否
7113,西安石油大学,02,02,不限,30,0,545,62969,2024,物理,否
7113,西安石油大学,03,03,化学,30,0,535,75430,2024,物理,否
7114,西安医学院,03,03,化学,30,0,565,46286,2024,物理,否
7114,西安医学院,04,04,化学和生物,30,0,593,26753,2024,物理,否
7115,西安工业大学,02,02,不限,30,0,567,45601,2024,物理,否
7115,西安工业大学,04,04,化学,30,0,572,43888,2024,物理,否
7116,西安邮电大学,02,02,不限,30,0,572,43888,2024,物理,否
7116,西安邮电大学,04,04,化学,30,0,592,27003,2024,物理,否
7117,西安外国语大学,04,04,不限,30,0,548,61751,2024,物理,否
7118,西安科技大学,01,01,不限,30,0,560,48000,2024,物理,否
7118,西安科技大学,02,02,化学,30,0,557,58096,2024,物理,否
7118,西安科技大学,03,03,地理,30,0,568,45258,2024,物理,否
7122,西安文理学院,03,03,化学,30,0,491,142501,2024,物理,否
7131,西安航空学院,02,02,化学,30,0,508,105601,2024,物理,否
7138,陕西中医药大学,01,01,化学,30,0,557,58096,2024,物理,否
7138,陕西中医药大学,02,02,化学,30,0,581,29750,2024,物理,否
7140,渭南师范学院,03,03,不限,30,0,517,100652,2024,物理,否
7140,渭南师范学院,04,04,化学,30,0,491,142501,2024,物理,否
7141,西北农林科技大学,02,02,不限,30,0,606,15041,2024,物理,否
7141,西北农林科技大学,04,04,化学,30,0,615,13604,2024,物理,否
7141,西北农林科技大学,05,05,化学和生物,30,0,623,4813,2024,物理,否
7141,西北农林科技大学,06,06,生物,30,0,611,14243,2024,物理,否
7141,西北农林科技大学,07,07,地理,30,0,616,13444,2024,物理,否
7142,延安大学,03,03,不限,30,0,534,75887,2024,物理,否
7142,延安大学,04,04,不限,30,0,535,75430,2024,物理,否
7142,延安大学,05,05,化学,30,0,530,77715,2024,物理,否
7150,陕西学前师范学院,02,02,不限,30,0,512,103401,2024,物理,否
7150,陕西学前师范学院,03,03,化学,30,0,491,142501,2024,物理,否
7150,陕西学前师范学院,04,04,地理,30,0,517,100652,2024,物理,否
7151,陕西科技大学,02,02,不限,30,0,557,58096,2024,物理,否
7151,陕西科技大学,04,04,化学,30,0,558,57690,2024,物理,否
7162,宝鸡文理学院,02,02,化学,30,0,495,139774,2024,物理,否
7165,咸阳师范学院,02,02,不限,30,0,511,103951,2024,物理,否
7166,商洛学院,03,03,化学,30,0,499,137048,2024,物理,否
7167,陕西理工大学,04,04,不限,30,0,532,76801,2024,物理,否
7167,陕西理工大学,06,06,化学,30,0,528,78629,2024,物理,否
7167,陕西理工大学,07,07,思想政治,30,0,522,97903,2024,物理,否
7167,陕西理工大学,08,08,地理,30,0,549,61345,2024,物理,否
7201,兰州大学,03,03,不限,30,0,631,4316,2024,物理,否
7201,兰州大学,04,04,化学,30,0,629,4440,2024,物理,否
7201,兰州大学,05,05,化学,30,0,634,4130,2024,物理,否
7202,兰州理工大学,02,02,不限,30,0,534,75887,2024,物理,否
7202,兰州理工大学,03,03,化学,30,0,534,75887,2024,物理,否
7203,兰州财经大学,02,02,不限,30,0,527,79086,2024,物理,否
7203,兰州财经大学,03,03,化学,30,0,536,74973,2024,物理,否
7204,兰州交通大学,02,02,不限,30,0,545,62969,2024,物理,否
7204,兰州交通大学,03,03,化学,30,0,547,62157,2024,物理,否
7205,西北民族大学,06,06,不限,30,0,523,97353,2024,物理,否
7205,西北民族大学,07,07,不限,30,0,523,97353,2024,物理,否
7205,西北民族大学,08,08,化学,30,0,509,105051,2024,物理,否
7206,甘肃农业大学,02,02,不限,30,0,530,77715,2024,物理,否
7206,甘肃农业大学,03,03,化学,30,0,510,104501,2024,物理,否
7207,甘肃政法大学,03,03,不限,30,0,551,60533,2024,物理,否
7207,甘肃政法大学,04,04,不限,30,0,554,59315,2024,物理,否
7207,甘肃政法大学,05,05,化学,30,0,542,64187,2024,物理,否
7211,陇东学院,02,02,不限,30,0,508,105601,2024,物理,否
7211,陇东学院,03,03,化学,30,0,491,142501,2024,物理,否
7214,西北师范大学,03,03,不限,30,0,542,64187,2024,物理,否
7214,西北师范大学,04,04,化学,30,0,532,76801,2024,物理,否
7214,西北师范大学,05,05,地理,30,0,553,59721,2024,物理,否
7216,天水师范学院,03,03,化学,30,0,474,171762,2024,物理,否
7217,兰州工业学院,01,01,化学,30,0,493,141138,2024,物理,否
7218,兰州城市学院,04,04,不限,30,0,509,105051,2024,物理,否
7218,兰州城市学院,05,05,化学,30,0,490,143183,2024,物理,否
7218,兰州城市学院,06,06,思想政治,30,0,507,106151,2024,物理,否
7218,兰州城市学院,07,07,地理,30,0,507,106151,2024,物理,否
7219,兰州文理学院,02,02,化学,30,0,499,137048,2024,物理,否
7220,甘肃医学院,01,01,化学,30,0,522,97903,2024,物理,否
7220,甘肃医学院,02,02,化学,30,0,555,58909,2024,物理,否
7222,兰州石化职业技术大学,03,03,化学,30,0,496,139093,2024,物理,否
7223,兰州资源环境职业技术大学,01,01,不限,30,0,510,104501,2024,物理,否
7224,甘肃中医药大学,01,01,化学,30,0,529,78172,2024,物理,否
7224,甘肃中医药大学,02,02,化学,30,0,510,104501,2024,物理,否
7224,甘肃中医药大学,03,03,化学,30,0,511,103951,2024,物理,否
7224,甘肃中医药大学,04,04,化学,30,0,555,58909,2024,物理,否
7224,甘肃中医药大学,05,05,化学,30,0,542,64187,2024,物理,否
7224,甘肃中医药大学,06,06,化学,30,0,561,47657,2024,物理,否
7224,甘肃中医药大学,07,07,化学,30,0,580,30000,2024,物理,否
7301,青海大学,01,01,化学,30,0,588,28002,2024,物理,否
7301,青海大学,02,02,化学和生物,30,0,595,26253,2024,物理,否
7302,青海民族大学,03,03,化学,30,0,495,139774,2024,物理,否
7302,青海民族大学,04,04,思想政治,30,0,515,101752,2024,物理,否
7303,青海师范大学,02,02,不限,30,0,522,97903,2024,物理,否
7303,青海师范大学,03,03,化学,30,0,519,99552,2024,物理,否
7304,青海职业技术大学,02,02,不限,30,0,498,137729,2024,物理,否
7305,青海理工学院,01,01,不限,30,0,504,107800,2024,物理,否
7305,青海理工学院,02,02,化学,30,0,490,143183,2024,物理,否
7401,北方民族大学,02,02,不限,30,0,518,100102,2024,物理,否
7401,北方民族大学,04,04,化学,30,0,514,102302,2024,物理,否
7402,宁夏大学,04,04,化学,30,0,591,27252,2024,物理,否
7402,宁夏大学,05,05,化学,30,0,594,26503,2024,物理,否
7402,宁夏大学,06,06,化学,30,0,586,28501,2024,物理,否
7402,宁夏大学,07,07,化学,30,0,598,25504,2024,物理,否
7402,宁夏大学,08,08,化学,30,0,592,27003,2024,物理,否
7403,宁夏医科大学,01,01,化学,30,0,538,74059,2024,物理,否
7403,宁夏医科大学,02,02,化学和生物,30,0,532,76801,2024,物理,否
7501,新疆大学,03,03,不限,30,0,573,43545,2024,物理,否
7501,新疆大学,04,04,化学,30,0,571,44230,2024,物理,否
7501,新疆大学,05,05,化学,30,0,568,45258,2024,物理,否
7501,新疆大学,06,06,思想政治,30,0,567,45601,2024,物理,否
7501,新疆大学,07,07,地理,30,0,571,44230,2024,物理,否
7502,新疆师范大学,02,02,不限,30,0,505,107250,2024,物理,否
7502,新疆师范大学,03,03,化学,30,0,500,110000,2024,物理,否
7502,新疆师范大学,04,04,地理,30,0,525,80000,2024,物理,否
7503,新疆农业大学,03,03,不限,30,0,484,147273,2024,物理,否
7503,新疆农业大学,04,04,不限,30,0,506,106700,2024,物理,否
7503,新疆农业大学,06,06,化学,30,0,488,144546,2024,物理,否
7504,中国石油大学(北京)克拉玛依校区,01,01,不限,30,0,573,43545,2024,物理,否
7504,中国石油大学(北京)克拉玛依校区,02,02,化学,30,0,578,41832,2024,物理,否
7505,新疆财经大学,03,03,不限,30,0,506,106700,2024,物理,否
7505,新疆财经大学,04,04,不限,30,0,517,100652,2024,物理,否
7505,新疆财经大学,05,05,化学,30,0,500,110000,2024,物理,否
7505,新疆财经大学,06,06,思想政治,30,0,520,99003,2024,物理,否
7507,昌吉学院,02,02,不限,30,0,499,137048,2024,物理,否
7507,昌吉学院,03,03,化学,30,0,482,148636,2024,物理,否
7508,新疆艺术学院,02,02,不限,30,0,501,109450,2024,物理,否
7509,新疆工程学院,01,01,化学,30,0,484,147273,2024,物理,否
7511,石河子大学,02,02,不限,30,0,563,46972,2024,物理,否
7511,石河子大学,03,03,化学,30,0,571,44230,2024,物理,否
7511,石河子大学,04,04,化学,30,0,566,45944,2024,物理,否
7512,新疆科技学院,02,02,不限,30,0,502,108900,2024,物理,否
7512,新疆科技学院,03,03,化学,30,0,483,147954,2024,物理,否
7512,新疆科技学院,04,04,化学和生物,30,0,489,143864,2024,物理,否
7512,新疆科技学院,05,05,生物,30,0,508,105601,2024,物理,否
7512,新疆科技学院,06,06,思想政治,30,0,501,109450,2024,物理,否
7513,新疆理工学院,02,02,不限,30,0,502,108900,2024,物理,否
7513,新疆理工学院,03,03,化学,30,0,484,147273,2024,物理,否
7521,伊犁师范大学,04,04,不限,30,0,503,108350,2024,物理,否
7521,伊犁师范大学,05,05,化学,30,0,484,147273,2024,物理,否
7521,伊犁师范大学,06,06,地理,30,0,506,106700,2024,物理,否
7523,新疆和田学院,04,04,不限,30,0,505,107250,2024,物理,否
7523,新疆和田学院,05,05,化学,30,0,484,147273,2024,物理,否
7526,塔里木大学,02,02,化学,30,0,490,143183,2024,物理,否
7527,新疆医科大学,01,01,化学,30,0,532,76801,2024,物理,否
7527,新疆医科大学,02,02,化学和生物,30,0,535,75430,2024,物理,否
7529,喀什大学,03,03,不限,30,0,507,106151,2024,物理,否
7529,喀什大学,04,04,化学,30,0,490,143183,2024,物理,否
7531,新疆政法学院,03,03,不限,30,0,504,107800,2024,物理,否
7531,新疆政法学院,04,04,化学,30,0,486,145909,2024,物理,否
7531,新疆政法学院,05,05,思想政治,30,0,503,108350,2024,物理,否
8001,上海杉达学院,03,03,不限,30,0,492,141819,2024,物理,否
8001,上海杉达学院,04,04,化学,30,0,462,180881,2024,物理,否
8002,上海建桥学院,03,03,不限,30,0,493,141138,2024,物理,否
8002,上海建桥学院,04,04,化学,30,0,467,177082,2024,物理,否
8003,上海兴伟学院,02,02,不限,30,0,475,171003,2024,物理,否
8004,上海视觉艺术学院,02,02,不限,30,0,505,107250,2024,物理,否
8005,上海外国语大学贤达经济人文学院,02,02,不限,30,0,485,146591,2024,物理,否
8005,上海外国语大学贤达经济人文学院,03,03,不限,30,0,485,146591,2024,物理,否
8006,上海师范大学天华学院,02,02,不限,30,0,485,146591,2024,物理,否
8006,上海师范大学天华学院,03,03,不限,30,0,489,143864,2024,物理,否
8006,上海师范大学天华学院,04,04,化学,30,0,462,180881,2024,物理,否
8023,上海立达学院,03,03,不限,30,0,484,147273,2024,物理,否
8023,上海立达学院,04,04,化学,30,0,462,180881,2024,物理,否
8029,上海中侨职业技术大学,03,03,不限,30,0,490,143183,2024,物理,否
8030,浙江万里学院,03,03,不限,30,0,503,108350,2024,物理,否
8030,浙江万里学院,04,04,不限,30,0,498,137729,2024,物理,否
8030,浙江万里学院,06,06,化学,30,0,487,145228,2024,物理,否
8031,浙江树人学院,02,02,不限,30,0,488,144546,2024,物理,否
8031,浙江树人学院,03,03,化学,30,0,462,180881,2024,物理,否
8032,浙江越秀外国语学院,02,02,不限,30,0,482,148636,2024,物理,否
8032,浙江越秀外国语学院,03,03,化学,30,0,465,178601,2024,物理,否
8033,宁波财经学院,02,02,不限,30,0,490,143183,2024,物理,否
8033,宁波财经学院,03,03,化学,30,0,462,180881,2024,物理,否
8036,浙江工业大学之江学院,02,02,不限,30,0,492,141819,2024,物理,否
8036,浙江工业大学之江学院,03,03,化学,30,0,466,177841,2024,物理,否
8037,浙江师范大学行知学院,02,02,化学,30,0,473,172522,2024,物理,否
8037,浙江师范大学行知学院,03,03,生物,30,0,504,107800,2024,物理,否
8038,宁波大学科学技术学院,02,02,不限,30,0,491,142501,2024,物理,否
8038,宁波大学科学技术学院,03,03,化学,30,0,462,180881,2024,物理,否
8039,杭州电子科技大学信息工程学院,01,01,不限,30,0,506,106700,2024,物理,否
8039,杭州电子科技大学信息工程学院,02,02,化学,30,0,482,148636,2024,物理,否
8040,浙江理工大学科技与艺术学院,01,01,不限,30,0,490,143183,2024,物理,否
8040,浙江理工大学科技与艺术学院,02,02,化学,30,0,463,180121,2024,物理,否
8042,浙江农林大学暨阳学院,02,02,化学,30,0,462,180881,2024,物理,否
8042,浙江农林大学暨阳学院,03,03,生物,30,0,492,141819,2024,物理,否
8043,温州医科大学仁济学院,01,01,不限,30,0,496,139093,2024,物理,否
8043,温州医科大学仁济学院,02,02,不限,30,0,490,143183,2024,物理,否
8046,绍兴文理学院元培学院,02,02,不限,30,0,491,142501,2024,物理,否
8046,绍兴文理学院元培学院,03,03,化学,30,0,462,180881,2024,物理,否
8048,浙江工商大学杭州商学院,02,02,不限,30,0,492,141819,2024,物理,否
8048,浙江工商大学杭州商学院,03,03,化学,30,0,479,167963,2024,物理,否
8050,中国计量大学现代科技学院,01,01,不限,30,0,536,74973,2024,物理,否
8050,中国计量大学现代科技学院,02,02,化学,30,0,515,101752,2024,物理,否
8051,浙江财经大学东方学院,02,02,不限,30,0,490,143183,2024,物理,否
8051,浙江财经大学东方学院,03,03,化学,30,0,474,171762,2024,物理,否
8052,温州商学院,03,03,不限,30,0,489,143864,2024,物理,否
8052,温州商学院,04,04,化学,30,0,463,180121,2024,物理,否
8054,上海财经大学浙江学院,02,02,不限,30,0,495,139774,2024,物理,否
8054,上海财经大学浙江学院,03,03,化学,30,0,480,150000,2024,物理,否
8077,浙江广厦建设职业技术大学,02,02,不限,30,0,491,142501,2024,物理,否
8080,安徽三联学院,02,02,不限,30,0,490,143183,2024,物理,否
8080,安徽三联学院,03,03,化学,30,0,464,179361,2024,物理,否
8081,安徽新华学院,02,02,不限,30,0,488,144546,2024,物理,否
8081,安徽新华学院,03,03,化学,30,0,462,180881,2024,物理,否
8082,安徽文达信息工程学院,02,02,不限,30,0,489,143864,2024,物理,否
8083,安徽外国语学院,02,02,不限,30,0,487,145228,2024,物理,否
8084,蚌埠工商学院,02,02,不限,30,0,497,138411,2024,物理,否
8084,蚌埠工商学院,03,03,化学,30,0,480,150000,2024,物理,否
8086,安徽信息工程学院,01,01,化学,30,0,475,171003,2024,物理,否
8087,马鞍山学院,02,02,不限,30,0,498,137729,2024,物理,否
8087,马鞍山学院,03,03,化学,30,0,479,167963,2024,物理,否
8088,合肥城市学院,02,02,不限,30,0,491,142501,2024,物理,否
8088,合肥城市学院,03,03,化学,30,0,462,180881,2024,物理,否
8090,芜湖学院,02,02,化学,30,0,476,170243,2024,物理,否
8091,安徽医科大学临床医学院,01,01,不限,30,0,501,109450,2024,物理,否
8094,皖江工学院,02,02,不限,30,0,490,143183,2024,物理,否
8094,皖江工学院,03,03,不限,30,0,489,143864,2024,物理,否
8094,皖江工学院,04,04,化学,30,0,462,180881,2024,物理,否
8120,厦门华厦学院,01,01,不限,30,0,486,145909,2024,物理,否
8120,厦门华厦学院,02,02,化学,30,0,462,180881,2024,物理,否
8121,闽南理工学院,02,02,不限,30,0,487,145228,2024,物理,否
8121,闽南理工学院,03,03,化学,30,0,464,179361,2024,物理,否
8122,闽南科技学院,01,01,不限,30,0,486,145909,2024,物理,否
8122,闽南科技学院,02,02,化学,30,0,465,178601,2024,物理,否
8124,厦门工学院,02,02,不限,30,0,486,145909,2024,物理,否
8124,厦门工学院,03,03,化学,30,0,462,180881,2024,物理,否
8125,阳光学院,02,02,不限,30,0,482,148636,2024,物理,否
8125,阳光学院,04,04,化学,30,0,462,180881,2024,物理,否
8126,厦门大学嘉庚学院,02,02,不限,30,0,492,141819,2024,物理,否
8126,厦门大学嘉庚学院,03,03,不限,30,0,494,140456,2024,物理,否
8126,厦门大学嘉庚学院,04,04,化学,30,0,462,180881,2024,物理,否
8127,福州大学至诚学院,02,02,不限,30,0,488,144546,2024,物理,否
8127,福州大学至诚学院,03,03,化学,30,0,462,180881,2024,物理,否
8128,集美大学诚毅学院,02,02,不限,30,0,489,143864,2024,物理,否
8128,集美大学诚毅学院,03,03,化学,30,0,464,179361,2024,物理,否
8130,福州外语外贸学院,02,02,不限,30,0,486,145909,2024,物理,否
8130,福州外语外贸学院,03,03,化学,30,0,467,177082,2024,物理,否
8132,仰恩大学,02,02,不限,30,0,494,140456,2024,物理,否
8133,泉州信息工程学院,01,01,化学,30,0,462,180881,2024,物理,否
8170,江西科技学院,03,03,不限,30,0,489,143864,2024,物理,否
8170,江西科技学院,04,04,化学,30,0,462,180881,2024,物理,否
8171,江西工程学院,02,02,化学,30,0,476,170243,2024,物理,否
8172,南昌理工学院,02,02,不限,30,0,492,141819,2024,物理,否
8172,南昌理工学院,03,03,化学,30,0,462,180881,2024,物理,否
8173,江西应用科技学院,03,03,不限,30,0,486,145909,2024,物理,否
8173,江西应用科技学院,04,04,化学,30,0,462,180881,2024,物理,否
8174,江西服装学院,02,02,不限,30,0,478,168723,2024,物理,否
8174,江西服装学院,03,03,化学,30,0,462,180881,2024,物理,否
8175,南昌工学院,04,04,不限,30,0,488,144546,2024,物理,否
8175,南昌工学院,05,05,化学,30,0,462,180881,2024,物理,否
8176,南昌大学科学技术学院,02,02,不限,30,0,492,141819,2024,物理,否
8176,南昌大学科学技术学院,03,03,化学,30,0,481,149318,2024,物理,否
8177,南昌大学共青学院,02,02,不限,30,0,488,144546,2024,物理,否
8177,南昌大学共青学院,03,03,化学,30,0,478,168723,2024,物理,否
8178,南昌交通学院,02,02,不限,30,0,489,143864,2024,物理,否
8178,南昌交通学院,03,03,化学,30,0,464,179361,2024,物理,否
8180,南昌航空大学科技学院,02,02,不限,30,0,493,141138,2024,物理,否
8180,南昌航空大学科技学院,03,03,化学,30,0,471,174042,2024,物理,否
8183,江西农业大学南昌商学院,03,03,不限,30,0,489,143864,2024,物理,否
8183,江西农业大学南昌商学院,04,04,化学,30,0,482,148636,2024,物理,否
8183,江西农业大学南昌商学院,05,05,生物,30,0,493,141138,2024,物理,否
8185,江西师范大学科学技术学院,02,02,不限,30,0,490,143183,2024,物理,否
8185,江西师范大学科学技术学院,03,03,化学,30,0,472,173282,2024,物理,否
8186,景德镇艺术职业大学,02,02,不限,30,0,493,141138,2024,物理,否
8187,南昌应用技术师范学院,03,03,不限,30,0,497,138411,2024,物理,否
8187,南昌应用技术师范学院,04,04,化学,30,0,468,176322,2024,物理,否
8188,江西财经大学现代经济管理学院,03,03,不限,30,0,490,143183,2024,物理,否
8188,江西财经大学现代经济管理学院,04,04,不限,30,0,489,143864,2024,物理,否
8188,江西财经大学现代经济管理学院,05,05,不限,30,0,492,141819,2024,物理,否
8188,江西财经大学现代经济管理学院,06,06,化学,30,0,485,146591,2024,物理,否
8210,齐鲁医药学院,02,02,不限,30,0,494,140456,2024,物理,否
8210,齐鲁医药学院,03,03,化学,30,0,481,149318,2024,物理,否
8211,青岛滨海学院,02,02,不限,30,0,488,144546,2024,物理,否
8211,青岛滨海学院,03,03,化学,30,0,462,180881,2024,物理,否
8212,烟台南山学院,02,02,化学,30,0,469,175562,2024,物理,否
8213,潍坊科技学院,03,03,不限,30,0,490,143183,2024,物理,否
8213,潍坊科技学院,04,04,化学,30,0,477,169483,2024,物理,否
8214,山东英才学院,02,02,化学,30,0,462,180881,2024,物理,否
8215,青岛恒星科技学院,03,03,不限,30,0,488,144546,2024,物理,否
8215,青岛恒星科技学院,04,04,化学,30,0,462,180881,2024,物理,否
8216,青岛黄海学院,02,02,不限,30,0,490,143183,2024,物理,否
8216,青岛黄海学院,03,03,化学,30,0,462,180881,2024,物理,否
8217,山东现代学院,02,02,不限,30,0,488,144546,2024,物理,否
8217,山东现代学院,03,03,化学,30,0,462,180881,2024,物理,否
8218,山东协和学院,02,02,不限,30,0,490,143183,2024,物理,否
8218,山东协和学院,03,03,化学,30,0,467,177082,2024,物理,否
8219,烟台理工学院,02,02,不限,30,0,500,110000,2024,物理,否
8219,烟台理工学院,03,03,化学,30,0,480,150000,2024,物理,否
8220,青岛城市学院,04,04,不限,30,0,489,143864,2024,物理,否
8220,青岛城市学院,05,05,不限,30,0,488,144546,2024,物理,否
8220,青岛城市学院,06,06,不限,30,0,503,108350,2024,物理,否
8220,青岛城市学院,07,07,化学,30,0,468,176322,2024,物理,否
8220,青岛城市学院,08,08,化学,30,0,462,180881,2024,物理,否
8220,青岛城市学院,09,09,化学,30,0,470,174802,2024,物理,否
8223,泰山科技学院,03,03,不限,30,0,489,143864,2024,物理,否
8223,泰山科技学院,04,04,化学,30,0,462,180881,2024,物理,否
8225,青岛工学院,02,02,不限,30,0,489,143864,2024,物理,否
8225,青岛工学院,03,03,化学,30,0,462,180881,2024,物理,否
8226,青岛农业大学海都学院,03,03,不限,30,0,492,141819,2024,物理,否
8226,青岛农业大学海都学院,04,04,化学,30,0,469,175562,2024,物理,否
8226,青岛农业大学海都学院,05,05,生物,30,0,490,143183,2024,物理,否
8227,齐鲁理工学院,02,02,不限,30,0,488,144546,2024,物理,否
8227,齐鲁理工学院,03,03,化学,30,0,462,180881,2024,物理,否
8228,山东财经大学东方学院,02,02,不限,30,0,493,141138,2024,物理,否
8228,山东财经大学东方学院,03,03,化学,30,0,477,169483,2024,物理,否
8230,烟台科技学院,02,02,化学,30,0,465,178601,2024,物理,否
8231,青岛电影学院,02,02,化学,30,0,462,180881,2024,物理,否
8249,山东工程职业技术大学,02,02,不限,30,0,492,141819,2024,物理,否
8260,北京城市学院,02,02,不限,30,0,487,145228,2024,物理,否
8260,北京城市学院,03,03,化学,30,0,465,178601,2024,物理,否
8260,北京城市学院,04,04,地理,30,0,506,106700,2024,物理,否
8262,首都师范大学科德学院,02,02,不限,30,0,481,149318,2024,物理,否
8262,首都师范大学科德学院,03,03,化学,30,0,462,180881,2024,物理,否
8263,北京金融科技学院,02,02,不限,30,0,478,168723,2024,物理,否
8263,北京金融科技学院,03,03,化学,30,0,462,180881,2024,物理,否
8264,北京邮电大学世纪学院,02,02,不限,30,0,483,147954,2024,物理,否
8264,北京邮电大学世纪学院,03,03,化学,30,0,462,180881,2024,物理,否
8265,北京工业大学耿丹学院,02,02,不限,30,0,481,149318,2024,物理,否
8265,北京工业大学耿丹学院,03,03,化学,30,0,462,180881,2024,物理,否
8266,北京第二外国语学院中瑞酒店管理学院,02,02,不限,30,0,473,172522,2024,物理,否
8290,天津天狮学院,03,03,不限,30,0,486,145909,2024,物理,否
8290,天津天狮学院,04,04,化学,30,0,462,180881,2024,物理,否
8291,天津外国语大学滨海外事学院,02,02,不限,30,0,488,144546,2024,物理,否
8293,天津商业大学宝德学院,03,03,不限,30,0,481,149318,2024,物理,否
8293,天津商业大学宝德学院,04,04,不限,30,0,488,144546,2024,物理,否
8294,天津医科大学临床医学院,02,02,不限,30,0,489,143864,2024,物理,否
8297,天津理工大学中环信息学院,02,02,不限,30,0,491,142501,2024,物理,否
8297,天津理工大学中环信息学院,03,03,化学,30,0,463,180121,2024,物理,否
8298,北京科技大学天津学院,02,02,不限,30,0,489,143864,2024,物理,否
8298,北京科技大学天津学院,03,03,化学,30,0,462,180881,2024,物理,否
8299,天津仁爱学院,02,02,不限,30,0,484,147273,2024,物理,否
8299,天津仁爱学院,03,03,化学,30,0,462,180881,2024,物理,否
8301,天津财经大学珠江学院,02,02,不限,30,0,489,143864,2024,物理,否
8301,天津财经大学珠江学院,03,03,化学,30,0,467,177082,2024,物理,否
8313,河北科技学院,02,02,不限,30,0,488,144546,2024,物理,否
8313,河北科技学院,03,03,化学,30,0,462,180881,2024,物理,否
8314,河北外国语学院,03,03,不限,30,0,485,146591,2024,物理,否
8314,河北外国语学院,04,04,不限,30,0,483,147954,2024,物理,否
8316,华北理工大学轻工学院,02,02,不限,30,0,487,145228,2024,物理,否
8316,华北理工大学轻工学院,03,03,不限,30,0,487,145228,2024,物理,否
8316,华北理工大学轻工学院,04,04,化学,30,0,462,180881,2024,物理,否
8318,河北经贸大学经济管理学院,02,02,不限,30,0,489,143864,2024,物理,否
8320,河北工程大学科信学院,01,01,不限,30,0,496,139093,2024,物理,否
8320,河北工程大学科信学院,02,02,化学,30,0,482,148636,2024,物理,否
8323,石家庄铁道大学四方学院,02,02,不限,30,0,498,137729,2024,物理,否
8323,石家庄铁道大学四方学院,03,03,化学,30,0,487,145228,2024,物理,否
8324,河北地质大学华信学院,02,02,不限,30,0,487,145228,2024,物理,否
8324,河北地质大学华信学院,03,03,化学,30,0,473,172522,2024,物理,否
8324,河北地质大学华信学院,04,04,化学,30,0,464,179361,2024,物理,否
8326,保定理工学院,02,02,不限,30,0,486,145909,2024,物理,否
8326,保定理工学院,03,03,化学,30,0,462,180881,2024,物理,否
8327,燕京理工学院,02,02,不限,30,0,487,145228,2024,物理,否
8327,燕京理工学院,03,03,化学,30,0,474,171762,2024,物理,否
8328,北京中医药大学东方学院,02,02,不限,30,0,486,145909,2024,物理,否
8329,沧州交通学院,02,02,不限,30,0,485,146591,2024,物理,否
8329,沧州交通学院,03,03,化学,30,0,462,180881,2024,物理,否
8330,河北东方学院,02,02,化学,30,0,468,176322,2024,物理,否
8360,山西应用科技学院,02,02,不限,30,0,487,145228,2024,物理,否
8363,晋中信息学院,03,03,化学,30,0,479,167963,2024,物理,否
8364,山西晋中理工学院,02,02,化学,30,0,468,176322,2024,物理,否
8366,山西工商学院,02,02,不限,30,0,490,143183,2024,物理,否
8366,山西工商学院,03,03,化学,30,0,469,175562,2024,物理,否
8379,运城职业技术大学,02,02,不限,30,0,498,137729,2024,物理,否
8401,辽宁对外经贸学院,02,02,不限,30,0,480,150000,2024,物理,否
8402,大连理工大学城市学院,02,02,不限,30,0,486,145909,2024,物理,否
8402,大连理工大学城市学院,03,03,化学,30,0,462,180881,2024,物理,否
8404,沈阳工学院,01,01,不限,30,0,485,146591,2024,物理,否
8404,沈阳工学院,02,02,化学,30,0,462,180881,2024,物理,否
8405,大连工业大学艺术与信息工程学院,01,01,不限,30,0,483,147954,2024,物理,否
8405,大连工业大学艺术与信息工程学院,02,02,化学,30,0,465,178601,2024,物理,否
8406,大连科技学院,02,02,不限,30,0,486,145909,2024,物理,否
8406,大连科技学院,03,03,化学,30,0,462,180881,2024,物理,否
8407,沈阳城市建设学院,02,02,不限,30,0,482,148636,2024,物理,否
8407,沈阳城市建设学院,03,03,化学,30,0,462,180881,2024,物理,否
8408,大连医科大学中山学院,02,02,不限,30,0,483,147954,2024,物理,否
8408,大连医科大学中山学院,03,03,化学,30,0,462,180881,2024,物理,否
8411,大连财经学院,02,02,不限,30,0,487,145228,2024,物理,否
8412,沈阳城市学院,02,02,不限,30,0,481,149318,2024,物理,否
8412,沈阳城市学院,03,03,化学,30,0,462,180881,2024,物理,否
8416,大连东软信息学院,01,01,不限,30,0,484,147273,2024,物理,否
8416,大连东软信息学院,02,02,化学,30,0,462,180881,2024,物理,否
8417,辽宁师范大学海华学院,02,02,不限,30,0,487,145228,2024,物理,否
8417,辽宁师范大学海华学院,03,03,化学,30,0,462,180881,2024,物理,否
8440,吉林外国语大学,04,04,不限,30,0,483,147954,2024,物理,否
8440,吉林外国语大学,05,05,化学,30,0,466,177841,2024,物理,否
8441,长春光华学院,03,03,不限,30,0,477,169483,2024,物理,否
8441,长春光华学院,04,04,不限,30,0,481,149318,2024,物理,否
8441,长春光华学院,05,05,化学,30,0,462,180881,2024,物理,否
8442,长春工业大学人文信息学院,02,02,不限,30,0,483,147954,2024,物理,否
8442,长春工业大学人文信息学院,03,03,化学,30,0,462,180881,2024,物理,否
8443,长春电子科技学院,02,02,化学,30,0,462,180881,2024,物理,否
8444,长春财经学院,03,03,不限,30,0,483,147954,2024,物理,否
8444,长春财经学院,04,04,化学,30,0,462,180881,2024,物理,否
8445,吉林建筑科技学院,02,02,不限,30,0,482,148636,2024,物理,否
8445,吉林建筑科技学院,03,03,化学,30,0,462,180881,2024,物理,否
8446,长春建筑学院,01,01,不限,30,0,481,149318,2024,物理,否
8446,长春建筑学院,02,02,化学,30,0,462,180881,2024,物理,否
8447,长春科技学院,02,02,不限,30,0,482,148636,2024,物理,否
8447,长春科技学院,03,03,化学,30,0,462,180881,2024,物理,否
8448,吉林动画学院,01,01,不限,30,0,478,168723,2024,物理,否
8448,吉林动画学院,02,02,化学,30,0,462,180881,2024,物理,否
8449,吉林师范大学博达学院,03,03,不限,30,0,483,147954,2024,物理,否
8449,吉林师范大学博达学院,04,04,化学,30,0,462,180881,2024,物理,否
8450,长春大学旅游学院,02,02,不限,30,0,481,149318,2024,物理,否
8450,长春大学旅游学院,03,03,化学,30,0,462,180881,2024,物理,否
8451,长春人文学院,03,03,不限,30,0,479,167963,2024,物理,否
8451,长春人文学院,04,04,不限,30,0,477,169483,2024,物理,否
8451,长春人文学院,05,05,化学,30,0,462,180881,2024,物理,否
8470,黑龙江东方学院,02,02,化学,30,0,462,180881,2024,物理,否
8472,黑龙江财经学院,02,02,不限,30,0,482,148636,2024,物理,否
8472,黑龙江财经学院,03,03,化学,30,0,462,180881,2024,物理,否
8473,哈尔滨石油学院,02,02,化学,30,0,469,175562,2024,物理,否
8474,哈尔滨广厦学院,02,02,化学,30,0,462,180881,2024,物理,否
8475,哈尔滨华德学院,02,02,化学,30,0,462,180881,2024,物理,否
8483,黑龙江工商学院,01,01,化学,30,0,462,180881,2024,物理,否
8501,黄河科技学院,02,02,不限,30,0,489,143864,2024,物理,否
8501,黄河科技学院,03,03,化学,30,0,469,175562,2024,物理,否
8502,郑州科技学院,02,02,不限,30,0,488,144546,2024,物理,否
8502,郑州科技学院,03,03,化学,30,0,494,140456,2024,物理,否
8504,郑州财经学院,02,02,不限,30,0,506,106700,2024,物理,否
8504,郑州财经学院,03,03,化学,30,0,490,143183,2024,物理,否
8505,商丘工学院,01,01,化学,30,0,473,172522,2024,物理,否
8508,郑州工商学院,02,02,不限,30,0,492,141819,2024,物理,否
8508,郑州工商学院,03,03,化学,30,0,470,174802,2024,物理,否
8510,郑州商学院,02,02,不限,30,0,495,139774,2024,物理,否
8510,郑州商学院,03,03,化学,30,0,489,143864,2024,物理,否
8550,武汉东湖学院,03,03,不限,30,0,487,145228,2024,物理,否
8550,武汉东湖学院,04,04,化学,30,0,462,180881,2024,物理,否
8552,武昌首义学院,03,03,不限,30,0,490,143183,2024,物理,否
8552,武昌首义学院,04,04,化学,30,0,462,180881,2024,物理,否
8553,武昌理工学院,02,02,不限,30,0,488,144546,2024,物理,否
8553,武昌理工学院,03,03,化学,30,0,462,180881,2024,物理,否
8554,武汉生物工程学院,03,03,化学,30,0,462,180881,2024,物理,否
8555,武汉晴川学院,02,02,不限,30,0,487,145228,2024,物理,否
8555,武汉晴川学院,03,03,化学,30,0,462,180881,2024,物理,否
8556,湖北大学知行学院,03,03,不限,30,0,492,141819,2024,物理,否
8556,湖北大学知行学院,04,04,不限,30,0,484,147273,2024,物理,否
8556,湖北大学知行学院,05,05,化学,30,0,468,176322,2024,物理,否
8556,湖北大学知行学院,06,06,化学,30,0,479,167963,2024,物理,否
8557,武汉城市学院,02,02,不限,30,0,488,144546,2024,物理,否
8557,武汉城市学院,03,03,化学,30,0,464,179361,2024,物理,否
8558,三峡大学科技学院,03,03,不限,30,0,492,141819,2024,物理,否
8558,三峡大学科技学院,04,04,化学,30,0,465,178601,2024,物理,否
8559,湖北工业大学工程技术学院,02,02,化学,30,0,462,180881,2024,物理,否
8560,武汉工程大学邮电与信息工程学院,02,02,不限,30,0,490,143183,2024,物理,否
8560,武汉工程大学邮电与信息工程学院,03,03,化学,30,0,462,180881,2024,物理,否
8561,武汉纺织大学外经贸学院,03,03,不限,30,0,489,143864,2024,物理,否
8561,武汉纺织大学外经贸学院,04,04,化学,30,0,462,180881,2024,物理,否
8562,武昌工学院,02,02,不限,30,0,489,143864,2024,物理,否
8562,武昌工学院,03,03,化学,30,0,462,180881,2024,物理,否
8563,武汉工商学院,02,02,不限,30,0,487,145228,2024,物理,否
8563,武汉工商学院,03,03,化学,30,0,468,176322,2024,物理,否
8565,长江大学文理学院,02,02,不限,30,0,504,107800,2024,物理,否
8565,长江大学文理学院,03,03,化学,30,0,468,176322,2024,物理,否
8568,湖北医药学院药护学院,01,01,不限,30,0,486,145909,2024,物理,否
8570,湖北经济学院法商学院,02,02,不限,30,0,487,145228,2024,物理,否
8571,武汉体育学院体育科技学院,02,02,不限,30,0,483,147954,2024,物理,否
8572,湖北文理学院理工学院,02,02,不限,30,0,488,144546,2024,物理,否
8572,湖北文理学院理工学院,03,03,化学,30,0,466,177841,2024,物理,否
8573,文华学院,02,02,化学,30,0,462,180881,2024,物理,否
8574,武汉工程科技学院,03,03,不限,30,0,492,141819,2024,物理,否
8574,武汉工程科技学院,04,04,化学,30,0,462,180881,2024,物理,否
8575,武汉华夏理工学院,02,02,不限,30,0,487,145228,2024,物理,否
8575,武汉华夏理工学院,03,03,化学,30,0,462,180881,2024,物理,否
8576,武汉传媒学院,02,02,不限,30,0,487,145228,2024,物理,否
8576,武汉传媒学院,03,03,化学,30,0,483,147954,2024,物理,否
8577,武汉设计工程学院,02,02,化学,30,0,462,180881,2024,物理,否
8601,长沙医学院,02,02,不限,30,0,489,143864,2024,物理,否
8601,长沙医学院,03,03,化学,30,0,471,174042,2024,物理,否
8602,湖南涉外经济学院,02,02,不限,30,0,482,148636,2024,物理,否
8602,湖南涉外经济学院,03,03,化学,30,0,462,180881,2024,物理,否
8604,湖南工业大学科技学院,02,02,化学,30,0,473,172522,2024,物理,否
8605,湖南科技大学潇湘学院,02,02,化学,30,0,486,145909,2024,物理,否
8606,南华大学船山学院,02,02,化学,30,0,475,171003,2024,物理,否
8607,湘潭理工学院,02,02,不限,30,0,487,145228,2024,物理,否
8608,湖南农业大学东方科技学院,01,01,化学,30,0,472,173282,2024,物理,否
8609,湖南文理学院芙蓉学院,02,02,化学,30,0,491,142501,2024,物理,否
8610,湖南理工学院南湖学院,02,02,化学,30,0,473,172522,2024,物理,否
8612,湖南工程学院应用技术学院,01,01,不限,30,0,489,143864,2024,物理,否
8614,长沙理工大学城南学院,02,02,不限,30,0,495,139774,2024,物理,否
8614,长沙理工大学城南学院,03,03,化学,30,0,478,168723,2024,物理,否
8620,中南林业科技大学涉外学院,02,02,不限,30,0,490,143183,2024,物理,否
8620,中南林业科技大学涉外学院,03,03,化学,30,0,479,167963,2024,物理,否
8640,广东白云学院,02,02,不限,30,0,486,145909,2024,物理,否
8640,广东白云学院,03,03,化学,30,0,462,180881,2024,物理,否
8641,电子科技大学中山学院,02,02,化学,30,0,464,179361,2024,物理,否
8641,电子科技大学中山学院,03,03,化学,30,0,467,177082,2024,物理,否
8641,电子科技大学中山学院,04,04,化学,30,0,468,176322,2024,物理,否
8641,电子科技大学中山学院,05,05,化学,30,0,468,176322,2024,物理,否
8642,广东东软学院,02,02,化学,30,0,462,180881,2024,物理,否
8643,广州城市理工学院,02,02,不限,30,0,483,147954,2024,物理,否
8643,广州城市理工学院,03,03,化学,30,0,467,177082,2024,物理,否
8644,广州软件学院,01,01,化学,30,0,462,180881,2024,物理,否
8645,广州南方学院,02,02,不限,30,0,485,146591,2024,物理,否
8645,广州南方学院,03,03,化学,30,0,468,176322,2024,物理,否
8646,广东外语外贸大学南国商学院,02,02,不限,30,0,489,143864,2024,物理,否
8646,广东外语外贸大学南国商学院,03,03,化学,30,0,470,174802,2024,物理,否
8650,珠海科技学院,02,02,不限,30,0,503,108350,2024,物理,否
8650,珠海科技学院,03,03,化学,30,0,504,107800,2024,物理,否
8651,广州工商学院,02,02,不限,30,0,485,146591,2024,物理,否
8651,广州工商学院,04,04,化学,30,0,462,180881,2024,物理,否
8652,东莞城市学院,02,02,化学,30,0,462,180881,2024,物理,否
8659,华南农业大学珠江学院,02,02,不限,30,0,478,168723,2024,物理,否
8659,华南农业大学珠江学院,03,03,化学,30,0,463,180121,2024,物理,否
8661,广州华立学院,02,02,不限,30,0,476,170243,2024,物理,否
8661,广州华立学院,03,03,化学,30,0,476,170243,2024,物理,否
8661,广州华立学院,04,04,化学,30,0,465,178601,2024,物理,否
8665,广州新华学院,02,02,不限,30,0,483,147954,2024,物理,否
8665,广州新华学院,03,03,化学,30,0,470,174802,2024,物理,否
8668,广东理工学院,02,02,化学,30,0,466,177841,2024,物理,否
8710,南宁学院,02,02,不限,30,0,482,148636,2024,物理,否
8710,南宁学院,03,03,化学,30,0,462,180881,2024,物理,否
8713,柳州工学院,01,01,不限,30,0,481,149318,2024,物理,否
8713,柳州工学院,02,02,化学,30,0,462,180881,2024,物理,否
8713,柳州工学院,03,03,思想政治,30,0,483,147954,2024,物理,否
8714,桂林学院,02,02,不限,30,0,486,145909,2024,物理,否
8714,桂林学院,03,03,化学,30,0,462,180881,2024,物理,否
8715,广西中医药大学赛恩斯新医药学院,01,01,化学,30,0,462,180881,2024,物理,否
8716,桂林信息科技学院,02,02,不限,30,0,484,147273,2024,物理,否
8716,桂林信息科技学院,03,03,化学,30,0,462,180881,2024,物理,否
8718,广西外国语学院,02,02,不限,30,0,481,149318,2024,物理,否
8718,广西外国语学院,03,03,化学,30,0,462,180881,2024,物理,否
8740,海口经济学院,03,03,不限,30,0,478,168723,2024,物理,否
8740,海口经济学院,04,04,化学,30,0,462,180881,2024,物理,否
8741,三亚学院,04,04,不限,30,0,481,149318,2024,物理,否
8741,三亚学院,05,05,不限,30,0,479,167963,2024,物理,否
8741,三亚学院,06,06,化学,30,0,462,180881,2024,物理,否
8757,海南科技职业大学,04,04,不限,30,0,484,147273,2024,物理,否
8760,成都东软学院,02,02,不限,30,0,489,143864,2024,物理,否
8760,成都东软学院,03,03,化学,30,0,466,177841,2024,物理,否
8761,电子科技大学成都学院,02,02,化学,30,0,476,170243,2024,物理,否
8762,成都理工大学工程技术学院,02,02,化学,30,0,465,178601,2024,物理,否
8763,四川传媒学院,02,02,不限,30,0,484,147273,2024,物理,否
8764,成都银杏酒店管理学院,02,02,不限,30,0,486,145909,2024,物理,否
8765,成都文理学院,02,02,不限,30,0,493,141138,2024,物理,否
8766,四川工商学院,02,02,不限,30,0,483,147954,2024,物理,否
8766,四川工商学院,03,03,化学,30,0,470,174802,2024,物理,否
8767,成都外国语学院,02,02,不限,30,0,487,145228,2024,物理,否
8769,成都锦城学院,02,02,不限,30,0,493,141138,2024,物理,否
8769,成都锦城学院,03,03,化学,30,0,487,145228,2024,物理,否
8770,西南财经大学天府学院,04,04,不限,30,0,489,143864,2024,物理,否
8770,西南财经大学天府学院,05,05,不限,30,0,492,141819,2024,物理,否
8770,西南财经大学天府学院,06,06,化学,30,0,468,176322,2024,物理,否
8771,四川大学锦江学院,02,02,不限,30,0,491,142501,2024,物理,否
8771,四川大学锦江学院,03,03,化学,30,0,478,168723,2024,物理,否
8772,四川文化艺术学院,03,03,不限,30,0,481,149318,2024,物理,否
8774,西南交通大学希望学院,02,02,不限,30,0,496,139093,2024,物理,否
8774,西南交通大学希望学院,03,03,化学,30,0,469,175562,2024,物理,否
8775,四川电影电视学院,02,02,不限,30,0,491,142501,2024,物理,否
8781,吉利学院,02,02,不限,30,0,497,138411,2024,物理,否
8781,吉利学院,03,03,化学,30,0,470,174802,2024,物理,否
8801,重庆城市科技学院,03,03,不限,30,0,487,145228,2024,物理,否
8801,重庆城市科技学院,04,04,化学,30,0,464,179361,2024,物理,否
8802,重庆外语外事学院,02,02,不限,30,0,486,145909,2024,物理,否
8803,重庆对外经贸学院,02,02,不限,30,0,487,145228,2024,物理,否
8803,重庆对外经贸学院,03,03,不限,30,0,489,143864,2024,物理,否
8803,重庆对外经贸学院,04,04,化学,30,0,472,173282,2024,物理,否
8804,重庆财经学院,02,02,不限,30,0,497,138411,2024,物理,否
8804,重庆财经学院,03,03,化学,30,0,495,139774,2024,物理,否
8805,重庆工商大学派斯学院,02,02,化学,30,0,465,178601,2024,物理,否
8806,重庆移通学院,03,03,不限,30,0,496,139093,2024,物理,否
8806,重庆移通学院,06,06,化学,30,0,472,173282,2024,物理,否
8808,重庆人文科技学院,02,02,化学,30,0,477,169483,2024,物理,否
8841,贵阳人文科技学院,02,02,化学,30,0,463,180121,2024,物理,否
8848,茅台学院,01,01,不限,30,0,498,137729,2024,物理,否
8848,茅台学院,02,02,化学,30,0,484,147273,2024,物理,否
8870,滇池学院,02,02,不限,30,0,485,146591,2024,物理,否
8870,滇池学院,03,03,化学,30,0,462,180881,2024,物理,否
8871,丽江文化旅游学院,03,03,不限,30,0,482,148636,2024,物理,否
8871,丽江文化旅游学院,04,04,化学,30,0,462,180881,2024,物理,否
8872,昆明城市学院,03,03,不限,30,0,484,147273,2024,物理,否
8872,昆明城市学院,04,04,化学,30,0,469,175562,2024,物理,否
8873,昆明医科大学海源学院,02,02,不限,30,0,490,143183,2024,物理,否
8874,昆明传媒学院,02,02,不限,30,0,493,141138,2024,物理,否
8875,昆明文理学院,02,02,不限,30,0,486,145909,2024,物理,否
8875,昆明文理学院,03,03,化学,30,0,462,180881,2024,物理,否
8876,昆明理工大学津桥学院,02,02,不限,30,0,483,147954,2024,物理,否
8876,昆明理工大学津桥学院,03,03,化学,30,0,462,180881,2024,物理,否
8878,云南经济管理学院,03,03,不限,30,0,484,147273,2024,物理,否
8878,云南经济管理学院,04,04,化学,30,0,463,180121,2024,物理,否
8901,西安培华学院,03,03,不限,30,0,482,148636,2024,物理,否
8901,西安培华学院,04,04,不限,30,0,488,144546,2024,物理,否
8901,西安培华学院,05,05,不限,30,0,478,168723,2024,物理,否
8901,西安培华学院,06,06,化学,30,0,462,180881,2024,物理,否
8902,西安欧亚学院,02,02,不限,30,0,483,147954,2024,物理,否
8902,西安欧亚学院,04,04,化学,30,0,462,180881,2024,物理,否
8903,西安外事学院,03,03,不限,30,0,486,145909,2024,物理,否
8903,西安外事学院,04,04,化学,30,0,467,177082,2024,物理,否
8904,西安翻译学院,02,02,不限,30,0,480,150000,2024,物理,否
8904,西安翻译学院,03,03,化学,30,0,462,180881,2024,物理,否
8905,西京学院,02,02,不限,30,0,507,106151,2024,物理,否
8905,西京学院,03,03,化学,30,0,475,171003,2024,物理,否
8906,西安思源学院,02,02,不限,30,0,486,145909,2024,物理,否
8906,西安思源学院,03,03,化学,30,0,462,180881,2024,物理,否
8907,陕西国际商贸学院,02,02,不限,30,0,485,146591,2024,物理,否
8907,陕西国际商贸学院,03,03,化学,30,0,462,180881,2024,物理,否
8910,西安交通大学城市学院,02,02,不限,30,0,492,141819,2024,物理,否
8910,西安交通大学城市学院,03,03,化学,30,0,466,177841,2024,物理,否
8911,西北大学现代学院,01,01,不限,30,0,495,139774,2024,物理,否
8912,西安建筑科技大学华清学院,02,02,不限,30,0,487,145228,2024,物理,否
8912,西安建筑科技大学华清学院,03,03,化学,30,0,462,180881,2024,物理,否
8913,西安财经大学行知学院,02,02,不限,30,0,497,138411,2024,物理,否
8913,西安财经大学行知学院,03,03,化学,30,0,481,149318,2024,物理,否
8914,西安工商学院,03,03,不限,30,0,485,146591,2024,物理,否
8914,西安工商学院,04,04,化学,30,0,462,180881,2024,物理,否
8915,延安大学西安创新学院,01,01,化学,30,0,462,180881,2024,物理,否
8915,延安大学西安创新学院,02,02,化学和生物,30,0,462,180881,2024,物理,否
8916,西安明德理工学院,02,02,不限,30,0,488,144546,2024,物理,否
8916,西安明德理工学院,03,03,化学,30,0,462,180881,2024,物理,否
8918,西安科技大学高新学院,02,02,不限,30,0,498,137729,2024,物理,否
8918,西安科技大学高新学院,03,03,化学,30,0,462,180881,2024,物理,否
8940,兰州工商学院,02,02,不限,30,0,484,147273,2024,物理,否
8941,兰州博文科技学院,01,01,不限,30,0,483,147954,2024,物理,否
8941,兰州博文科技学院,02,02,化学,30,0,462,180881,2024,物理,否
8942,兰州信息科技学院,01,01,化学,30,0,462,180881,2024,物理,否
8970,宁夏理工学院,02,02,不限,30,0,485,146591,2024,物理,否
8970,宁夏理工学院,03,03,化学,30,0,462,180881,2024,物理,否
8971,宁夏大学新华学院,02,02,不限,30,0,481,149318,2024,物理,否
8971,宁夏大学新华学院,03,03,化学,30,0,462,180881,2024,物理,否
8972,银川能源学院,02,02,不限,30,0,487,145228,2024,物理,否
8972,银川能源学院,03,03,化学,30,0,462,180881,2024,物理,否
9112,香港珠海学院,02,02,不限,30,0,501,109450,2024,物理,否
