year,subject,school_name,school_type,group_id,group_code,xuanke_req,xuanke_subjects,plan_count,min_score,min_rank,tuition_yuan,city,is_special,data_source
,,西南石油大学,普通,07,207,不限,物理,53,564,53320,5500,其他,否,eea.gd 官方
,,湖南工程学院,普通,02,202,不限,物理,12,516,121261,5500,其他,否,eea.gd 官方
,,太原学院,普通,07,207,不限,物理,1,494,159123,5500,其他,否,eea.gd 官方
,,大连大学,普通,01,201,不限,物理,2,516,121093,5500,其他,否,eea.gd 官方
,,大连大学,普通,02,202,不限,物理,3,550,71184,5500,其他,否,eea.gd 官方
,,吉林工商学院,普通,02,202,不限,物理,6,496,155287,5500,其他,否,eea.gd 官方
,,吉林工商学院,普通,03,203,不限,物理,4,493,159973,5500,其他,否,eea.gd 官方
,,南京工程学院,普通,02,202,不限,物理,12,563,54503,5500,其他,否,eea.gd 官方
,,南京审计大学,普通,04,204,不限,物理,29,563,55274,5500,其他,否,eea.gd 官方
,,南京审计大学(中外合作办学),普通,05,205,不限,物理,7,565,52425,5500,其他,否,eea.gd 官方
,,三明学院,普通,04,204,不限,物理,1,519,116589,5500,其他,否,eea.gd 官方
,,三明学院,普通,05,205,不限,物理,6,509,132115,5500,其他,否,eea.gd 官方
,,江西科技师范大学                          A,普通,05,205,不限,物理,1,548,73355,5500,其他,否,eea.gd 官方
,,江西科技师范大学                     2,普通,06,206,不限,物理,2,537,87890,5500,其他,否,eea.gd 官方
,,江西科技师范大学,普通,07,207,不限,物理,5,517,119754,5500,其他,否,eea.gd 官方
,,江西科技师范大学,普通,08,208,不限,物理,3,516,121440,5500,其他,否,eea.gd 官方
,,江西科技师范大学,普通,09,209,不限,物理,13,513,126236,5500,其他,否,eea.gd 官方
,,江西科技师范大学        XV,普通,10,210,不限,物理,13,527,104066,5500,其他,否,eea.gd 官方
,,南昌工程学院             WA,普通,03,203,不限,物理,2,511,129072,5500,其他,否,eea.gd 官方
,,南昌工程学院                Y,普通,04,204,不限,物理,24,521,113310,5500,其他,否,eea.gd 官方
,,南昌工程学院(中外合作办学),普通,05,205,不限,物理,4,495,156142,5500,其他,否,eea.gd 官方
,,信阳农林学院,普通,03,203,不限,物理,10,492,162263,5500,其他,否,eea.gd 官方
,,安阳工学院（中外合作办学）,普通,02,202,不限,物理,2,495,156960,5500,其他,否,eea.gd 官方
,,太原学院,普通,06,206,不限,物理,2,491,163794,5500,其他,否,eea.gd 官方
,,太原学院,普通,05,?205,不限,物理,2,494,157884,5500,其他,否,eea.gd 官方
,,太原学院,普通,04,204,不限,物理,1,496,155267,5500,其他,否,eea.gd 官方
,,深圳职业技术大学      ?,普通,03,203,不限,物理,233,559,59695,5500,其他,否,eea.gd 官方
,,广州航海学院,普通,02,202,不限,物理,250,511,129530,5500,其他,否,eea.gd 官方
,,广州航海学院(中外合作办学)                ?,普通,03,203,不限,物理,120,490,164672,5500,其他,否,eea.gd 官方
,,广州航海学院(联合培养),普通,04,204,不限,物理,30,510,129863,5500,其他,否,eea.gd 官方
,,广州航海学院(联合培养),普通,05,205,不限,物理,12,504,141658,5500,其他,否,eea.gd 官方
,,广州航海学院(联合培养),普通,06,206,不限,物理,12,495,157086,5500,其他,否,eea.gd 官方
,,广州航海学院(中外合作办学),普通,07,207,不限,物理,80,485,173995,5500,其他,否,eea.gd 官方
,,广东警官学院                   &gt;,普通,01,201,不限,物理,49,544,78727,5500,其他,否,eea.gd 官方
,,深圳职业技术大学       v,普通,01,201,不限,物理,15,581,36126,5500,其他,否,eea.gd 官方
,,深圳职业技术大学      AX,普通,02,202,不限,物理,197,564,54061,5500,其他,否,eea.gd 官方
,,成都工业学院,普通,01,201,不限,物理,2,543,80245,5500,其他,否,eea.gd 官方
,,北京信息科技大学,普通,01,201,不限,物理,17,574,43421,5500,其他,否,eea.gd 官方
,,扬州大学        L,普通,03,203,不限,物理,2,551,69623,5500,其他,否,eea.gd 官方
,,扬州大学,普通,04,204,不限,物理,11,555,64673,5500,其他,否,eea.gd 官方
,,三江学院,普通,03,203,不限,物理,13,481,182696,5500,其他,否,eea.gd 官方
,,三江学院,普通,04,204,不限,物理,34,482,180868,5500,其他,否,eea.gd 官方
,,三江学院,普通,05,205,不限,物理,37,477,188665,5500,其他,否,eea.gd 官方
,,齐齐哈尔医学院,普通,04,204,不限,物理,30,502,143933,5500,其他,否,eea.gd 官方
,,齐齐哈尔医学院,普通,05,205,不限,物理,20,531,97296,5500,其他,否,eea.gd 官方
,,齐齐哈尔医学院,普通,06,206,不限,物理,8,492,161638,5500,其他,否,eea.gd 官方
,,齐齐哈尔医学院,普通,07,207,不限,物理,30,515,122653,5500,其他,否,eea.gd 官方
,,荆楚理工学院(中外合作办学),普通,02,202,不限,物理,3,487,170870,5500,荆门,否,eea.gd 官方
,,湖南工程学院,普通,03,203,不限,物理,9,506,136561,5500,其他,否,eea.gd 官方
,,中国人民警察大学,普通,03,203,不限,物理,3,535,90487,5500,其他,否,eea.gd 官方
,,湖南工程学院(中外合作办学),普通,04,204,不限,物理,6,500,148242,5500,其他,否,eea.gd 官方
,,商洛学院,普通,03,203,不限,物理,2,496,155161,5500,其他,否,eea.gd 官方
,,商洛学院,普通,04,204,不限,物理,1,499,149207,5500,其他,否,eea.gd 官方
,,商洛学院,普通,05,? 205,不限,物理,1,502,144854,5500,其他,否,eea.gd 官方
,,西安培华学院,普通,03,203,不限,物理,5,480,183935,5500,其他,否,eea.gd 官方
,,西安培华学院,普通,04,204,不限,物理,8,485,174955,5500,其他,否,eea.gd 官方
,,西安培华学院,普通,05,205,不限,物理,2,486,172993,5500,其他,否,eea.gd 官方
,,西安培华学院,普通,09,209,不限,物理,4,464,212646,5500,其他,否,eea.gd 官方
,,甘肃政法大学,普通,03,203,不限,物理,2,550,70387,5500,其他,否,eea.gd 官方
,,甘肃政法大学,普通,04,204,不限,物理,1,538,86264,5500,其他,否,eea.gd 官方
,,甘肃政法大学,普通,05,205,不限,物理,1,543,80297,5500,其他,否,eea.gd 官方
,,北方民族大学,普通,02,202,不限,物理,4,506,137328,5500,其他,否,eea.gd 官方
,,北方民族大学,普通,03,203,不限,物理,5,512,126615,5500,其他,否,eea.gd 官方
,,北方民族大学(中外合作办学),普通,04,204,不限,物理,5,507,135091,5500,其他,否,eea.gd 官方
,,中国矿业大学(北京),211,01,201,不限,物理,4,589,29695,5500,其他,否,eea.gd 官方
,,中国矿业大学(北京)                        A,普通,02,202,不限,物理,29,581,36142,5500,其他,否,eea.gd 官方
,,中国矿业大学(北京)                   Q,普通,03,203,不限,物理,5,585,33207,5500,其他,否,eea.gd 官方
,,中国石油大学(北京),普通,03,203,不限,物理,2,592,27666,5500,其他,否,eea.gd 官方
,,中国石油大学（北京）,211,04,204,不限,物理,21,600,22175,5500,北京,否,eea.gd 官方
,,中国地质大学(北京）,普通,04,204,不限,物理,3,582,35668,5500,其他,否,eea.gd 官方
,,中国地质大学（北京）,211,05,205,不限,物理,4,586,32642,5500,北京,否,eea.gd 官方
,,中国地质大学(北京),普通,06,206,不限,物理,40,584,33593,5500,其他,否,eea.gd 官方
,,昆明学院,普通,05,205,不限,物理,2,519,116062,5500,其他,否,eea.gd 官方
,,昆明学院,普通,04,204,不限,物理,5,494,158679,5500,其他,否,eea.gd 官方
,,昆明学院,普通,03,203,不限,物理,9,504,141680,5500,其他,否,eea.gd 官方
,,五邑大学                              V&gt;,普通,04,204,不限,物理,242,509,132511,5500,其他,否,eea.gd 官方
,,仲恺农业工程学院,普通,02,202,不限,物理,508,510,130777,5500,其他,否,eea.gd 官方
,,仲恺农业工程学院,普通,03,203&lt;,不限,物理,1659,509,131971,5500,其他,否,eea.gd 官方
,,仲恺农业工程学院,普通,04,204,不限,物理,62,510,130833,5500,其他,否,eea.gd 官方
,,仲恺农业工程学院,普通,05,205,不限,物理,102,509,132071,5500,其他,否,eea.gd 官方
,,仲恺农业工程学院(国际班）,普通,06,206,不限,物理,30,491,163965,5500,其他,否,eea.gd 官方
,,仲恺农业工程学院(国际班)                  M,普通,07,207,不限,物理,20,498,151051,5500,其他,否,eea.gd 官方
,,五邑大学                                      x,普通,01,201,不限,物理,582,499,148915,5500,其他,否,eea.gd 官方
,,五邑大学                                      m,普通,02,202,不限,物理,112,499,149389,5500,其他,否,eea.gd 官方
,,五邑大学                                         V,普通,03,203,不限,物理,1388,521,112273,5500,其他,否,eea.gd 官方
,,五邑大学                              X,普通,05,205,不限,物理,856,506,136779,5500,其他,否,eea.gd 官方
,,玉溪师范学院,普通,03,203,不限,物理,2,506,137375,5500,其他,否,eea.gd 官方
,,五邑大学                   v,普通,06,206,不限,物理,207,504,140991,5500,其他,否,eea.gd 官方
,,五邑大学                    1X,普通,07,207,不限,物理,216,517,118834,5500,其他,否,eea.gd 官方
,,五邑大学                       1,普通,08,208,不限,物理,80,531,97738,5500,其他,否,eea.gd 官方
,,五邑大学（联合培养）,普通,09,209,不限,物理,100,499,150135,5500,其他,否,eea.gd 官方
,,梧州学院       1,普通,02,202,不限,物理,10,496,154353,5500,其他,否,eea.gd 官方
,,梧州学院,普通,03,203,不限,物理,2,501,146183,5500,其他,否,eea.gd 官方
,,梧州学院             ?,普通,04,204,不限,物理,26,501,146011,5500,其他,否,eea.gd 官方
,,攀枝花学院,普通,02,202,不限,物理,6,499,149562,5500,其他,否,eea.gd 官方
,,玉溪师范学院,普通,02,202,不限,物理,2,506,136801,5500,其他,否,eea.gd 官方
,,广州航海学院,普通,01,201,不限,物理,1298,505,138428,5500,其他,否,eea.gd 官方
,,中国人民警察大学,普通,02,202&lt;,不限,物理,30,538,85894,5500,其他,否,eea.gd 官方
,,桂林旅游学院,普通,08,208,不限,物理,2,503,143382,5500,其他,否,eea.gd 官方
,,青岛大学,普通,05,205,不限,物理,2,532,95170,5500,其他,否,eea.gd 官方
,,金陵科技学院,普通,03,203,不限,物理,10,522,110486,5500,其他,否,eea.gd 官方
,,金陵科技学院,普通,04,204,不限,物理,1,523,109962,5500,其他,否,eea.gd 官方
,,淮阴工学院,普通,01,201,不限,物理,6,501,145303,5500,其他,否,eea.gd 官方
,,淮阴工学院                                   M,普通,02,202,不限,物理,2,512,126411,5500,其他,否,eea.gd 官方
,,淮阴工学院                              2,普通,03,203,不限,物理,2,510,129844,5500,其他,否,eea.gd 官方
,,徐州工程学院,普通,03,203,不限,物理,3,513,126315,5500,其他,否,eea.gd 官方
,,常州工学院,普通,01,201,不限,物理,5,503,142798,5500,其他,否,eea.gd 官方
,,常州工学院                           &gt;,普通,02,202,不限,物理,10,502,143854,5500,其他,否,eea.gd 官方
,,浙江科技大学              XY,普通,02,202,不限,物理,34,538,85938,5500,其他,否,eea.gd 官方
,,浙江科技大学（联合培养）WA,普通,03,203,不限,物理,5,543,79921,5500,其他,否,eea.gd 官方
,,宁波工程学院                 N  1,普通,01,201,不限,物理,6,521,113080,5500,其他,否,eea.gd 官方
,,宁波工程学院   入&gt;,普通,02,202,不限,物理,20,529,100411,5500,其他,否,eea.gd 官方
,,宁波工程学院,普通,03,203,不限,物理,2,522,110725,5500,其他,否,eea.gd 官方
,,合肥大学,普通,01,201,不限,物理,2,524,107857,5500,其他,否,eea.gd 官方
,,合肥大学,普通,02,202,不限,物理,2,527,102872,5500,其他,否,eea.gd 官方
,,合肥大学&gt;,普通,03,203,不限,物理,9,516,121478,5500,其他,否,eea.gd 官方
,,合肥大学,普通,04,204,不限,物理,3,521,111980,5500,其他,否,eea.gd 官方
,,厦门理工学院(中外合作办学),普通,03,203,不限,物理,30,548,73088,5500,其他,否,eea.gd 官方
,,厦门理工学院,普通,04,204,不限,物理,25,547,74769,5500,其他,否,eea.gd 官方
,,青岛大学,普通,02,202,不限,物理,10,543,80145,5500,其他,否,eea.gd 官方
,,青岛大学,普通,03,203,不限,物理,25,541,82417,5500,其他,否,eea.gd 官方
,,金陵科技学院,普通,02,202,不限,物理,3,527,103993,5500,其他,否,eea.gd 官方
,,上海立信会计金融学院,普通,03,203,不限,物理,6,549,71479,5500,其他,否,eea.gd 官方
,,上海立信会计金融学院,普通,02,202,不限,物理,12,541,82194,5500,其他,否,eea.gd 官方
,,吉林外国语大学,普通,03,203,不限,物理,30,486,173599,5500,其他,否,eea.gd 官方
,,黄淮学院（中外合作办学）      &gt;,普通,04,204,不限,物理,5,490,164889,5500,其他,否,eea.gd 官方
,,黄淮学院                     X,普通,05,205,不限,物理,5,495,157286,5500,其他,否,eea.gd 官方
,,平顶山学院           /      1,普通,02,202,不限,物理,2,492,162390,5500,其他,否,eea.gd 官方
,,平顶山学院       Y,普通,03,203,不限,物理,2,502,144578,5500,其他,否,eea.gd 官方
,,湖北理工学院 1,普通,03,203,不限,物理,11,515,121625,5500,其他,否,eea.gd 官方
,,湖北科技学院,普通,01,201,不限,物理,2,522,110533,5500,咸宁,否,eea.gd 官方
,,湖北科技学院,普通,02,202,不限,物理,8,521,113254,5500,咸宁,否,eea.gd 官方
,,湖北科技学院（中外合作办学）,普通,03,203,不限,物理,2,515,122149,5500,咸宁,否,eea.gd 官方
,,湖北医药学院,普通,01,201,不限,物理,8,517,119569,5500,十堰,否,eea.gd 官方
,,吉林外国语大学,普通,04,204,不限,物理,91,483,179144,5500,其他,否,eea.gd 官方
,,沈阳大学(中外合作办学),普通,03,203,不限,物理,2,522,111525,5500,其他,否,eea.gd 官方
,,吉林外国语大学(中外合作办学),普通,05,205,不限,物理,2,477,190091,5500,其他,否,eea.gd 官方
,,新疆工程学院,普通,01,201,不限,物理,39,488,169332,5500,其他,否,eea.gd 官方
,,新疆工程学院,普通,02,202,不限,物理,6,487,170528,5500,其他,否,eea.gd 官方
,,新疆工程学院,普通,03,203,不限,物理,5,488,169361,5500,其他,否,eea.gd 官方
,,昌吉学院,普通,03,?203,不限,物理,1,491,163680,5500,其他,否,eea.gd 官方
,,昌吉学院,普通,04,204,不限,物理,4,488,168836,5500,其他,否,eea.gd 官方
,,昌吉学院(校企联合培养）,普通,05,205,不限,物理,7,487,170660,5500,其他,否,eea.gd 官方
,,沈阳大学（中外合作办学）,普通,01,201,不限,物理,2,513,126250,5500,其他,否,eea.gd 官方
,,沈阳大学,普通,02,202,不限,物理,31,516,120020,5500,其他,否,eea.gd 官方
,,青岛大学,普通,04,204,不限,物理,13,550,70558,5500,其他,否,eea.gd 官方
,,烟台大学,普通,03,203,不限,物理,4,529,100731,5500,其他,否,eea.gd 官方
,,中国人民警察大学,普通,01,201,不限,物理,8,540,83841,5500,其他,否,eea.gd 官方
,,烟台大学                                      x,普通,04,204,不限,物理,10,528,101620,5500,其他,否,eea.gd 官方
,,广州大学,普通,02,202,不限,物理,534,552,67305,5500,其他,否,eea.gd 官方
,,广州大学,普通,03,203,不限,物理,2168,546,75046,5500,其他,否,eea.gd 官方
,,广州大学,普通,04,204,不限,物理,135,562,55732,5500,其他,否,eea.gd 官方
,,广州大学（中外合作办学）,普通,05,205,不限,物理,20,536,89227,5500,其他,否,eea.gd 官方
,,广州大学(地方专项),普通,20,220,不限,物理,57,532,95103,5500,其他,否,eea.gd 官方
,,广州大学(地方专项),普通,21,221,不限,物理,63,533,93533,5500,其他,否,eea.gd 官方
,,成都大学,普通,04,204,不限,物理,7,549,71731,5500,其他,否,eea.gd 官方
,,成都大学（中外合作办学）                 A,普通,05,205,不限,物理,6,530,98865,5500,其他,否,eea.gd 官方
,,成都大学,普通,06,206,不限,物理,36,553,66521,5500,其他,否,eea.gd 官方
,,成都大学（中外合作办学）,普通,07,207,不限,物理,10,539,85421,5500,其他,否,eea.gd 官方
,,成都大学,普通,08,208,不限,物理,3,562,56094,5500,其他,否,eea.gd 官方
,,成都大学                              &gt;,普通,09,209,不限,物理,2,556,63205,5500,其他,否,eea.gd 官方
,,成都大学（中外合作办学）X,普通,17,217,不限,物理,6,543,79273,5500,其他,否,eea.gd 官方
,,西安文理学院              W,普通,02,202,不限,物理,4,517,119340,5500,其他,否,eea.gd 官方
,,海南热带海洋学院（中外合作办学）,普通,04,204,不限,物理,6,488,169201,5500,其他,否,eea.gd 官方
,,海南热带海洋学院,普通,05,205,不限,物理,10,506,136746,5500,其他,否,eea.gd 官方
,,海南热带海洋学院,普通,06,206,不限,物理,21,496,154668,5500,其他,否,eea.gd 官方
,,华北科技学院,普通,06,206,不限,物理,8,500,148541,5500,其他,否,eea.gd 官方
,,华北科技学院,普通,07,207,不限,物理,5,497,152624,5500,其他,否,eea.gd 官方
,,华北科技学院,普通,08,208,不限,物理,31,497,153190,5500,其他,否,eea.gd 官方
,,华北科技学院,普通,09,209,不限,物理,6,501,146424,5500,其他,否,eea.gd 官方
,,广州大学,普通,01,201,不限,物理,960,551,68616,5500,其他,否,eea.gd 官方
,,长沙学院,普通,10,210,不限,物理,2,528,102262,5500,其他,否,eea.gd 官方
,,长沙学院,普通,09,209,不限,物理,4,517,118777,5500,其他,否,eea.gd 官方
,,新乡学院,普通,01,201,不限,物理,8,490,164699,5500,其他,否,eea.gd 官方
,,烟台大学（本科预科班）                     v,普通,05,205,不限,物理,3,470,202818,5500,其他,否,eea.gd 官方
,,潍坊学院,普通,03,203,不限,物理,4,497,152716,5500,其他,否,eea.gd 官方
,,潍坊学院,普通,04,204,不限,物理,5,492,162781,5500,其他,否,eea.gd 官方
,,潍坊学院                         &gt;,普通,05,205,不限,物理,3,488,168698,5500,其他,否,eea.gd 官方
,,郑州工程技术学院        v           Y,普通,02,202,不限,物理,7,496,155763,5500,其他,否,eea.gd 官方
,,郑州工程技术学院      AX,普通,03,203,不限,物理,16,493,161046,5500,其他,否,eea.gd 官方
,,洛阳理工学院        /   ? ?,普通,02,202,不限,物理,7,495,157197,5500,其他,否,eea.gd 官方
,,洛阳理工学院,普通,03,203,不限,物理,49,504,141111,5500,其他,否,eea.gd 官方
,,洛阳理工学院(中外合作办学),普通,04,204,不限,物理,14,486,171879,5500,其他,否,eea.gd 官方
,,江汉大学,普通,02,202,不限,物理,6,533,93520,5500,武汉,否,eea.gd 官方
,,长沙学院,普通,08,208,不限,物理,2,537,88330,5500,其他,否,eea.gd 官方
,,三峡大学,普通,02,202,不限,物理,4,549,71765,5500,宜昌,否,eea.gd 官方
,,三峡大学,普通,03,203,不限,物理,14,553,67111,5500,宜昌,否,eea.gd 官方
,,三峡大学,普通,04,204,不限,物理,30,588,30678,5500,宜昌,否,eea.gd 官方
,,峡大学（中外合作办学）,普通,06,206,不限,物理,30,581,36923,5500,其他,否,eea.gd 官方
,,三峡大学,普通,08,208,不限,物理,6,544,77870,5500,宜昌,否,eea.gd 官方
,,长沙学院,普通,04,204,不限,物理,5,518,118026,5500,其他,否,eea.gd 官方
,,长沙学院,普通,05,205,不限,物理,6,519,116592,5500,其他,否,eea.gd 官方
,,长沙学院,普通,06,206,不限,物理,21,525,106675,5500,其他,否,eea.gd 官方
,,长沙学院,普通,07,?207,不限,物理,4,518,118192,5500,其他,否,eea.gd 官方
,,北京联合大学,普通,02,202,不限,物理,1,541,82093,5500,其他,否,eea.gd 官方
,,北京联合大学,普通,03,203,不限,物理,7,550,71037,5500,其他,否,eea.gd 官方
,,北京城市学院,普通,02,202,不限,物理,10,481,181941,5500,其他,否,eea.gd 官方
,,贵州商学院（中外合作办学）,普通,04,204,不限,物理,3,489,167988,5500,其他,否,eea.gd 官方
,,海南师范大学             v   &gt;,普通,15,215,不限,物理,3,548,73253,5500,其他,否,eea.gd 官方
,,海南师范大学            AX,普通,16,216,不限,物理,5,554,65939,5500,其他,否,eea.gd 官方
,,海南师范大学       最,普通,23,223,不限,物理,2,521,112357,5500,其他,否,eea.gd 官方
,,重庆理工大学,普通,04,204,不限,物理,4,546,75840,5500,其他,否,eea.gd 官方
,,重庆理工大学 1,普通,05,205,不限,物理,35,557,62319,5500,其他,否,eea.gd 官方
,,重庆理工大学,普通,06,206,不限,物理,6,546,75680,5500,其他,否,eea.gd 官方
,,西安邮电大学,普通,03,203,不限,物理,10,548,73214,5500,其他,否,eea.gd 官方
,,西安邮电大学,普通,04,204,不限,物理,40,568,49454,5500,其他,否,eea.gd 官方
,,西安邮电大学,普通,05,205,不限,物理,7,562,56262,5500,其他,否,eea.gd 官方
,,西安邮电大学(本科预科班),普通,06,206,不限,物理,30,464,213003,5500,其他,否,eea.gd 官方
,,山东工商学院,普通,04,204,不限,物理,14,497,152382,5500,其他,否,eea.gd 官方
,,山东工商学院,普通,05,205,不限,物理,5,502,144956,5500,其他,否,eea.gd 官方
,,长春大学,普通,04,204,不限,物理,3,510,130355,5500,其他,否,eea.gd 官方
,,长春大学,普通,05,205,不限,物理,16,518,117841,5500,其他,否,eea.gd 官方
,,长春大学（中外合作办学）,普通,06,206,不限,物理,2,506,137145,5500,其他,否,eea.gd 官方
,,长春大学（中外合作办学）,普通,07,207,不限,物理,2,503,141917,5500,其他,否,eea.gd 官方
,,长春大学（中外合作办学）,普通,08,208,不限,物理,3,506,138073,5500,其他,否,eea.gd 官方
,,长春大学(中外合作办学),普通,09,209,不限,物理,3,489,166987,5500,其他,否,eea.gd 官方
,,长春大学(中外合作办学),普通,10,210,不限,物理,4,498,151772,5500,其他,否,eea.gd 官方
,,长春大学(中外合作办学),普通,11,211,不限,物理,4,505,138748,5500,其他,否,eea.gd 官方
,,长春大学（中外合作办学）,普通,12,212,不限,物理,2,492,161745,5500,其他,否,eea.gd 官方
,,海南师范大学                        X,普通,14,214,不限,物理,2,557,61912,5500,其他,否,eea.gd 官方
,,海南师范大学                        V&gt;,普通,13,213,不限,物理,8,550,69998,5500,其他,否,eea.gd 官方
,,海南师范大学                                   H,普通,12,212,不限,物理,2,558,61117,5500,其他,否,eea.gd 官方
,,东石油化工学院,普通,01,201,不限,物理,1039,497,153641,5500,其他,否,eea.gd 官方
,,河南财政金融学院,普通,03,203,不限,物理,4,495,156013,5500,其他,否,eea.gd 官方
,,河南财政金融学院,普通,04,204,不限,物理,5,507,136328,5500,其他,否,eea.gd 官方
,,南阳理工学院,普通,05,205,不限,物理,1,505,138845,5500,其他,否,eea.gd 官方
,,南阳理工学院              XY,普通,06,206,不限,物理,5,496,154331,5500,其他,否,eea.gd 官方
,,南阳理工学院             WA,普通,07,207,不限,物理,3,497,153974,5500,其他,否,eea.gd 官方
,,南阳理工学院                Y,普通,08,208,不限,物理,1,502,144796,5500,其他,否,eea.gd 官方
,,南阳理工学院,普通,09,209,不限,物理,35,491,163385,5500,其他,否,eea.gd 官方
,,南阳理工学院,普通,10,210,不限,物理,13,491,164020,5500,其他,否,eea.gd 官方
,,南阳理工学院,普通,12,212,不限,物理,5,491,163490,5500,其他,否,eea.gd 官方
,,东石油化工学院,普通,02,202,不限,物理,1136,498,151638,5500,其他,否,eea.gd 官方
,,海南师范大学,普通,11,211,不限,物理,4,536,89164,5500,其他,否,eea.gd 官方
,,广东石油化工学院,普通,03,203,不限,物理,1089,495,156819,5500,其他,否,eea.gd 官方
,,广东石油化工学院,普通,04,204,不限,物理,753,492,161916,5500,其他,否,eea.gd 官方
,,广东石油化工学院,普通,05,205,不限,物理,491,491,163007,5500,其他,否,eea.gd 官方
,,东石油化工学院,普通,06,206,不限,物理,40,514,124618,5500,其他,否,eea.gd 官方
,,广东石油化工学院,普通,07,207,不限,物理,32,510,130333,5500,其他,否,eea.gd 官方
,,广东石油化工学院,普通,08,208,不限,物理,566,500,147411,5500,其他,否,eea.gd 官方
,,海南师范大学,普通,08,208,不限,物理,2,567,50205,5500,其他,否,eea.gd 官方
,,海南师范大学,普通,09,209,不限,物理,6,539,85018,5500,其他,否,eea.gd 官方
,,海南师范大学                                x,普通,10,210,不限,物理,4,546,75292,5500,其他,否,eea.gd 官方
,,贵州商学院,普通,03,203,不限,物理,2,496,154654,5500,其他,否,eea.gd 官方
,,贵州商学院,普通,05,205,不限,物理,4,503,142113,5500,其他,否,eea.gd 官方
,,河北金融学院,普通,03,203,不限,物理,6,497,153184,5500,其他,否,eea.gd 官方
,,西安航空学院,普通,01,201,不限,物理,4,505,139616,5500,其他,否,eea.gd 官方
,,东莞理工学院                         1      V,普通,02,202,不限,物理,1930,534,92989,5500,其他,否,eea.gd 官方
,,东莞理工学院                        V&gt;,普通,03,203,不限,物理,106,535,91595,5500,其他,否,eea.gd 官方
,,东莞理工学院                        X,普通,04,204,不限,物理,517,529,100554,5500,其他,否,eea.gd 官方
,,东莞理工学院             v  √      1,普通,05,205,不限,物理,143,525,105850,5500,其他,否,eea.gd 官方
,,东莞理工学院（地方专项）TX,普通,15,215,不限,物理,90,526,105131,5500,其他,否,eea.gd 官方
,,东莞理工学院(粤台联合培养),普通,17,217,不限,物理,214,538,86658,5500,其他,否,eea.gd 官方
,,东莞理工学院（中外合作办学）,普通,19,219,不限,物理,96,534,93294,5500,其他,否,eea.gd 官方
,,东莞理工学院,普通,23,223,不限,物理,93,541,82259,5500,其他,否,eea.gd 官方
,,东莞理工学院(粤台联合培养),普通,24,224,不限,物理,28,533,94169,5500,其他,否,eea.gd 官方
,,桂林航天工业学院,普通,02,202,不限,物理,6,515,122831,5500,其他,否,eea.gd 官方
,,桂林航天工业学院,普通,03,203,不限,物理,28,520,114137,5500,其他,否,eea.gd 官方
,,桂林航天工业学院(中外合作办学),普通,04,204,不限,物理,6,502,144050,5500,其他,否,eea.gd 官方
,,上海杉达学院(中外合作办学),普通,03,203,不限,物理,1,521,113126,5500,其他,否,eea.gd 官方
,,上海杉达学院,普通,04,204,不限,物理,3,509,132505,5500,其他,否,eea.gd 官方
,,黄河科技学院,普通,02,202,不限,物理,4,484,176386,5500,其他,否,eea.gd 官方
,,黄河科技学院,普通,03,203,不限,物理,10,487,170381,5500,其他,否,eea.gd 官方
,,上海政法学院,普通,04,204,不限,物理,2,563,54146,5500,其他,否,eea.gd 官方
,,上海政法学院,普通,05,205,不限,物理,30,564,53652,5500,其他,否,eea.gd 官方
,,上海政法学院,普通,06,? 206,不限,物理,4,590,28966,5500,其他,否,eea.gd 官方
,,桂林旅游学院,普通,05,205,不限,物理,2,503,142928,5500,其他,否,eea.gd 官方
,,桂林旅游学院,普通,06,206,不限,物理,10,497,153638,5500,其他,否,eea.gd 官方
,,东莞理工学院                                vn,普通,01,201,不限,物理,267,556,62720,5500,其他,否,eea.gd 官方
,,海南医科大学                                x,普通,04,204,不限,物理,4,533,94756,5500,其他,否,eea.gd 官方
,,海南医科大学(中外合作办学)               M,普通,03,203,不限,物理,9,496,155526,5500,其他,否,eea.gd 官方
,,武汉东湖学院,普通,04,204,不限,物理,13,478,187092,5500,武汉,否,eea.gd 官方
,,西安航空学院,普通,02,202,不限,物理,3,514,123091,5500,其他,否,eea.gd 官方
,,西安航空学院(中外合作办学),普通,03,203,不限,物理,8,503,142506,5500,其他,否,eea.gd 官方
,,河南城建学院                                A,普通,02,202,不限,物理,16,490,166013,5500,其他,否,eea.gd 官方
,,防灾科技学院,普通,04,204,不限,物理,2,505,138741,5500,其他,否,eea.gd 官方
,,防灾科技学院,普通,05,205,不限,物理,16,503,142868,5500,其他,否,eea.gd 官方
,,防灾科技学院,普通,06,206,不限,物理,16,509,131812,5500,其他,否,eea.gd 官方
,,防灾科技学院,普通,07,207,不限,物理,3,519,116515,5500,其他,否,eea.gd 官方
,,防灾科技学院              XY,普通,08,208,不限,物理,11,509,132041,5500,其他,否,eea.gd 官方
,,武汉东湖学院             WA,普通,03,203,不限,物理,4,479,186209,5500,其他,否,eea.gd 官方
,,重庆工商大学      S,普通,04,204,不限,物理,13,537,87507,5500,其他,否,eea.gd 官方
,,海南医科大学,普通,02,202,不限,物理,20,554,65822,5500,其他,否,eea.gd 官方
,,重庆工商大学（联合培养）,普通,05,205,不限,物理,7,523,109786,5500,其他,否,eea.gd 官方
,,重庆工商大学,普通,08,208,不限,物理,2,523,110004,5500,其他,否,eea.gd 官方
,,汉口学院&gt;,普通,03,203,不限,物理,25,480,184296,5500,其他,否,eea.gd 官方
,,黑龙江工程学院,普通,03,203,不限,物理,10,493,159566,5500,其他,否,eea.gd 官方
,,黑龙江工程学院,普通,04,204,不限,物理,4,492,161653,5500,其他,否,eea.gd 官方
,,黑龙江工程学院,普通,05,205,不限,物理,30,497,152777,5500,其他,否,eea.gd 官方
,,黑龙江工程学院,普通,06,206,不限,物理,34,492,162142,5500,其他,否,eea.gd 官方
,,黑龙江工程学院,普通,07,207,不限,物理,6,492,161555,5500,其他,否,eea.gd 官方
,,黑龙江工程学院,普通,08,208,不限,物理,3,514,124261,5500,其他,否,eea.gd 官方
,,浙江传媒学院                           2,普通,12,212,不限,物理,14,537,88752,5500,其他,否,eea.gd 官方
,,浙江传媒学院                                A,普通,08,208,不限,物理,4,529,100424,5500,其他,否,eea.gd 官方
,,浙江传媒学院,普通,07,207,不限,物理,53,537,88299,5500,其他,否,eea.gd 官方
,,浙江传媒学院（中外合作办学）,普通,06,206,不限,物理,2,542,81046,5500,其他,否,eea.gd 官方
,,山东交通学院,普通,01,201,不限,物理,30,509,131675,5500,其他,否,eea.gd 官方
,,山东交通学院,普通,02,202,不限,物理,8,496,154259,5500,其他,否,eea.gd 官方
,,河南工程学院,普通,02,202,不限,物理,9,500,148421,5500,其他,否,eea.gd 官方
,,河南工程学院,普通,03,203,不限,物理,29,494,158179,5500,其他,否,eea.gd 官方
,,河南工程学院,普通,04,204,不限,物理,2,500,147030,5500,其他,否,eea.gd 官方
,,河南工程学院,普通,05,205,不限,物理,6,501,145979,5500,其他,否,eea.gd 官方
,,河南工程学院,普通,06,1206,不限,物理,6,502,144882,5500,其他,否,eea.gd 官方
,,湖南城市学院,普通,04,204,不限,物理,4,511,128537,5500,其他,否,eea.gd 官方
,,湖南城市学院,普通,05,205,不限,物理,16,505,138240,5500,其他,否,eea.gd 官方
,,湖南工学院,普通,01,201,不限,物理,6,509,132273,5500,其他,否,eea.gd 官方
,,湖南工学院,普通,02,202,不限,物理,19,510,130570,5500,其他,否,eea.gd 官方
,,湖南财政经济学院,普通,02,202,不限,物理,16,515,122913,5500,其他,否,eea.gd 官方
,,湖南财政经济学院,普通,03,203,不限,物理,7,518,118096,5500,其他,否,eea.gd 官方
,,湖南警察学院,普通,03,203,不限,物理,2,539,84900,5500,其他,否,eea.gd 官方
,,湖南警察学院,普通,04,204,不限,物理,4,527,103193,5500,其他,否,eea.gd 官方
,,湖南警察学院,普通,05,205,不限,物理,1,528,101499,5500,其他,否,eea.gd 官方
,,湖南工业大学,普通,02,202,不限,物理,5,536,89490,5500,其他,否,eea.gd 官方
,,湖南工业大学,普通,03,203,不限,物理,25,531,97883,5500,其他,否,eea.gd 官方
,,湖南工业大学                                A,普通,04,204,不限,物理,53,526,104531,5500,其他,否,eea.gd 官方
,,湖南工业大学                           一,普通,05,205,不限,物理,165,530,98435,5500,其他,否,eea.gd 官方
,,湖南女子学院,普通,02,202,不限,物理,3,501,145509,5500,其他,否,eea.gd 官方
,,新余学院,普通,03,203,不限,物理,30,500,148267,5500,其他,否,eea.gd 官方
,,江西警察学院,普通,03,203,不限,物理,5,524,108076,5500,其他,否,eea.gd 官方
,,江西警察学院,普通,02,202,不限,物理,4,533,94591,5500,其他,否,eea.gd 官方
,,吉林农业科技学院(中外合作办学),普通,04,204,不限,物理,2,497,153826,5500,其他,否,eea.gd 官方
,,河北金融学院(校企联合培养),普通,04,204,不限,物理,5,500,147710,5500,其他,否,eea.gd 官方
,,河北金融学院,普通,05,205,不限,物理,5,497,153346,5500,其他,否,eea.gd 官方
,,河北金融学院(中外合作办学),普通,06,206,不限,物理,4,492,162724,5500,其他,否,eea.gd 官方
,,长春汽车职业技术大学,普通,01,201,不限,物理,12,496,155455,5500,其他,否,eea.gd 官方
,,长春工程学院,普通,01,201,不限,物理,2,496,155637,5500,其他,否,eea.gd 官方
,,长春工程学院,普通,02,202,不限,物理,28,494,159026,5500,其他,否,eea.gd 官方
,,长春工程学院(本科预科班),普通,03,203,不限,物理,30,438,259593,5500,其他,否,eea.gd 官方
,,吉林农业科技学院,普通,02,202,不限,物理,2,496,155456,5500,其他,否,eea.gd 官方
,,吉林农业科技学院,普通,03,203,不限,物理,14,490,166112,5500,其他,否,eea.gd 官方
,,黑龙江东方学院                             x,普通,01,201,不限,物理,5,474,195376,5500,其他,否,eea.gd 官方
,,浙江财经大学(中外合作办学),普通,09,209,不限,物理,3,524,107775,5500,其他,否,eea.gd 官方
,,黑龙江东方学院                             vn,普通,02,202,不限,物理,55,466,209544,5500,其他,否,eea.gd 官方
,,上海电机学院,普通,01,201,不限,物理,12,540,83824,5500,其他,否,eea.gd 官方
,,上海电机学院（中外合作办学）   PV&gt;,普通,02,202,不限,物理,5,535,90553,5500,其他,否,eea.gd 官方
,,江苏理工学院                         K,普通,02,202,不限,物理,5,532,95388,5500,其他,否,eea.gd 官方
,,江苏理工学院              v            Y,普通,03,203,不限,物理,2,509,131780,5500,其他,否,eea.gd 官方
,,浙江财经大学             AX,普通,03,203,不限,物理,26,548,73292,5500,其他,否,eea.gd 官方
,,浙江财经大学（中外合作办学）,普通,04,204,不限,物理,1,565,52413,5500,其他,否,eea.gd 官方
,,浙江财经大学,普通,05,205,不限,物理,10,556,62496,5500,其他,否,eea.gd 官方
,,浙江财经大学(中外合作办学),普通,08,208,不限,物理,4,549,71674,5500,其他,否,eea.gd 官方
,,广东金融学院,普通,21,221,不限,物理,921,526,104914,5500,其他,否,eea.gd 官方
,,广东金融学院,普通,22,222,不限,物理,850,516,121332,5500,其他,否,eea.gd 官方
,,东金融学院              XV,普通,23,223,不限,物理,93,534,92181,5500,其他,否,eea.gd 官方
,,北部湾大学（中外合作办学）,普通,11,211,不限,物理,12,495,156614,5500,其他,否,eea.gd 官方
,,西安财经大学,普通,05,205,不限,物理,2,548,72806,5500,其他,否,eea.gd 官方
,,湖北经济学院,普通,03,203,不限,物理,6,526,105220,5500,武汉,否,eea.gd 官方
,,湖北经济学院,普通,04,204,不限,物理,6,532,94940,5500,武汉,否,eea.gd 官方
,,北部湾大学,普通,05,205,不限,物理,12,506,138056,5500,其他,否,eea.gd 官方
,,北部湾大学(中外合作办学),普通,06,206,不限,物理,30,489,167829,5500,其他,否,eea.gd 官方
,,北部湾大学,普通,07,207,不限,物理,30,526,105230,5500,其他,否,eea.gd 官方
,,北部湾大学,普通,08,208,不限,物理,6,519,115588,5500,其他,否,eea.gd 官方
,,北部湾大学,普通,09,209,不限,物理,14,504,141199,5500,其他,否,eea.gd 官方
,,北部湾大学（中外合作办学）,普通,10,210,不限,物理,16,486,172013,5500,其他,否,eea.gd 官方
,,北华航天工业学院,普通,02,202,不限,物理,3,513,125747,5500,其他,否,eea.gd 官方
,,西安财经大学,普通,03,203,不限,物理,4,532,95781,5500,其他,否,eea.gd 官方
,,北华航天工业学院,普通,03,203,不限,物理,9,522,111829,5500,其他,否,eea.gd 官方
,,沈阳工程学院,普通,01,201,不限,物理,6,560,58033,5500,其他,否,eea.gd 官方
,,江苏海洋大学,普通,02,202,不限,物理,1,550,70786,5500,其他,否,eea.gd 官方
,,宁波大学,普通,03,203,不限,物理,3,589,29921,5500,其他,否,eea.gd 官方
,,宁波大学,普通,04,204,不限,物理,6,569,48027,5500,其他,否,eea.gd 官方
,,宁波大学,普通,05,205,不限,物理,41,568,49417,5500,其他,否,eea.gd 官方
,,宁波大学,普通,06,206,不限,物理,21,569,48711,5500,其他,否,eea.gd 官方
,,浙江传媒学院,普通,04,204,不限,物理,1,532,96006,5500,其他,否,eea.gd 官方
,,浙江传媒学院,普通,05,205,不限,物理,16,538,86710,5500,其他,否,eea.gd 官方
,,西安财经大学（中外合作办学）,普通,04,204,不限,物理,6,528,101528,5500,其他,否,eea.gd 官方
,,四川旅游学院（中外合作办学）,普通,01,201,不限,物理,2,492,161166,5500,其他,否,eea.gd 官方
,,东金融学院             WA,普通,24,224,不限,物理,209,518,117280,5500,其他,否,eea.gd 官方
,,电子科技大学中山学院,普通,04,204,不限,物理,390,487,170398,5500,其他,否,eea.gd 官方
,,东金融学院                N,普通,25,225,不限,物理,540,510,129745,5500,其他,否,eea.gd 官方
,,广东金融学院,普通,26,226,不限,物理,535,521,112025,5500,其他,否,eea.gd 官方
,,广东金融学院,普通,27,227,不限,物理,1005,512,127132,5500,其他,否,eea.gd 官方
,,东金融学院（联合培养）,普通,29,229,不限,物理,60,509,132102,5500,其他,否,eea.gd 官方
,,东金融学院（地方专项）,普通,31,231,不限,物理,20,528,101455,5500,其他,否,eea.gd 官方
,,广东金融学院(地方专项),普通,32,232,不限,物理,40,524,107535,5500,其他,否,eea.gd 官方
,,电子科技大学中山学院,普通,01,201,不限,物理,383,485,173966,5500,其他,否,eea.gd 官方
,,电子科技大学中山学院,普通,02,202,不限,物理,420,485,174334,5500,其他,否,eea.gd 官方
,,电子科技大学中山学院,普通,03,203,不限,物理,328,482,180408,5500,其他,否,eea.gd 官方
,,电子科技大学中山学院,普通,07,207,不限,物理,308,488,169087,5500,其他,否,eea.gd 官方
,,重庆科技大学            AX,普通,03,203,不限,物理,23,534,92514,5500,其他,否,eea.gd 官方
,,广西科技师范学院,普通,02,202,不限,物理,2,505,138257,5500,其他,否,eea.gd 官方
,,广西科技师范学院,普通,03,203,不限,物理,28,500,147761,5500,其他,否,eea.gd 官方
,,广西科技师范学院                              Y,普通,04,204,不限,物理,2,501,145275,5500,其他,否,eea.gd 官方
,,广西财经学院(中外合作办学）           双,普通,02,202,不限,物理,6,498,150627,5500,其他,否,eea.gd 官方
,,西财经学院                                n,普通,03,203,不限,物理,5,525,106689,5500,其他,否,eea.gd 官方
,,西财经学院（中外合作办学）             T,普通,04,204,不限,物理,3,499,148775,5500,其他,否,eea.gd 官方
,,南宁学院                              入,普通,02,202,不限,物理,12,486,173124,5500,其他,否,eea.gd 官方
,,南宁学院                              K,普通,03,203,不限,物理,30,486,173015,5500,其他,否,eea.gd 官方
,,重庆科技大学             √,普通,02,202,不限,物理,4,533,94479,5500,其他,否,eea.gd 官方
,,黄淮学院,普通,03,203,不限,物理,10,491,162851,5500,其他,否,eea.gd 官方
,,黄淮学院,普通,02,202,不限,物理,10,490,164727,5500,其他,否,eea.gd 官方
,,黄淮学院                                         T,普通,01,201,不限,物理,5,495,156536,5500,其他,否,eea.gd 官方
,,云南大学,211,04,204,不限,物理,15,559,59814,5500,其他,否,eea.gd 官方
,,遵义医科大学,普通,06,206,不限,物理,2,515,123050,5500,其他,否,eea.gd 官方
,,遵义医科大学,普通,09,209,不限,物理,114,562,56337,5500,其他,否,eea.gd 官方
,,遵义医科大学             v   &gt;,普通,10,210,不限,物理,61,519,115437,5500,其他,否,eea.gd 官方
,,遵义医科大学           AX,普通,11,211,不限,物理,18,521,113090,5500,其他,否,eea.gd 官方
,,遵义医科大学       人          ?,普通,12,212,不限,物理,52,518,118035,5500,其他,否,eea.gd 官方
,,贵州中医药大学,普通,03,203,不限,物理,2,531,97420,5500,其他,否,eea.gd 官方
,,贵州中医药大学,普通,04,204,不限,物理,2,522,111434,5500,其他,否,eea.gd 官方
,,贵州中医药大学,普通,05,205,不限,物理,7,487,171785,5500,其他,否,eea.gd 官方
,,贵州中医药大学,普通,06,206,不限,物理,28,515,122943,5500,其他,否,eea.gd 官方
,,贵州中医药大学（中外合作办学）,普通,07,207,不限,物理,5,503,142549,5500,其他,否,eea.gd 官方
,,贵州师范大学,普通,04,204,不限,物理,5,554,65258,5500,其他,否,eea.gd 官方
,,贵州师范大学,普通,05,205,不限,物理,30,527,103494,5500,其他,否,eea.gd 官方
,,贵州师范大学,普通,06,206,不限,物理,3,537,88326,5500,其他,否,eea.gd 官方
,,安顺学院,普通,04,204,不限,物理,1,502,144598,5500,其他,否,eea.gd 官方
,,安顺学院,普通,05,205,不限,物理,2,495,157224,5500,其他,否,eea.gd 官方
,,安顺学院,普通,06,206,不限,物理,1,493,160402,5500,其他,否,eea.gd 官方
,,贵州工程应用技术学院,普通,04,204,不限,物理,3,497,153867,5500,其他,否,eea.gd 官方
,,凯里学院,普通,02,?202,不限,物理,8,493,159581,5500,其他,否,eea.gd 官方
,,凯里学院,普通,03,203,不限,物理,4,496,154611,5500,其他,否,eea.gd 官方
,,凯里学院(中外合作办学),普通,04,204,不限,物理,10,488,169869,5500,其他,否,eea.gd 官方
,,贵州财经大学,普通,02,202,不限,物理,8,524,108109,5500,其他,否,eea.gd 官方
,,遵义医科大学                                   T,普通,05,205,不限,物理,79,534,92425,5500,其他,否,eea.gd 官方
,,遵义医科大学                                vn,普通,04,204,不限,物理,2,510,130327,5500,其他,否,eea.gd 官方
,,贵州医科大学                                双,普通,06,206,不限,物理,6,513,125001,5500,其他,否,eea.gd 官方
,,西南民族大学,普通,05,205,不限,物理,17,543,80262,5500,其他,否,eea.gd 官方
,,西南政法大学,普通,04,204,不限,物理,4,583,34814,5500,其他,否,eea.gd 官方
,,西南政法大学,普通,05,205,不限,物理,92,583,34530,5500,其他,否,eea.gd 官方
,,西南政法大学(中外合作办学),普通,06,206,不限,物理,4,613,14575,5500,其他,否,eea.gd 官方
,,四川音乐学院,普通,02,202,不限,物理,2,521,112167,5500,其他,否,eea.gd 官方
,,四川音乐学院(中外合作办学）,普通,11,211,不限,物理,2,516,121032,5500,其他,否,eea.gd 官方
,,四川美术学院              XY,普通,02,202,不限,物理,8,519,116451,5500,其他,否,eea.gd 官方
,,四川美术学院             VWA,普通,03,203,不限,物理,3,551,69216,5500,其他,否,eea.gd 官方
,,西南民族大学,普通,03,203,不限,物理,15,532,95157,5500,其他,否,eea.gd 官方
,,西南民族大学,普通,04,204,不限,物理,4,534,93254,5500,其他,否,eea.gd 官方
,,西南民族大学,普通,07,207,不限,物理,11,531,96975,5500,其他,否,eea.gd 官方
,,贵州医科大学（联合培养）,普通,05,205,不限,物理,5,510,131089,5500,其他,否,eea.gd 官方
,,贵州大学,211,03,203,不限,物理,2,577,40402,5500,其他,否,eea.gd 官方
,,贵州大学&gt;,普通,04,204,不限,物理,15,578,39495,5500,其他,否,eea.gd 官方
,,贵州大学,211,05,205,不限,物理,2,576,41131,5500,其他,否,eea.gd 官方
,,贵州大学(中外合作办学),211,06,206,不限,物理,5,570,47099,5500,其他,否,eea.gd 官方
,,贵州大学(中外合作办学),211,07,207,不限,物理,3,552,67620,5500,其他,否,eea.gd 官方
,,贵州大学（中外合作办学）,211,08,208,不限,物理,3,551,68963,5500,其他,否,eea.gd 官方
,,贵州医科大学,普通,01,201,不限,物理,13,563,54772,5500,其他,否,eea.gd 官方
,,贵州医科大学（联合培养）,普通,02,202,不限,物理,4,472,197873,5500,其他,否,eea.gd 官方
,,贵州医科大学(中外合作办学),普通,03,203,不限,物理,3,516,120190,5500,其他,否,eea.gd 官方
,,贵州财经大学（中外合作办学）,普通,03,203,不限,物理,3,521,112569,5500,其他,否,eea.gd 官方
,,云南大学,211,05,205,不限,物理,4,578,38861,5500,其他,否,eea.gd 官方
,,西安电子科技大学,普通,01,201,不限,物理,7,611,15314,5500,其他,否,eea.gd 官方
,,云南大学,211,06,206,不限,物理,38,575,42347,5500,其他,否,eea.gd 官方
,,红河学院                                      x,普通,03,203,不限,物理,8,495,156913,5500,其他,否,eea.gd 官方
,,云南财经大学                                v,普通,04,204,不限,物理,32,517,118809,5500,其他,否,eea.gd 官方
,,云南财经大学（中外合作办学）,普通,05,205,不限,物理,29,511,129336,5500,其他,否,eea.gd 官方
,,云南财经大学,普通,06,206,不限,物理,14,522,111646,5500,其他,否,eea.gd 官方
,,云南财经大学,普通,07,207,不限,物理,2,522,110669,5500,其他,否,eea.gd 官方
,,云南财经大学(中外合作办学),普通,09,209,不限,物理,6,497,153809,5500,其他,否,eea.gd 官方
,,云南民族大学,普通,03,203,不限,物理,1,544,78197,5500,其他,否,eea.gd 官方
,,西藏大学             1      1,普通,06,206,不限,物理,7,533,93976,5500,其他,否,eea.gd 官方
,,西藏大学,211,07,207,不限,物理,1,542,80402,5500,其他,否,eea.gd 官方
,,西藏大学       ?,普通,08,208,不限,物理,13,529,100604,5500,其他,否,eea.gd 官方
,,西藏大学,211,09,209,不限,物理,3,543,79544,5500,其他,否,eea.gd 官方
,,西藏大学,211,11,211,不限,物理,4,539,85028,5500,其他,否,eea.gd 官方
,,西北大学,普通,03,203,不限,物理,2,592,27486,5500,其他,否,eea.gd 官方
,,西北大学,普通,04,204,不限,物理,18,603,19707,5500,其他,否,eea.gd 官方
,,西北大学,普通,05,205,不限,物理,2,602,20424,5500,其他,否,eea.gd 官方
,,西北大学（中外合作办学）,普通,06,206,不限,物理,3,567,50369,5500,其他,否,eea.gd 官方
,,西安交通大学,985,02,202,不限,物理,9,640,4861,5500,其他,否,eea.gd 官方
,,西安交通大学,985,03,203,不限,物理,145,648,3031,5500,其他,否,eea.gd 官方
,,西安交通大学（中外合作办学）,985,07,207,不限,物理,24,605,18729,5500,其他,否,eea.gd 官方
,,西北工业大学,985,02,202,不限,物理,87,635,6020,5500,其他,否,eea.gd 官方
,,西安理工大学,普通,01,?201,不限,物理,34,555,64511,5500,其他,否,eea.gd 官方
,,红河学院,普通,02,202,不限,物理,8,496,155171,5500,其他,否,eea.gd 官方
,,普洱学院,普通,01,201,不限,物理,5,490,164964,5500,其他,否,eea.gd 官方
,,云南师范大学,普通,07,207,不限,物理,3,559,58886,5500,其他,否,eea.gd 官方
,,云南农业大学（中外合作办学）,普通,05,205,不限,物理,1,517,118991,5500,其他,否,eea.gd 官方
,,云南大学(中外合作办学),211,07,207,不限,物理,5,557,61326,5500,其他,否,eea.gd 官方
,,云南大学,211,08,208,不限,物理,19,589,29989,5500,其他,否,eea.gd 官方
,,云南大学,211,09,209,不限,物理,2,596,24307,5500,其他,否,eea.gd 官方
,,昆明理工大学,普通,02,202,不限,物理,12,539,84760,5500,其他,否,eea.gd 官方
,,昆明理工大学                                 A,普通,03,203,不限,物理,44,546,76041,5500,其他,否,eea.gd 官方
,,云南农业大学,普通,01,201,不限,物理,3,528,101689,5500,其他,否,eea.gd 官方
,,云南农业大学                            X,普通,02,202,不限,物理,3,525,106357,5500,其他,否,eea.gd 官方
,,云南农业大学(中外合作办学)        入,普通,03,203,不限,物理,2,500,148349,5500,其他,否,eea.gd 官方
,,云南农业大学,普通,04,204,不限,物理,31,513,125169,5500,其他,否,eea.gd 官方
,,西南林业大学            VNA,普通,01,201,不限,物理,2,523,109052,5500,其他,否,eea.gd 官方
,,云南师范大学,普通,05,205,不限,物理,30,525,106660,5500,其他,否,eea.gd 官方
,,西南林业大学,普通,02,202,不限,物理,14,514,124380,5500,其他,否,eea.gd 官方
,,西南林业大学,普通,03,203,不限,物理,2,520,115062,5500,其他,否,eea.gd 官方
,,西南林业大学(中外合作办学),普通,04,204,不限,物理,1,522,110951,5500,其他,否,eea.gd 官方
,,昆明医科大学(中外合作办学),普通,02,202,不限,物理,7,507,135659,5500,其他,否,eea.gd 官方
,,大理大学&gt;,普通,02,202,不限,物理,4,523,109996,5500,其他,否,eea.gd 官方
,,大理大学,普通,03,203,不限,物理,8,515,121690,5500,其他,否,eea.gd 官方
,,大理大学,普通,04,204,不限,物理,2,525,106330,5500,其他,否,eea.gd 官方
,,云南中医药大学,普通,01,201,不限,物理,6,516,120768,5500,其他,否,eea.gd 官方
,,云南师范大学,普通,04,204,不限,物理,30,555,64188,5500,其他,否,eea.gd 官方
,,西南财经大学,211,05,205,不限,物理,14,606,18010,5500,其他,否,eea.gd 官方
,,西南财经大学(中外合作办学),211,04,204,不限,物理,22,578,39521,5500,其他,否,eea.gd 官方
,,西南财经大学,211,03,203,不限,物理,30,602,20470,5500,其他,否,eea.gd 官方
,,四川外国语大学,普通,10,210,不限,物理,1,549,71372,5500,其他,否,eea.gd 官方
,,四川轻化工大学,普通,03,203,不限,物理,11,536,89587,5500,其他,否,eea.gd 官方
,,四川轻化工大学,普通,04,204,不限,物理,11,529,99517,5500,其他,否,eea.gd 官方
,,西华大学,普通,02,202,不限,物理,6,535,91237,5500,其他,否,eea.gd 官方
,,西华大学,普通,03,203,不限,物理,22,545,76570,5500,其他,否,eea.gd 官方
,,西华大学,普通,04,204,不限,物理,30,556,62587,5500,其他,否,eea.gd 官方
,,西华大学(本科预科班),普通,05,205,不限,物理,3,470,202167,5500,其他,否,eea.gd 官方
,,中国民用航空飞行学院,普通,04,204,不限,物理,5,528,102113,5500,其他,否,eea.gd 官方
,,中国民用航空飞行学院,普通,05,205,不限,物理,18,519,116082,5500,其他,否,eea.gd 官方
,,中国民用航空飞行学院,普通,06,206,不限,物理,15,532,95524,5500,其他,否,eea.gd 官方
,,中国民用航空飞行学院,普通,07,207,不限,物理,136,530,98032,5500,其他,否,eea.gd 官方
,,中国民用航空飞行学院,普通,08,?208,不限,物理,1,530,98347,5500,其他,否,eea.gd 官方
,,四川农业大学,211,01,201,不限,物理,28,558,60376,5500,其他,否,eea.gd 官方
,,四川农业大学,211,02,202,不限,物理,77,558,60537,5500,其他,否,eea.gd 官方
,,西昌学院,普通,01,201,不限,物理,2,520,114745,5500,其他,否,eea.gd 官方
,,重庆医科大学（中外合作办学）,普通,02,202,不限,物理,4,588,30391,5500,其他,否,eea.gd 官方
,,重庆医科大学,普通,03,203,不限,物理,7,601,21424,5500,其他,否,eea.gd 官方
,,重庆医科大学,普通,04,204,不限,物理,9,563,54891,5500,其他,否,eea.gd 官方
,,西南医科大学,普通,01,201,不限,物理,25,526,104188,5500,其他,否,eea.gd 官方
,,成都中医药大学,普通,02,202,不限,物理,2,544,78585,5500,其他,否,eea.gd 官方
,,成都中医药大学(中外合作办学),普通,03,203,不限,物理,2,533,93773,5500,其他,否,eea.gd 官方
,,成都中医药大学,普通,07,207,不限,物理,6,546,75924,5500,其他,否,eea.gd 官方
,,四川轻化工大学,普通,02,202,不限,物理,2,535,91494,5500,其他,否,eea.gd 官方
,,成都信息工程大学,普通,04,204,不限,物理,55,561,57416,5500,其他,否,eea.gd 官方
,,成都信息工程大学           1,普通,03,203,不限,物理,1,563,55194,5500,其他,否,eea.gd 官方
,,重庆邮电大学,普通,02,202&lt;,不限,物理,133,571,46401,5500,其他,否,eea.gd 官方
,,西南石油大学             VWA,普通,10,210,不限,物理,5,578,39044,5500,其他,否,eea.gd 官方
,,成都理工大学,普通,05,205,不限,物理,13,556,62507,5500,其他,否,eea.gd 官方
,,成都理工大学,普通,06,206,不限,物理,3,566,51643,5500,其他,否,eea.gd 官方
,,成都理工大学(中外合作办学),普通,07,207,不限,物理,3,542,80709,5500,其他,否,eea.gd 官方
,,成都理工大学,普通,10,210,不限,物理,41,555,64432,5500,其他,否,eea.gd 官方
,,成都理工大学?,普通,11,211,不限,物理,13,568,49107,5500,其他,否,eea.gd 官方
,,成都理工大学,普通,12,212,不限,物理,22,581,36806,5500,其他,否,eea.gd 官方
,,成都理工大学(中外合作办学),普通,13,213,不限,物理,30,570,46869,5500,其他,否,eea.gd 官方
,,成都理工大学,普通,15,215,不限,物理,12,579,38598,5500,其他,否,eea.gd 官方
,,重庆邮电大学,普通,03,203,不限,物理,18,583,34509,5500,其他,否,eea.gd 官方
,,成都信息工程大学,普通,02,202,不限,物理,2,559,59894,5500,其他,否,eea.gd 官方
,,重庆邮电大学(中外合作办学),普通,07,207,不限,物理,30,572,45174,5500,其他,否,eea.gd 官方
,,重庆交通大学,普通,04,204,不限,物理,3,547,74476,5500,其他,否,eea.gd 官方
,,重庆交通大学,普通,05,205,不限,物理,14,538,86607,5500,其他,否,eea.gd 官方
,,重庆交通大学,普通,06,206,不限,物理,12,542,81739,5500,其他,否,eea.gd 官方
,,重庆交通大学                                m,普通,07,207,不限,物理,79,542,81489,5500,其他,否,eea.gd 官方
,,重庆交通大学                         1      V,普通,08,208,不限,物理,3,568,49357,5500,其他,否,eea.gd 官方
,,西南科技大学,普通,04,204,不限,物理,11,536,89585,5500,其他,否,eea.gd 官方
,,西南科技大学,普通,05,205,不限,物理,47,527,103843,5500,其他,否,eea.gd 官方
,,西南科技大学(中外合作办学),普通,06,206,不限,物理,4,507,136303,5500,其他,否,eea.gd 官方
,,成都中医药大学,普通,08,208,不限,物理,8,582,35619,5500,其他,否,eea.gd 官方
,,成都中医药大学,普通,09,209,不限,物理,11,557,61260,5500,其他,否,eea.gd 官方
,,成都中医药大学,普通,10,210,不限,物理,2,552,68230,5500,其他,否,eea.gd 官方
,,重庆三峡学院,普通,04,204,不限,物理,4,502,143763,5500,其他,否,eea.gd 官方
,,重庆师范大学        /    ?1,普通,06,206,不限,物理,1,568,49473,5500,其他,否,eea.gd 官方
,,西华师范大学,普通,03,203,不限,物理,5,522,110950,5500,其他,否,eea.gd 官方
,,西华师范大学,普通,05,205,不限,物理,5,530,99393,5500,其他,否,eea.gd 官方
,,内江师范学院,普通,03,203,不限,物理,3,521,113283,5500,其他,否,eea.gd 官方
,,内江师范学院,普通,04,204,不限,物理,1,525,106612,5500,其他,否,eea.gd 官方
,,内江师范学院,普通,05,205,不限,物理,8,515,121831,5500,其他,否,eea.gd 官方
,,内江师范学院,普通,06,206,不限,物理,30,512,127277,5500,其他,否,eea.gd 官方
,,重庆文理学院,普通,01,201,不限,物理,11,504,141042,5500,其他,否,eea.gd 官方
,,重庆三峡学院,普通,03,203,不限,物理,5,523,110033,5500,其他,否,eea.gd 官方
,,四川文理学院,普通,02,202,不限,物理,3,503,141964,5500,其他,否,eea.gd 官方
,,重庆师范大学             v   &gt;,普通,04,204,不限,物理,7,549,71209,5500,其他,否,eea.gd 官方
,,四川文理学院,普通,03,203,不限,物理,3,503,142676,5500,其他,否,eea.gd 官方
,,长江师范学院,普通,02,?202,不限,物理,3,512,126628,5500,其他,否,eea.gd 官方
,,长江师范学院(中外合作办学),普通,03,203,不限,物理,8,484,175735,5500,其他,否,eea.gd 官方
,,乐山师范学院,普通,02,202,不限,物理,6,500,148351,5500,其他,否,eea.gd 官方
,,乐山师范学院,普通,03,203,不限,物理,6,498,151649,5500,其他,否,eea.gd 官方
,,四川外国语大学,普通,06,206,不限,物理,8,548,73487,5500,其他,否,eea.gd 官方
,,四川外国语大学(中外合作办学),普通,07,207,不限,物理,2,535,90897,5500,其他,否,eea.gd 官方
,,四川外国语大学,普通,08,208,不限,物理,13,534,92828,5500,其他,否,eea.gd 官方
,,四川外国语大学(中外合作办学),普通,09,209,不限,物理,1,525,106363,5500,其他,否,eea.gd 官方
,,重庆师范大学,普通,05,205,不限,物理,7,539,84675,5500,其他,否,eea.gd 官方
,,重庆师范大学,普通,03,203,不限,物理,9,542,81585,5500,其他,否,eea.gd 官方
,,成都中医药大学（中外合作办学）    X,普通,11,211,不限,物理,5,532,95239,5500,其他,否,eea.gd 官方
,,西南大学（中外合作办学）,211,13,213,不限,物理,24,567,50167,5500,其他,否,eea.gd 官方
,,川北医学院                             入,普通,02,202,不限,物理,10,554,65019,5500,其他,否,eea.gd 官方
,,川北医学院,普通,03,203,不限,物理,5,549,71752,5500,其他,否,eea.gd 官方
,,川北医学院                 XV,普通,04,204,不限,物理,5,526,104597,5500,其他,否,eea.gd 官方
,,西南大学                   WA,普通,05,205,不限,物理,7,576,40789,5500,其他,否,eea.gd 官方
,,西南大学,211,06,206,不限,物理,2,574,43701,5500,其他,否,eea.gd 官方
,,西南大学(中外合作办学),211,07,207,不限,物理,1,592,27372,5500,其他,否,eea.gd 官方
,,西南大学（中外合作办学）,211,08,208,不限,物理,3,588,30184,5500,其他,否,eea.gd 官方
,,西南大学,211,11,211,不限,物理,6,592,27539,5500,其他,否,eea.gd 官方
,,西南大学&gt;,普通,12,212,不限,物理,2,613,14383,5500,其他,否,eea.gd 官方
,,西南大学（中外合作办学）,211,14,214,不限,物理,8,574,42846,5500,其他,否,eea.gd 官方
,,四川师范大学,普通,13,213,不限,物理,5,545,76487,5500,其他,否,eea.gd 官方
,,西南大学,211,15,215,不限,物理,30,605,18766,5500,其他,否,eea.gd 官方
,,西南大学,211,16,216,不限,物理,30,587,31083,5500,其他,否,eea.gd 官方
,,四川师范大学,普通,06,206,不限,物理,31,533,94919,5500,其他,否,eea.gd 官方
,,四川师范大学,普通,07,207,不限,物理,3,548,73137,5500,其他,否,eea.gd 官方
,,四川师范大学,普通,08,208,不限,物理,3,556,62388,5500,其他,否,eea.gd 官方
,,四川师范大学,普通,09,209,不限,物理,3,552,67671,5500,其他,否,eea.gd 官方
,,四川师范大学                                双,普通,10,210,不限,物理,28,546,75945,5500,其他,否,eea.gd 官方
,,四川师范大学,普通,11,211,不限,物理,6,532,95228,5500,其他,否,eea.gd 官方
,,四川师范大学                         Y,普通,12,212,不限,物理,2,534,92940,5500,其他,否,eea.gd 官方
,,西安理工大学(中外合作办学),普通,02,202,不限,物理,8,546,76224,5500,其他,否,eea.gd 官方
,,西安电子科技大学(中外合作办学),普通,02,202,不限,物理,11,604,19520,5500,其他,否,eea.gd 官方
,,山东工艺美术学院                          m,普通,02,202,不限,物理,5,509,132159,5500,其他,否,eea.gd 官方
,,新疆和田学院,普通,03,203,不限,物理,2,495,156873,5500,其他,否,eea.gd 官方
,,新疆农业大学              WA,普通,09,209,不限,物理,6,496,154943,5500,其他,否,eea.gd 官方
,,新疆农业大学（中外合作办学）,普通,10,210,不限,物理,5,488,168419,5500,其他,否,eea.gd 官方
,,石河子大学,211,01,201,不限,物理,4,544,78110,5500,其他,否,eea.gd 官方
,,石河子大学,211,02,202,不限,物理,8,538,86311,5500,其他,否,eea.gd 官方
,,石河子大学            X,普通,03,203,不限,物理,10,549,71903,5500,其他,否,eea.gd 官方
,,石河子大学A,普通,04,204,不限,物理,10,556,63327,5500,其他,否,eea.gd 官方
,,石河子大学M,普通,05,205,不限,物理,2,560,57711,5500,其他,否,eea.gd 官方
,,石河子大学,211,06,206,不限,物理,4,550,69977,5500,其他,否,eea.gd 官方
,,新疆医科大学,普通,01,201,不限,物理,8,511,129079,5500,其他,否,eea.gd 官方
,,新疆医科大学,普通,02,202,不限,物理,62,507,135929,5500,其他,否,eea.gd 官方
,,新疆师范大学,普通,03,203,不限,物理,2,517,118905,5500,其他,否,eea.gd 官方
,,新疆师范大学,普通,04,204,不限,物理,9,493,159931,5500,其他,否,eea.gd 官方
,,新疆师范大学,普通,05,205,不限,物理,6,504,140899,5500,其他,否,eea.gd 官方
,,新疆师范大学,普通,06,206,不限,物理,5,507,136164,5500,其他,否,eea.gd 官方
,,喀什大学,普通,04,204,不限,物理,8,493,159606,5500,其他,否,eea.gd 官方
,,喀什大学                                           ?,普通,05,205,不限,物理,2,505,138265,5500,其他,否,eea.gd 官方
,,喀什大学                                      双,普通,06,206,不限,物理,51,488,169169,5500,其他,否,eea.gd 官方
,,喀什大学                                       m,普通,07,207,不限,物理,3,496,155041,5500,其他,否,eea.gd 官方
,,伊型师范大学                         1      H,普通,03,203,不限,物理,8,491,163321,5500,其他,否,eea.gd 官方
,,伊型师范大学,普通,04,204,不限,物理,3,492,161591,5500,其他,否,eea.gd 官方
,,伊犁师范大学,普通,05,205,不限,物理,19,488,168193,5500,其他,否,eea.gd 官方
,,新疆农业大学              XV,普通,08,208,不限,物理,20,500,147599,5500,其他,否,eea.gd 官方
,,新疆农业大学,普通,07,207,不限,物理,100,489,168038,5500,其他,否,eea.gd 官方
,,新疆农业大学,普通,06,206,不限,物理,8,485,175226,5500,其他,否,eea.gd 官方
,,新疆大学,211,04,204,不限,物理,2,561,56820,5500,其他,否,eea.gd 官方
,,青海师范大学,普通,05,205,不限,物理,30,518,117211,5500,其他,否,eea.gd 官方
,,青海民族大学,普通,01,201,不限,物理,30,506,137235,5500,其他,否,eea.gd 官方
,,宁夏大学,211,02,202,不限,物理,11,569,48618,5500,其他,否,eea.gd 官方
,,宁夏大学,211,03,203,不限,物理,5,577,39990,5500,其他,否,eea.gd 官方
,,宁夏大学（中外合作办学）,211,04,204,不限,物理,3,537,87649,5500,其他,否,eea.gd 官方
,,宁夏医科大学,普通,01,201,不限,物理,1,501,145427,5500,其他,否,eea.gd 官方
,,宁夏医科大学,普通,02,?202,不限,物理,1,520,114453,5500,其他,否,eea.gd 官方
,,宁夏医科大学,普通,03,203,不限,物理,44,511,128935,5500,其他,否,eea.gd 官方
,,宁夏医科大学,普通,04,204,不限,物理,6,502,143786,5500,其他,否,eea.gd 官方
,,新疆大学,211,05,205,不限,物理,2,557,61252,5500,其他,否,eea.gd 官方
,,新疆农业大学                           X,普通,05,205,不限,物理,2,496,154869,5500,其他,否,eea.gd 官方
,,新疆大学,211,06,206,不限,物理,21,548,72613,5500,其他,否,eea.gd 官方
,,新疆大学,211,07,207,不限,物理,24,553,66144,5500,其他,否,eea.gd 官方
,,新疆大学,211,08,208,不限,物理,4,560,58180,5500,其他,否,eea.gd 官方
,,新疆大学,211,09,209,不限,物理,1,555,63810,5500,其他,否,eea.gd 官方
,,塔里木大学,普通,01,201,不限,物理,5,495,156209,5500,其他,否,eea.gd 官方
,,塔里木大学,普通,02,202,不限,物理,18,492,161357,5500,其他,否,eea.gd 官方
,,塔里木大学,普通,03,203,不限,物理,12,491,163052,5500,其他,否,eea.gd 官方
,,塔里木大学,普通,04,204,不限,物理,5,495,156240,5500,其他,否,eea.gd 官方
,,新疆农业大学,普通,04,204,不限,物理,2,498,151455,5500,其他,否,eea.gd 官方
,,伊型师范大学             v,普通,06,206,不限,物理,3,491,163891,5500,其他,否,eea.gd 官方
,,新疆和田学院       人      1,普通,04,204,不限,物理,9,487,170100,5500,其他,否,eea.gd 官方
,,西安电子科技大学,普通,03,203,不限,物理,100,625,9355,5500,其他,否,eea.gd 官方
,,新疆财经大学,普通,03,203,不限,物理,1,499,150405,5500,其他,否,eea.gd 官方
,,东白云学院                           2,普通,12,212,不限,物理,465,468,204951,5500,其他,否,eea.gd 官方
,,广东白云学院（校企联合培养）,普通,13,213,不限,物理,156,459,222889,5500,其他,否,eea.gd 官方
,,广东白云学院(校企联合培养),普通,14,214,不限,物理,50,449,240059,5500,其他,否,eea.gd 官方
,,东白云学院（学分互认）         &gt;,普通,15,215,不限,物理,95,459,222003,5500,其他,否,eea.gd 官方
,,东白云学院（学分互认）XV,普通,16,216,不限,物理,25,458,223361,5500,其他,否,eea.gd 官方
,,广东白云学院            WA,普通,17,217,不限,物理,64,469,203403,5500,其他,否,eea.gd 官方
,,长沙医学院,普通,01,201,不限,物理,130,489,167625,5500,其他,否,eea.gd 官方
,,广东轻工职业技术大学,普通,01,201,不限,物理,70,523,108749,5500,其他,否,eea.gd 官方
,,广东轻工职业技术大学,普通,02,202,不限,物理,70,535,91785,5500,其他,否,eea.gd 官方
,,辽宁对外经贸学院,普通,02,202,不限,物理,4,474,195426,5500,其他,否,eea.gd 官方
,,江西科技学院,普通,02,202,不限,物理,3,484,177067,5500,其他,否,eea.gd 官方
,,南京工业职业技术大学,普通,02,202,不限,物理,45,526,104750,5500,其他,否,eea.gd 官方
,,上海工程技术大学,普通,03,203,不限,物理,8,540,83376,5500,其他,否,eea.gd 官方
,,上海工程技术大学,普通,04,204,不限,物理,37,541,81884,5500,其他,否,eea.gd 官方
,,浙江万里学院,普通,03,203,不限,物理,3,500,147629,5500,其他,否,eea.gd 官方
,,浙江万里学院,普通,04,204,不限,物理,10,511,129207,5500,其他,否,eea.gd 官方
,,安徽建筑大学,普通,01,201,不限,物理,8,528,101577,5500,其他,否,eea.gd 官方
,,安徽建筑大学,普通,02,202,不限,物理,12,514,123746,5500,其他,否,eea.gd 官方
,,萍乡学院,普通,02,202,不限,物理,2,498,151866,5500,其他,否,eea.gd 官方
,,萍乡学院,普通,03,203,不限,物理,7,492,161068,5500,其他,否,eea.gd 官方
,,枣庄学院                                      x,普通,01,201,不限,物理,5,494,158293,5500,其他,否,eea.gd 官方
,,东白云学院                                A,普通,11,211,不限,物理,214,463,214365,5500,其他,否,eea.gd 官方
,,东白云学院,普通,10,?210,不限,物理,220,461,218740,5500,其他,否,eea.gd 官方
,,东白云学院,普通,09,209,不限,物理,40,479,185414,5500,其他,否,eea.gd 官方
,,山西中医药大学,普通,01,201,不限,物理,3,510,130818,5500,其他,否,eea.gd 官方
,,新疆财经大学 ?,普通,04,204,不限,物理,11,503,142435,5500,其他,否,eea.gd 官方
,,新疆财经大学,普通,05,205,不限,物理,4,504,141665,5500,其他,否,eea.gd 官方
,,新疆财经大学,普通,06,206,不限,物理,1,502,144765,5500,其他,否,eea.gd 官方
,,新疆艺术学院,普通,02,202,不限,物理,5,486,172710,5500,其他,否,eea.gd 官方
,,天津城建大学,普通,06,206,不限,物理,4,510,130881,5500,其他,否,eea.gd 官方
,,天津城建大学(中外合作办学),普通,07,207,不限,物理,4,501,146808,5500,其他,否,eea.gd 官方
,,天津城建大学,普通,08,208,不限,物理,31,509,132066,5500,其他,否,eea.gd 官方
,,天津城建大学,普通,09,209,不限,物理,5,506,137881,5500,其他,否,eea.gd 官方
,,天津城建大学,普通,10,210,不限,物理,3,518,117634,5500,其他,否,eea.gd 官方
,,山西中医药大学,普通,02,202,不限,物理,15,543,79718,5500,其他,否,eea.gd 官方
,,广东白云学院,普通,08,208,不限,物理,90,479,185331,5500,其他,否,eea.gd 官方
,,吕梁学院,普通,02,?202,不限,物理,1,494,159094,5500,其他,否,eea.gd 官方
,,吕梁学院,普通,03,203,不限,物理,3,496,154424,5500,其他,否,eea.gd 官方
,,广东白云学院,普通,01,201,不限,物理,519,471,200862,5500,其他,否,eea.gd 官方
,,广东白云学院(校企联合培养）,普通,02,202,不限,物理,400,465,211773,5500,其他,否,eea.gd 官方
,,广东白云学院,普通,03,203,不限,物理,462,468,205104,5500,其他,否,eea.gd 官方
,,广东白云学院,普通,04,204,不限,物理,603,471,200196,5500,其他,否,eea.gd 官方
,,广东白云学院,普通,05,205,不限,物理,114,457,226378,5500,其他,否,eea.gd 官方
,,广东白云学院,普通,06,206,不限,物理,238,459,222472,5500,其他,否,eea.gd 官方
,,广东白云学院,普通,07,207,不限,物理,210,478,187426,5500,其他,否,eea.gd 官方
,,青海师范大学,普通,04,204,不限,物理,6,523,108896,5500,其他,否,eea.gd 官方
,,青海师范大学,普通,03,203,不限,物理,4,504,141607,5500,其他,否,eea.gd 官方
,,青海大学              ?,普通,05,205,不限,物理,7,550,70073,5500,其他,否,eea.gd 官方
,,青海大学,普通,04,204,不限,物理,8,565,52505,5500,其他,否,eea.gd 官方
,,西北农林科技大学,985,03,203,不限,物理,30,593,26831,5500,其他,否,eea.gd 官方
,,西北农林科技大学,985,04,204,不限,物理,2,598,22923,5500,其他,否,eea.gd 官方
,,西北农林科技大学,985,05,205,不限,物理,26,599,22584,5500,其他,否,eea.gd 官方
,,西北农林科技大学,985,06,206,不限,物理,23,589,29731,5500,其他,否,eea.gd 官方
,,西北农林科技大学(中外合作办学),985,07,207,不限,物理,4,577,39859,5500,其他,否,eea.gd 官方
,,西北农林科技大学(中外合作办学)      x,普通,08,208,不限,物理,5,579,38705,5500,其他,否,eea.gd 官方
,,西北农林科技大学                           vX,普通,09,209,不限,物理,2,602,20336,5500,其他,否,eea.gd 官方
,,陕西中医药大学,普通,01,201,不限,物理,22,520,113896,5500,其他,否,eea.gd 官方
,,陕西师范大学,普通,05,205,不限,物理,2,607,17692,5500,其他,否,eea.gd 官方
,,陕西师范大学,普通,06,206,不限,物理,7,581,36489,5500,其他,否,eea.gd 官方
,,陕西师范大学             V,普通,07,207,不限,物理,1,582,36079,5500,其他,否,eea.gd 官方
,,陕西师范大学                X,普通,08,208,不限,物理,15,590,29108,5500,其他,否,eea.gd 官方
,,陕西师范大学        /    V1,普通,09,209,不限,物理,26,596,24398,5500,其他,否,eea.gd 官方
,,陕西师范大学,普通,10,210,不限,物理,27,591,28259,5500,其他,否,eea.gd 官方
,,陕西师范大学 ?,普通,11,211,不限,物理,30,590,28929,5500,其他,否,eea.gd 官方
,,陕西师范大学,普通,12,212,不限,物理,7,587,31671,5500,其他,否,eea.gd 官方
,,延安大学,普通,03,203,不限,物理,2,520,114081,5500,其他,否,eea.gd 官方
,,延安大学,普通,04,204,不限,物理,2,521,112963,5500,其他,否,eea.gd 官方
,,延安大学,普通,05,205,不限,物理,4,516,120692,5500,其他,否,eea.gd 官方
,,陕西理工大学,普通,02,202,不限,物理,30,523,109746,5500,其他,否,eea.gd 官方
,,陕西理工大学,普通,03,203,不限,物理,3,529,99506,5500,其他,否,eea.gd 官方
,,长安大学（中外合作办学）,普通,05,205,不限,物理,10,578,39742,5500,其他,否,eea.gd 官方
,,长安大学(中外合作办学),普通,04,204,不限,物理,15,573,44719,5500,其他,否,eea.gd 官方
,,长安大学,普通,03,203,不限,物理,158,579,38341,5500,其他,否,eea.gd 官方
,,西安科技大学                            入,普通,01,201,不限,物理,6,543,80201,5500,其他,否,eea.gd 官方
,,西安电子科技大学(中外合作办学),普通,04,204,不限,物理,18,610,16188,5500,其他,否,eea.gd 官方
,,西安工业大学,普通,02,202,不限,物理,2,551,69012,5500,其他,否,eea.gd 官方
,,西安工业大学,普通,03,203,不限,物理,8,551,69681,5500,其他,否,eea.gd 官方
,,西安工业大学(中外合作办学),普通,04,204,不限,物理,4,546,75908,5500,其他,否,eea.gd 官方
,,西安建筑科技大学,普通,02,202,不限,物理,3,566,50884,5500,其他,否,eea.gd 官方
,,西安建筑科技大学(中外合作办学),普通,03,203,不限,物理,2,536,89550,5500,其他,否,eea.gd 官方
,,西安建筑科技大学,普通,04,204,不限,物理,41,539,85323,5500,其他,否,eea.gd 官方
,,西安建筑科技大学（中外合作办学）,普通,06,206,不限,物理,4,537,88249,5500,其他,否,eea.gd 官方
,,西安建筑科技大学                      一,普通,07,207,不限,物理,3,553,66814,5500,其他,否,eea.gd 官方
,,西安科技大学                            人,普通,02,202,不限,物理,2,557,61376,5500,其他,否,eea.gd 官方
,,长安大学&gt;,普通,02,202,不限,物理,29,567,50458,5500,其他,否,eea.gd 官方
,,西安科技大学,普通,03,203,不限,物理,53,539,84711,5500,其他,否,eea.gd 官方
,,西安石油大学              XV,普通,03,203,不限,物理,2,534,93122,5500,其他,否,eea.gd 官方
,,西安石油大学             WA,普通,04,204,不限,物理,12,533,94770,5500,其他,否,eea.gd 官方
,,西安石油大学,普通,05,205,不限,物理,3,542,81109,5500,其他,否,eea.gd 官方
,,西安石油大学     V&gt;,普通,06,206,不限,物理,3,562,56383,5500,其他,否,eea.gd 官方
,,陕西科技大学,普通,02,202,不限,物理,19,548,72963,5500,其他,否,eea.gd 官方
,,陕西科技大学(中外合作办学),普通,03,203,不限,物理,7,542,80853,5500,其他,否,eea.gd 官方
,,西安工程大学,普通,01,201,不限,物理,2,549,71682,5500,其他,否,eea.gd 官方
,,西安工程大学,普通,02,202,不限,物理,15,525,105708,5500,其他,否,eea.gd 官方
,,陕西理工大学(中外合作办学),普通,04,204,不限,物理,15,511,128953,5500,其他,否,eea.gd 官方
,,宝鸡文理学院,普通,01,201,不限,物理,5,497,153915,5500,其他,否,eea.gd 官方
,,咸阳师范学院,普通,02,202,不限,物理,2,502,143525,5500,其他,否,eea.gd 官方
,,天水师范学院,普通,06,206,不限,物理,3,499,149727,5500,其他,否,eea.gd 官方
,,甘肃中医药大学,普通,02,202,不限,物理,4,506,136551,5500,其他,否,eea.gd 官方
,,甘肃中医药大学,普通,03,203,不限,物理,33,535,90958,5500,其他,否,eea.gd 官方
,,西北师范大学,普通,06,206,不限,物理,5,531,97511,5500,其他,否,eea.gd 官方
,,西北师范大学,普通,07,207,不限,物理,3,544,78603,5500,其他,否,eea.gd 官方
,,西北师范大学,普通,08,208,不限,物理,17,538,86726,5500,其他,否,eea.gd 官方
,,陇东学院,普通,03,203,不限,物理,6,495,156085,5500,其他,否,eea.gd 官方
,,陇东学院,普通,04,204,不限,物理,6,496,154787,5500,其他,否,eea.gd 官方
,,陇东学院,普通,05,205,不限,物理,16,491,163716,5500,其他,否,eea.gd 官方
,,天水师范学院,普通,05,205,不限,物理,3,499,150360,5500,其他,否,eea.gd 官方
,,天水师范学院,普通,07,207,不限,物理,5,501,146493,5500,其他,否,eea.gd 官方
,,甘肃农业大学,普通,02,202,不限,物理,23,494,158288,5500,其他,否,eea.gd 官方
,,天水师范学院                                vn,普通,08,208,不限,物理,3,491,163808,5500,其他,否,eea.gd 官方
,,兰州财经大学                         1       V,普通,03,203,不限,物理,22,505,138441,5500,其他,否,eea.gd 官方
,,兰州财经大学,普通,04,204,不限,物理,8,515,122191,5500,其他,否,eea.gd 官方
,,兰州财经大学（联合培养）,普通,08,208,不限,物理,6,493,160032,5500,其他,否,eea.gd 官方
,,西北民族大学                               ?,普通,04,204,不限,物理,8,502,143498,5500,其他,否,eea.gd 官方
,,西北民族大学,普通,05,205,不限,物理,2,506,137910,5500,其他,否,eea.gd 官方
,,青海大学              /,普通,01,201,不限,物理,7,547,73807,5500,其他,否,eea.gd 官方
,,青海大学,普通,02,202,不限,物理,42,544,78443,5500,其他,否,eea.gd 官方
,,青海大学,普通,03,203,不限,物理,16,543,80055,5500,其他,否,eea.gd 官方
,,甘肃中医药大学,普通,01,201,不限,物理,3,505,138670,5500,其他,否,eea.gd 官方
,,兰州交通大学,普通,05,205,不限,物理,3,556,63181,5500,其他,否,eea.gd 官方
,,咸阳师范学院,普通,03,203,不限,物理,2,509,132951,5500,其他,否,eea.gd 官方
,,兰州大学,985,07,207,不限,物理,8,612,14690,5500,其他,否,eea.gd 官方
,,咸阳师范学院,普通,04,?204,不限,物理,2,514,124256,5500,其他,否,eea.gd 官方
,,西安外国语大学,普通,03,203,不限,物理,5,549,72260,5500,其他,否,eea.gd 官方
,,西安外国语大学,普通,04,204,不限,物理,10,540,83647,5500,其他,否,eea.gd 官方
,,西安外国语大学,普通,05,205,不限,物理,1,539,85349,5500,其他,否,eea.gd 官方
,,西北政法大学,普通,03,203,不限,物理,2,609,16745,5500,其他,否,eea.gd 官方
,,西北政法大学,普通,04,204,不限,物理,3,582,35470,5500,其他,否,eea.gd 官方
,,兰州大学,985,04,204,不限,物理,2,599,22441,5500,其他,否,eea.gd 官方
,,兰州大学,985,05,205,不限,物理,12,600,21715,5500,其他,否,eea.gd 官方
,,兰州大学,985,06,206,不限,物理,30,609,16362,5500,其他,否,eea.gd 官方
,,兰州大学,985,08,208,不限,物理,43,601,21510,5500,其他,否,eea.gd 官方
,,兰州交通大学,普通,04,204,不限,物理,7,534,92616,5500,其他,否,eea.gd 官方
,,兰州大学,985,09,209,不限,物理,9,609,16624,5500,其他,否,eea.gd 官方
,,兰州大学（中外合作办学）                 A,普通,10,210,不限,物理,10,605,18956,5500,其他,否,eea.gd 官方
,,兰州理工大学                           2,普通,02,202,不限,物理,4,510,130496,5500,其他,否,eea.gd 官方
,,兰州理工大学                            X,普通,03,203,不限,物理,56,527,103989,5500,其他,否,eea.gd 官方
,,兰州理工大学                            人,普通,04,204,不限,物理,4,521,112163,5500,其他,否,eea.gd 官方
,,兰州理工大学,普通,05,205,不限,物理,2,519,115230,5500,其他,否,eea.gd 官方
,,兰州理工大学              XY,普通,06,206,不限,物理,2,547,73803,5500,其他,否,eea.gd 官方
,,兰州理工大学              N,普通,07,207,不限,物理,3,542,80954,5500,其他,否,eea.gd 官方
,,兰州交通大学,普通,03,203,不限,物理,22,537,87456,5500,其他,否,eea.gd 官方
,,桂林旅游学院（中外合作办学）,普通,07,207,不限,物理,2,486,172266,5500,其他,否,eea.gd 官方
,,桂林旅游学院,普通,09,209,不限,物理,14,495,156670,5500,其他,否,eea.gd 官方
,,西南石油大学,普通,08,208,不限,物理,17,561,56755,5500,其他,否,eea.gd 官方
,,泉州信息工程学院(中外合作办学),普通,04,204,不限,物理,8,467,207589,5500,其他,否,eea.gd 官方
,,州科技职业技术大学(校企联合培养),普通,08,208,不限,物理,100,450,238401,5500,其他,否,eea.gd 官方
,,广州科技职业技术大学(校企联合培养),普通,10,210,不限,物理,30,450,239398,5500,其他,否,eea.gd 官方
,,东科技学院,普通,05,205,不限,物理,1666,444,248839,5500,其他,否,eea.gd 官方
,,广东科技学院,普通,06,206,不限,物理,2165,451,236087,5500,其他,否,eea.gd 官方
,,广东科技学院（联合培养）,普通,13,213,不限,物理,25,442,253510,5500,其他,否,eea.gd 官方
,,广东科技学院（联合培养）,普通,14,214,不限,物理,25,443,251826,5500,其他,否,eea.gd 官方
,,东科技学院,普通,15,215,不限,物理,20,457,226206,5500,其他,否,eea.gd 官方
,,东科技学院,普通,18,218,不限,物理,450,446,246301,5500,其他,否,eea.gd 官方
,,广东理工学院,普通,01,201,不限,物理,1650,442,253790,5500,其他,否,eea.gd 官方
,,东理工学院,普通,02,202,不限,物理,1948,442,253791,5500,其他,否,eea.gd 官方
,,广东理工学院,普通,03,203,不限,物理,200,442,253784,5500,其他,否,eea.gd 官方
,,广东理工学院,普通,04,204,不限,物理,920,442,253768,5500,其他,否,eea.gd 官方
,,东工商职业技术大学,普通,05,205,不限,物理,2130,442,253793,5500,其他,否,eea.gd 官方
,,广东工商职业技术大学,普通,08,208,不限,物理,50,450,239336,5500,其他,否,eea.gd 官方
,,黑河学院,普通,03,203,不限,物理,3,494,157722,5500,其他,否,eea.gd 官方
,,黑河学院,普通,04,204,不限,物理,9,492,162480,5500,其他,否,eea.gd 官方
,,黑河学院,普通,05,205,不限,物理,6,490,165080,5500,其他,否,eea.gd 官方
,,福州外语外贸学院,普通,02,202,不限,物理,16,482,180157,5500,其他,否,eea.gd 官方
,,福州外语外贸学院,普通,03,203,不限,物理,6,476,190667,5500,其他,否,eea.gd 官方
,,福建江夏学院                                A,普通,02,202,不限,物理,6,511,128984,5500,其他,否,eea.gd 官方
,,泉州信息工程学院                     o,普通,02,202,不限,物理,2,486,173262,5500,其他,否,eea.gd 官方
,,广州科技职业技术大学,普通,04,204,不限,物理,140,460,220926,5500,其他,否,eea.gd 官方
,,广州科技职业技术大学,普通,03,203,不限,物理,3094,447,244946,5500,其他,否,eea.gd 官方
,,广州工商学院(中外合作办学),普通,23,223,不限,物理,105,442,253633,5500,其他,否,eea.gd 官方
,,广州工商学院,普通,11,211,不限,物理,1331,442,253794,5500,其他,否,eea.gd 官方
,,西安工商学院,普通,02,202,不限,物理,6,476,190570,5500,其他,否,eea.gd 官方
,,珠海科技学院,普通,08,208,不限,物理,1016,493,159927,5500,其他,否,eea.gd 官方
,,珠海科技学院?,普通,09,209,不限,物理,2016,492,161791,5500,其他,否,eea.gd 官方
,,珠海科技学院,普通,10,210,不限,物理,50,494,159057,5500,其他,否,eea.gd 官方
,,武汉传媒学院,普通,02,202,不限,物理,30,492,162205,5500,其他,否,eea.gd 官方
,,武汉传媒学院,普通,03,203,不限,物理,30,482,180788,5500,其他,否,eea.gd 官方
,,武汉传媒学院,普通,12,212,不限,物理,30,479,186207,5500,其他,否,eea.gd 官方
,,南京传媒学院,普通,03,203,不限,物理,17,490,165491,5500,其他,否,eea.gd 官方
,,成都医学院,普通,01,201,不限,物理,30,551,69587,5500,其他,否,eea.gd 官方
,,广州工商学院,普通,12,212,不限,物理,969,446,245741,5500,其他,否,eea.gd 官方
,,广州工商学院,普通,22,222,不限,物理,25,443,251557,5500,其他,否,eea.gd 官方
,,广州工商学院                                x,普通,13,213,不限,物理,288,442,253644,5500,其他,否,eea.gd 官方
,,广州工商学院                                m,普通,14,214,不限,物理,200,442,253751,5500,其他,否,eea.gd 官方
,,广州工商学院                        Y,普通,15,215,不限,物理,43,442,253288,5500,其他,否,eea.gd 官方
,,广州工商学院,普通,16,216,不限,物理,30,442,253176,5500,其他,否,eea.gd 官方
,,广州工商学院,普通,17,217,不限,物理,26,443,251764,5500,其他,否,eea.gd 官方
,,广州工商学院             v,普通,18,218,不限,物理,35,442,253536,5500,其他,否,eea.gd 官方
,,广州工商学院           AX,普通,19,219,不限,物理,48,442,253787,5500,其他,否,eea.gd 官方
,,广州工商学院,普通,20,220,不限,物理,76,446,245409,5500,其他,否,eea.gd 官方
,,广州工商学院,普通,21,221,不限,物理,150,442,253764,5500,其他,否,eea.gd 官方
,,泉州信息工程学院,普通,03,203,不限,物理,18,479,185756,5500,其他,否,eea.gd 官方
,,福州理工学院                         A,普通,01,201,不限,物理,5,481,181064,5500,其他,否,eea.gd 官方
,,西安交通大学城市学院,普通,01,201,不限,物理,4,496,154346,5500,其他,否,eea.gd 官方
,,豫章师范学院             Xy,普通,04,204,不限,物理,2,498,151466,5500,其他,否,eea.gd 官方
,,西安明德理工学院,普通,02,202,不限,物理,2,470,202962,5500,其他,否,eea.gd 官方
,,西安明德理工学院,普通,03,203,不限,物理,3,479,186216,5500,其他,否,eea.gd 官方
,,天津理工大学中环信息学院,普通,02,202,不限,物理,1,489,167134,5500,其他,否,eea.gd 官方
,,天津理工大学中环信息学院,普通,03,203,不限,物理,16,481,181554,5500,其他,否,eea.gd 官方
,,北京科技大学天津学院,普通,03,203,不限,物理,6,488,169156,5500,其他,否,eea.gd 官方
,,北京科技大学天津学院,普通,04,204,不限,物理,30,485,175150,5500,其他,否,eea.gd 官方
,,北京中医药大学东方学院,普通,03,203,不限,物理,30,491,163124,5500,其他,否,eea.gd 官方
,,北京中医药大学东方学院,普通,04,204,不限,物理,25,492,162306,5500,其他,否,eea.gd 官方
,,北京中医药大学东方学院,普通,06,206,不限,物理,30,494,158438,5500,其他,否,eea.gd 官方
,,北京邮电大学世纪学院,普通,02,202,不限,物理,1,490,164611,5500,其他,否,eea.gd 官方
,,广州新华学院,普通,03,203,不限,物理,1161,478,186909,5500,其他,否,eea.gd 官方
,,广州新华学院,普通,04,204,不限,物理,551,477,189033,5500,其他,否,eea.gd 官方
,,广州新华学院,普通,05,205,不限,物理,45,485,174579,5500,其他,否,eea.gd 官方
,,广州新华学院,普通,06,206,不限,物理,396,483,178384,5500,其他,否,eea.gd 官方
,,成都锦城学院,普通,09,209,不限,物理,5,497,153951,5500,其他,否,eea.gd 官方
,,成都锦城学院,普通,10,210,不限,物理,11,489,166683,5500,其他,否,eea.gd 官方
,,成都锦城学院,普通,12,212,不限,物理,11,490,164942,5500,其他,否,eea.gd 官方
,,成都锦城学院,普通,14,214,不限,物理,6,483,177555,5500,其他,否,eea.gd 官方
,,成都锦城学院,普通,15,215,不限,物理,6,489,167064,5500,其他,否,eea.gd 官方
,,南京工业大学浦江学院,普通,02,202,不限,物理,17,481,182590,5500,其他,否,eea.gd 官方
,,南京工业大学浦江学院,普通,03,203,不限,物理,55,476,191002,5500,其他,否,eea.gd 官方
,,上海师范大学天华学院,普通,03,203,不限,物理,9,457,226884,5500,其他,否,eea.gd 官方
,,上海师范大学天华学院     1 &gt;,普通,02,202,不限,物理,2,484,176152,5500,其他,否,eea.gd 官方
,,亚学院                  AX,普通,15,215,不限,物理,1,480,183212,5500,其他,否,eea.gd 官方
,,南京理工大学泰州科技学院,普通,01,201,不限,物理,11,479,185190,5500,其他,否,eea.gd 官方
,,豫章师范学院             WA,普通,05,205,不限,物理,2,493,160270,5500,其他,否,eea.gd 官方
,,江西软件职业技术大学,普通,03,203,不限,物理,9,486,173105,5500,其他,否,eea.gd 官方
,,湖南应用技术学院&gt;,普通,03,203,不限,物理,2,489,167483,5500,其他,否,eea.gd 官方
,,湖南应用技术学院,普通,04,204,不限,物理,1,484,177260,5500,其他,否,eea.gd 官方
,,琼台师范学院,普通,03,203,不限,物理,6,498,151961,5500,其他,否,eea.gd 官方
,,琼台师范学院,普通,04,204,不限,物理,6,497,153553,5500,其他,否,eea.gd 官方
,,四川工业科技学院,普通,02,202,不限,物理,5,484,177283,5500,其他,否,eea.gd 官方
,,广西外国语学院,普通,02,202,不限,物理,15,478,187554,5500,其他,否,eea.gd 官方
,,广西外国语学院,普通,03,203,不限,物理,8,479,185324,5500,其他,否,eea.gd 官方
,,南京理工大学泰州科技学院,普通,02,202&lt;,不限,物理,39,480,184540,5500,其他,否,eea.gd 官方
,,三亚学院                    v  √,普通,14,214,不限,物理,5,463,215240,5500,其他,否,eea.gd 官方
,,东莞城市学院,普通,05,205,不限,物理,1050,458,224150,5500,其他,否,eea.gd 官方
,,东莞城市学院,普通,07,207,不限,物理,86,466,210455,5500,其他,否,eea.gd 官方
,,东莞城市学院,普通,12,212,不限,物理,1427,461,218703,5500,其他,否,eea.gd 官方
,,东莞城市学院(联合培养),普通,13,213,不限,物理,10,454,231258,5500,其他,否,eea.gd 官方
,,东莞城市学院(联合培养),普通,14,214,不限,物理,30,442,252241,5500,其他,否,eea.gd 官方
,,三亚学院                                       vn,普通,06,206,不限,物理,3,467,208435,5500,其他,否,eea.gd 官方
,,三亚学院                                        H,普通,07,207,不限,物理,13,474,195580,5500,其他,否,eea.gd 官方
,,亚学院（中外合作办学）          V入,普通,08,208,不限,物理,1,483,177824,5500,其他,否,eea.gd 官方
,,三亚学院                              K,普通,09,209,不限,物理,15,474,194698,5500,其他,否,eea.gd 官方
,,西北大学现代学院,普通,01,201,不限,物理,2,473,195702,5500,其他,否,eea.gd 官方
,,成都外国语学院              Y,普通,02,202,不限,物理,13,485,175442,5500,其他,否,eea.gd 官方
,,桂林旅游学院,普通,10,210,不限,物理,2,501,146625,5500,其他,否,eea.gd 官方
,,南京航空航天大学金城学院,普通,02,202,不限,物理,4,481,181927,5500,其他,否,eea.gd 官方
,,武汉学院,普通,02,202,不限,物理,22,489,168098,5500,武汉,否,eea.gd 官方
,,长沙理工大学城南学院,普通,03,203,不限,物理,5,495,157495,5500,其他,否,eea.gd 官方
,,长沙理工大学城南学院,普通,04,204,不限,物理,34,488,168964,5500,其他,否,eea.gd 官方
,,柳州工学院,普通,02,202,不限,物理,5,486,173176,5500,其他,否,eea.gd 官方
,,柳州工学院,普通,03,203,不限,物理,20,485,174554,5500,其他,否,eea.gd 官方
,,广西民族大学相思湖学院,普通,02,202,不限,物理,38,490,165688,5500,其他,否,eea.gd 官方
,,广西民族大学相思湖学院,普通,03,203,不限,物理,6,486,172212,5500,其他,否,eea.gd 官方
,,桂林学院,普通,03,203,不限,物理,5,491,163893,5500,其他,否,eea.gd 官方
,,桂林学院,普通,04,204,不限,物理,2,496,154728,5500,其他,否,eea.gd 官方
,,桂林学院,普通,05,205,不限,物理,15,488,169315,5500,其他,否,eea.gd 官方
,,广西中医药大学赛恩斯新医药学院,普通,01,201,不限,物理,2,486,171967,5500,其他,否,eea.gd 官方
,,广西中医药大学赛恩斯新医药学院     M,普通,02,（1202,不限,物理,181,489,167307,5500,其他,否,eea.gd 官方
,,广西中医药大学赛恩斯新医药学院一,普通,03,203,不限,物理,32,487,171614,5500,其他,否,eea.gd 官方
,,桂林信息科技学院,普通,03,203,不限,物理,4,483,179148,5500,其他,否,eea.gd 官方
,,桂林信息科技学院,普通,04,204,不限,物理,28,471,200587,5500,其他,否,eea.gd 官方
,,桂林信息科技学院                  &gt;,普通,05,205,不限,物理,68,479,185717,5500,其他,否,eea.gd 官方
,,南宁理工学院             XV,普通,02,202,不限,物理,20,481,182635,5500,其他,否,eea.gd 官方
,,南宁理工学院            WA,普通,03,203,不限,物理,16,483,177417,5500,其他,否,eea.gd 官方
,,贵州中医药大学时珍学院         ?,普通,01,201,不限,物理,6,491,163757,5500,其他,否,eea.gd 官方
,,贵阳人文科技学院,普通,02,202,不限,物理,2,487,170287,5500,其他,否,eea.gd 官方
,,遵义医科大学医学与科技学院,普通,01,201,不限,物理,10,532,96360,5500,其他,否,eea.gd 官方
,,上海视觉艺术学院,普通,02,202,不限,物理,2,522,111398,5500,其他,否,eea.gd 官方
,,大连东软信息学院,普通,02,202,不限,物理,15,475,192903,5500,其他,否,eea.gd 官方
,,大连东软信息学院,普通,01,201,不限,物理,5,468,205350,5500,其他,否,eea.gd 官方
,,合肥城市学院            AX,普通,02,202,不限,物理,12,466,209493,5500,其他,否,eea.gd 官方
,,长春财经学院,普通,02,202,不限,物理,8,475,193051,5500,其他,否,eea.gd 官方
,,吉林建筑科技学院,普通,01,201,不限,物理,6,472,199056,5500,其他,否,eea.gd 官方
,,吉林建筑科技学院,普通,02,202,不限,物理,4,473,196121,5500,其他,否,eea.gd 官方
,,长春科技学院                                x,普通,01,201,不限,物理,6,468,205116,5500,其他,否,eea.gd 官方
,,长春科技学院                                 m,普通,02,202,不限,物理,9,491,164024,5500,其他,否,eea.gd 官方
,,辽宁中医药大学杏林学院         Y,普通,01,201,不限,物理,20,500,147354,5500,其他,否,eea.gd 官方
,,辽宁何氏医学院,普通,01,201,不限,物理,20,479,184769,5500,其他,否,eea.gd 官方
,,蚌埠工商学院,普通,02,202,不限,物理,4,485,174619,5500,其他,否,eea.gd 官方
,,马鞍山学院                √,普通,02,202,不限,物理,13,477,188541,5500,其他,否,eea.gd 官方
,,安徽医科大学临床医学院,普通,01,201,不限,物理,30,503,142930,5500,其他,否,eea.gd 官方
,,新疆政法学院,普通,05,205,不限,物理,8,492,161589,5500,其他,否,eea.gd 官方
,,吉林师范大学博达学院,普通,04,204,不限,物理,5,478,188198,5500,其他,否,eea.gd 官方
,,昆明文理学院 ?,普通,03,203,不限,物理,9,480,183918,5500,其他,否,eea.gd 官方
,,昆明文理学院,普通,04,204,不限,物理,8,476,191250,5500,其他,否,eea.gd 官方
,,昆明理工大学津桥学院,普通,03,203,不限,物理,14,479,184900,5500,其他,否,eea.gd 官方
,,昆明理工大学津桥学院,普通,05,205,不限,物理,29,476,191781,5500,其他,否,eea.gd 官方
,,重庆移通学院,普通,02,202,不限,物理,12,488,168621,5500,其他,否,eea.gd 官方
,,重庆移通学院(中外合作办学),普通,03,203,不限,物理,30,481,182288,5500,其他,否,eea.gd 官方
,,新疆政法学院,普通,03,203,不限,物理,2,495,157497,5500,其他,否,eea.gd 官方
,,新疆政法学院,普通,04,204,不限,物理,15,497,152968,5500,其他,否,eea.gd 官方
,,南京理工大学紫金学院,普通,03,203,不限,物理,144,479,185933,5500,其他,否,eea.gd 官方
,,南京航空航天大学金城学院,普通,03,203,不限,物理,21,483,178963,5500,其他,否,eea.gd 官方
,,成都银杏酒店管理学院WA,普通,02,202,不限,物理,8,484,176969,5500,其他,否,eea.gd 官方
,,广州华立学院（国际班）,普通,01,201,不限,物理,38,451,236262,5500,其他,否,eea.gd 官方
,,天津商业大学宝德学院,普通,06,206,不限,物理,30,481,181209,5500,其他,否,eea.gd 官方
,,天津商业大学宝德学院,普通,07,207,不限,物理,1,481,181862,5500,其他,否,eea.gd 官方
,,天津商业大学宝德学院,普通,08,208,不限,物理,4,485,174531,5500,其他,否,eea.gd 官方
,,天津医科大学临床医学院,普通,03,203,不限,物理,1,525,105846,5500,其他,否,eea.gd 官方
,,天津医科大学临床医学院,普通,04,204,不限,物理,14,488,168335,5500,其他,否,eea.gd 官方
,,天津医科大学临床医学院,普通,05,205,不限,物理,6,535,90849,5500,其他,否,eea.gd 官方
,,长春人文学院,普通,02,202,不限,物理,2,474,195237,5500,其他,否,eea.gd 官方
,,长春人文学院,普通,03,203,不限,物理,2,474,194399,5500,其他,否,eea.gd 官方
,,电子科技大学成都学院,普通,03,203,不限,物理,2,497,153009,5500,其他,否,eea.gd 官方
,,电子科技大学成都学院,普通,04,204,不限,物理,30,490,166195,5500,其他,否,eea.gd 官方
,,电子科技大学成都学院,普通,05,205,不限,物理,4,490,166033,5500,其他,否,eea.gd 官方
,,武汉华夏理工学院,普通,02,202,不限,物理,6,486,173621,5500,武汉,否,eea.gd 官方
,,武汉华夏理工学院,普通,03,203,不限,物理,13,480,183899,5500,武汉,否,eea.gd 官方
,,广州商学院,普通,04,204,不限,物理,1761,462,216808,5500,其他,否,eea.gd 官方
,,广州商学院,普通,05,205,不限,物理,1320,464,213090,5500,其他,否,eea.gd 官方
,,广州商学院（中外合作办学/联合培养）A,普通,06,206,不限,物理,86,447,244753,5500,其他,否,eea.gd 官方
,,广州商学院(联合培养)                一,普通,07,207,不限,物理,60,449,240076,5500,其他,否,eea.gd 官方
,,广州商学院,普通,08,208,不限,物理,187,458,223703,5500,其他,否,eea.gd 官方
,,成都理工大学工程技术学院,普通,02,202,不限,物理,20,485,174277,5500,其他,否,eea.gd 官方
,,四川传媒学院                        V,普通,02,202,不限,物理,10,487,170950,5500,其他,否,eea.gd 官方
,,四川传媒学院             XY,普通,03,203,不限,物理,20,474,194725,5500,其他,否,eea.gd 官方
,,天津商业大学宝德学院,普通,05,205,不限,物理,1,491,164278,5500,其他,否,eea.gd 官方
,,广州应用科技学院（联合培养）,普通,37,237,不限,物理,60,442,252258,5500,其他,否,eea.gd 官方
,,广州应用科技学院(联合培养),普通,36,236,不限,物理,50,442,253599,5500,其他,否,eea.gd 官方
,,广州应用科技学院                             H,普通,18,218,不限,物理,110,467,207422,5500,其他,否,eea.gd 官方
,,广州华立学院（国际班）,普通,02,202,不限,物理,52,445,247412,5500,其他,否,eea.gd 官方
,,广州华立学院,普通,03,203,不限,物理,378,454,231103,5500,其他,否,eea.gd 官方
,,广州华立学院,普通,04,204&lt;,不限,物理,489,448,242931,5500,其他,否,eea.gd 官方
,,广州华立学院,普通,05,205,不限,物理,1079,443,250969,5500,其他,否,eea.gd 官方
,,广州华立学院,普通,06,206,不限,物理,618,442,253785,5500,其他,否,eea.gd 官方
,,广州应用科技学院,普通,14,214,不限,物理,990,448,241570,5500,其他,否,eea.gd 官方
,,广州应用科技学院                              Y,普通,15,215,不限,物理,795,448,241446,5500,其他,否,eea.gd 官方
,,广州应用科技学院                          x,普通,16,216,不限,物理,55,450,238223,5500,其他,否,eea.gd 官方
,,广州应用科技学院                          m,普通,17,217,不限,物理,120,469,203836,5500,其他,否,eea.gd 官方
,,广州应用科技学院                  V&gt;,普通,19,219,不限,物理,60,452,235473,5500,其他,否,eea.gd 官方
,,广州应用科技学院（联合培养）,普通,35,235,不限,物理,20,443,251856,5500,其他,否,eea.gd 官方
,,广州应用科技学院                  X&gt;,普通,20,220,不限,物理,165,455,230260,5500,其他,否,eea.gd 官方
,,广州应用科技学院        v,普通,21,221,不限,物理,155,450,239437,5500,其他,否,eea.gd 官方
,,广州应用科技学院      AX,普通,22,222,不限,物理,90,450,238365,5500,其他,否,eea.gd 官方
,,广州应用科技学院        7,普通,23,223,不限,物理,160,442,253694,5500,其他,否,eea.gd 官方
,,广州应用科技学院(联合培养),普通,30,230,不限,物理,30,442,253688,5500,其他,否,eea.gd 官方
,,广州应用科技学院(联合培养),普通,31,231,不限,物理,60,446,246568,5500,其他,否,eea.gd 官方
,,广州应用科技学院(联合培养),普通,32,232,不限,物理,20,449,240990,5500,其他,否,eea.gd 官方
,,广州应用科技学院(联合培养),普通,33,233,不限,物理,40,442,253483,5500,其他,否,eea.gd 官方
,,广州应用科技学院（联合培养）,普通,34,234,不限,物理,20,442,252932,5500,其他,否,eea.gd 官方
,,南京师范大学中北学院,普通,02,202,不限,物理,8,492,162617,5500,其他,否,eea.gd 官方
,,南京师范大学中北学院,普通,03,203,不限,物理,4,489,167912,5500,其他,否,eea.gd 官方
,,南京师范大学中北学院                    A,普通,04,204,不限,物理,6,484,176084,5500,其他,否,eea.gd 官方
,,大连理工大学(盘锦校区)(中外合作办学),985,03,?203,不限,物理,10,600,21864,5500,其他,否,eea.gd 官方
,,北京师范大学-香港浸会大学联合国际学院,普通,05,205,不限,物理,20,586,32105,5500,其他,否,eea.gd 官方
,,温州肯恩大学,普通,02,202,不限,物理,15,543,80214,5500,其他,否,eea.gd 官方
,,温州肯恩大学                                双,普通,03,203,不限,物理,12,544,77753,5500,其他,否,eea.gd 官方
,,深圳北理莫斯科大学                       m,普通,01,201,不限,物理,9,555,64634,5500,其他,否,eea.gd 官方
,,深圳北理莫斯科大学                          V,普通,03,203,不限,物理,12,563,55166,5500,其他,否,eea.gd 官方
,,深圳北理莫斯科大学              入,普通,07,207,不限,物理,3,563,54960,5500,其他,否,eea.gd 官方
,,广东以色列理工学院               X,普通,01,201,不限,物理,322,544,78455,5500,其他,否,eea.gd 官方
,,哈尔滨工业大学(深圳),985,02,202,不限,物理,332,657,1860,5500,其他,否,eea.gd 官方
,,北京大学医学部         AX,普通,02,202,不限,物理,1,672,558,5500,其他,否,eea.gd 官方
,,北京大学医学部            1,普通,03,203,不限,物理,25,672,564,5500,其他,否,eea.gd 官方
,,北京大学医学部,普通,04,204,不限,物理,6,661,1339,5500,其他,否,eea.gd 官方
,,中国人民大学(苏州校区）（中外合作办学),985,02,202,不限,物理,6,638,5405,5500,北京,否,eea.gd 官方
,,中国人民大学(苏州校区）（中外合作办学),985,03,203,不限,物理,1,648,3153,5500,北京,否,eea.gd 官方
,,北京交通大学(威海校区) (中外合作办学),211,02,202,不限,物理,2,593,26892,5500,北京,否,eea.gd 官方
,,北京交通大学（威海校区）（中外合作办学）,211,03,203,不限,物理,9,601,20955,5500,北京,否,eea.gd 官方
,,北京交通大学(威海校区)(中外合作办学),211,04,204,不限,物理,3,590,28796,5500,北京,否,eea.gd 官方
,,北京邮电大学(宏福校区)(中外合作办学),211,01,201,不限,物理,297,613,14323,5500,北京,否,eea.gd 官方
,,北京邮电大学(宏福校区)（中外合作办学),211,02,202,不限,物理,12,608,17316,5500,北京,否,eea.gd 官方
,,北京师范大学(珠海校区),985,03,203,不限,物理,39,618,12092,5500,北京,否,eea.gd 官方
,,北京师范大学（珠海校区）,985,04,204,不限,物理,241,620,11332,5500,北京,否,eea.gd 官方
,,大连理工大学（盘锦校区）,985,01,201,不限,物理,8,603,20173,5500,其他,否,eea.gd 官方
,,北京师范大学-香港浸会大学联合国际学院,普通,02,202,不限,物理,8,582,35270,5500,其他,否,eea.gd 官方
,,西交利物浦大学,普通,03,203,不限,物理,11,600,21887,5500,其他,否,eea.gd 官方
,,西交利物浦大学,普通,02,202,不限,物理,30,597,24148,5500,其他,否,eea.gd 官方
,,海南比勒费尔德应用科学大学,普通,02,202,不限,物理,17,462,217282,5500,其他,否,eea.gd 官方
,,茅台学院,普通,03,203,不限,物理,4,493,159700,5500,其他,否,eea.gd 官方
,,郑州西亚斯学院（中外合作办学）,普通,03,203,不限,物理,6,467,207176,5500,其他,否,eea.gd 官方
,,郑州西亚斯学院(中外合作办学）,普通,04,204,不限,物理,28,442,253394,5500,其他,否,eea.gd 官方
,,郑州西亚斯学院,普通,05,205,不限,物理,5,486,172718,5500,其他,否,eea.gd 官方
,,郑州西亚斯学院(中外合作办学),普通,06,206,不限,物理,5,453,233148,5500,其他,否,eea.gd 官方
,,深圳技术大学,普通,01,201,不限,物理,791,567,50756,5500,其他,否,eea.gd 官方
,,深圳技术大学                                A,普通,02,202,不限,物理,158,564,53416,5500,其他,否,eea.gd 官方
,,深圳技术大学                           一,普通,03,203,不限,物理,1687,574,42938,5500,其他,否,eea.gd 官方
,,海南比勒费尔德应用科学大学,普通,01,201,不限,物理,18,446,246726,5500,其他,否,eea.gd 官方
,,重庆中医药学院,普通,01,201,不限,物理,11,546,75791,5500,其他,否,eea.gd 官方
,,宁波诺丁汉大学,普通,05,205,不限,物理,25,588,30919,5500,其他,否,eea.gd 官方
,,香港城市大学(东莞)     XY,普通,01,201,不限,物理,44,611,15431,5500,其他,否,eea.gd 官方
,,深圳理工大学            WA,普通,01,201,不限,物理,120,624,9667,5500,其他,否,eea.gd 官方
,,河北石油职业技术大学    N,普通,01,201,不限,物理,40,497,152388,5500,其他,否,eea.gd 官方
,,河北科技工程职业技术大学,普通,02,202,不限,物理,18,500,148588,5500,其他,否,eea.gd 官方
,,河北科技工程职业技术大学,普通,03,203,不限,物理,3,489,167607,5500,其他,否,eea.gd 官方
,,贵阳康养职业大学,普通,03,203,不限,物理,2,494,158170,5500,其他,否,eea.gd 官方
,,兰州资源环境职业技术大学,普通,01,201,不限,物理,5,496,154210,5500,其他,否,eea.gd 官方
,,兰州石化职业技术大学,普通,01,201,不限,物理,5,490,164913,5500,其他,否,eea.gd 官方
,,宁波诺丁汉大学,普通,04,204,不限,物理,12,587,31606,5500,其他,否,eea.gd 官方
,,大连理工大学(盘锦校区),985,02,202,不限,物理,12,607,17429,5500,其他,否,eea.gd 官方
,,东北大学秦皇岛分校,普通,03,203,不限,物理,12,594,25960,5500,其他,否,eea.gd 官方
,,广西城市职业大学                     1,普通,02,202,不限,物理,125,476,191338,5500,其他,否,eea.gd 官方
,,东北大学秦皇岛分校,普通,04,204,不限,物理,63,605,18631,5500,其他,否,eea.gd 官方
,,河北环境工程学院,普通,03,203  ?,不限,物理,15,491,163975,5500,其他,否,eea.gd 官方
,,河北环境工程学院,普通,04,204,不限,物理,30,490,166317,5500,其他,否,eea.gd 官方
,,河北环境工程学院,普通,05,205,不限,物理,3,495,157376,5500,其他,否,eea.gd 官方
,,汕头大学医学院,普通,11,211,不限,物理,159,598,23301,5500,其他,否,eea.gd 官方
,,汕头大学医学院,普通,12,212,不限,物理,177,579,38522,5500,其他,否,eea.gd 官方
,,汕头大学医学院                                 V,普通,13,213,不限,物理,95,535,91252,5500,其他,否,eea.gd 官方
,,汕头大学医学院,普通,14,214,不限,物理,91,548,72584,5500,其他,否,eea.gd 官方
,,华南师范大学(汕尾校区),211,02,202,不限,物理,90,570,47195,5500,广州,否,eea.gd 官方
,,华南师范大学(汕尾校区),211,03,203,不限,物理,452,575,41865,5500,广州,否,eea.gd 官方
,,华南师范大学(汕尾校区),211,04,204,不限,物理,160,573,44304,5500,广州,否,eea.gd 官方
,,广东工业大学(揭阳校区),普通,52,252,不限,物理,719,559,58867,5500,其他,否,eea.gd 官方
,,广东工业大学(揭阳校区）,普通,53,253,不限,物理,31,550,170720,5500,其他,否,eea.gd 官方
,,广东技术师范大学(河源校区),普通,01,201,不限,物理,90,522,111726,5500,其他,否,eea.gd 官方
,,广东技术师范大学(河源校区),普通,02,202,不限,物理,25,529,100809,5500,其他,否,eea.gd 官方
,,香港珠海学院,普通,02,202,不限,物理,9,519,115202,5500,其他,否,eea.gd 官方
,,陆军工程大学  ?,普通,01,201,不限,物理,4,574,42847,5500,其他,否,eea.gd 官方
,,陆军工程大学,普通,02,202,不限,物理,1,579,38550,5500,其他,否,eea.gd 官方
,,陆军军医大学        ?,普通,01,201,不限,物理,1,625,9104,5500,其他,否,eea.gd 官方
,,陆军军医大学,普通,02,202,不限,物理,2,637,5474,5500,其他,否,eea.gd 官方
,,陆军军医大学,普通,03,203,不限,物理,8,591,28024,5500,其他,否,eea.gd 官方
,,陆军军医大学,普通,04,204,不限,物理,30,581,36258,5500,其他,否,eea.gd 官方
,,河北环境工程学院,普通,02,202,不限,物理,3,494,158635,5500,其他,否,eea.gd 官方
,,江西飞行学院,普通,03,203,不限,物理,6,506,137909,5500,其他,否,eea.gd 官方
,,江西飞行学院,普通,02,202,不限,物理,4,496,154612,5500,其他,否,eea.gd 官方
,,合肥工业大学(宣城校区),211,03,203,不限,物理,10,558,61020,5500,合肥,否,eea.gd 官方
,,东北大学秦皇岛分校(中外合作办学),普通,05,205,不限,物理,17,601,21351,5500,其他,否,eea.gd 官方
,,哈尔滨工业大学(威海),985,02,202,不限,物理,5,644,3927,5500,其他,否,eea.gd 官方
,,哈尔滨工业大学(威海)（中外合作办学),985,03,203,不限,物理,3,609,16625,5500,其他,否,eea.gd 官方
,,哈尔滨工业大学(威海),985,04,204,不限,物理,13,623,10023,5500,其他,否,eea.gd 官方
,,复旦大学医学院,普通,01,201,不限,物理,4,679,249,5500,其他,否,eea.gd 官方
,,复旦大学医学院,普通,02,202,不限,物理,22,661,1378,5500,其他,否,eea.gd 官方
,,上海交通大学医学院,普通,01,201,不限,物理,3,683,167,5500,其他,否,eea.gd 官方
,,上海交通大学医学院(联合培养),普通,02,202,不限,物理,14,664,1100,5500,其他,否,eea.gd 官方
,,浙江大学医学院,普通,01,201,不限,物理,24,649,3003,5500,其他,否,eea.gd 官方
,,合肥工业大学(宣城校区),211,05,205,不限,物理,39,598,22862,5500,合肥,否,eea.gd 官方
,,西南大学(荣昌校区）(中外合作办学),211,05,205,不限,物理,4,533,93540,5500,其他,否,eea.gd 官方
,,中国石油大学(北京)克拉玛依校区,普通,01,201,不限,物理,4,561,57201,5500,其他,否,eea.gd 官方
,,中国石油大学(北京)克拉玛依校区,普通,02,202,不限,物理,32,564,53991,5500,其他,否,eea.gd 官方
,,山东大学威海分校,普通,02,202,不限,物理,8,604,19160,5500,其他,否,eea.gd 官方
,,山东大学威海分校        XY,普通,03,203,不限,物理,50,611,15609,5500,其他,否,eea.gd 官方
,,电子科技大学（沙河校区）,985,01,201,不限,物理,33,637,5650,5500,其他,否,eea.gd 官方
,,电子科技大学(沙河校区)(中外合作办学),985,02,202,不限,物理,35,623,10028,5500,其他,否,eea.gd 官方
,,电子科技大学(沙河校区)(中外合作办学),985,03,203,不限,物理,15,618,12202,5500,其他,否,eea.gd 官方
,,西南大学（荣昌校区）,211,02,202,不限,物理,10,578,38876,5500,其他,否,eea.gd 官方
,,西南大学(荣昌校区),211,04,204,不限,物理,14,575,42305,5500,其他,否,eea.gd 官方
,,茅台学院,普通,02,202,不限,物理,4,489,167892,5500,其他,否,eea.gd 官方
,,茅台学院,普通,01,201,不限,物理,2,492,161384,5500,其他,否,eea.gd 官方
,,滇西应用技术大学,普通,03,203,不限,物理,2,500,147664,5500,其他,否,eea.gd 官方
,,滇西应用技术大学,普通,02,202,不限,物理,8,489,166756,5500,其他,否,eea.gd 官方
,,常州大学怀德学院       v,普通,02,202,不限,物理,24,465,211064,5500,其他,否,eea.gd 官方
,,常州大学怀德学院      AX,普通,03,203,不限,物理,10,469,204782,5500,其他,否,eea.gd 官方
,,南通大学杏林学院      1,普通,01,201,不限,物理,18,478,186487,5500,其他,否,eea.gd 官方
,,南通大学杏林学院,普通,02,202,不限,物理,26,457,226065,5500,其他,否,eea.gd 官方
,,南京审计大学金审学院,普通,03,203,不限,物理,63,485,174362,5500,其他,否,eea.gd 官方
,,南京审计大学金审学院,普通,05,205,不限,物理,4,486,172118,5500,其他,否,eea.gd 官方
,,青岛工学院,普通,03,203,不限,物理,2,487,170572,5500,其他,否,eea.gd 官方
,,青岛工学院,普通,04,204,不限,物理,2,477,190055,5500,其他,否,eea.gd 官方
,,青岛工学院,普通,05,205,不限,物理,12,475,192121,5500,其他,否,eea.gd 官方
,,青岛工学院,普通,06,206,不限,物理,30,475,193841,5500,其他,否,eea.gd 官方
,,齐鲁理工学院,普通,02,202,不限,物理,6,478,187587,5500,其他,否,eea.gd 官方
,,齐鲁理工学院,普通,03,203,不限,物理,17,477,188510,5500,其他,否,eea.gd 官方
,,齐鲁理工学院,普通,04,204,不限,物理,30,484,176577,5500,其他,否,eea.gd 官方
,,西安信息职业大学,普通,01,201,不限,物理,10,483,178934,5500,其他,否,eea.gd 官方
,,西南财经大学天府学院,普通,02,202,不限,物理,15,485,174064,5500,其他,否,eea.gd 官方
,,天津仁爱学院,普通,04,?204,不限,物理,15,470,201518,5500,其他,否,eea.gd 官方
,,天津仁爱学院,普通,05,205,不限,物理,47,468,206632,5500,其他,否,eea.gd 官方
,,四川大学锦江学院,普通,02,202,不限,物理,7,489,167678,5500,其他,否,eea.gd 官方
,,四川大学锦江学院,普通,03,203,不限,物理,4,489,166441,5500,其他,否,eea.gd 官方
,,西安科技大学高新学院,普通,02,202,不限,物理,2,491,163610,5500,其他,否,eea.gd 官方
,,西安科技大学高新学院(中外合作办学）,普通,03,203,不限,物理,2,478,186530,5500,其他,否,eea.gd 官方
,,江苏科技大学苏州理工学院,普通,03,203,不限,物理,17,482,180858,5500,其他,否,eea.gd 官方
,,江苏科技大学苏州理工学院,普通,02,202,不限,物理,6,491,163594,5500,其他,否,eea.gd 官方
,,南京财经大学红山学院,普通,02,202,不限,物理,16,485,174234,5500,其他,否,eea.gd 官方
,,江苏大学京江学院,普通,02,202,不限,物理,5,492,161829,5500,其他,否,eea.gd 官方
,,湖南交通工程学院,普通,03,203,不限,物理,4,484,177374,5500,其他,否,eea.gd 官方
,,南京医科大学康达学院,普通,04,204,不限,物理,8,485,175111,5500,其他,否,eea.gd 官方
,,南京医科大学康达学院,普通,05,205,不限,物理,5,483,177816,5500,其他,否,eea.gd 官方
,,南京医科大学康达学院  XY,普通,06,206,不限,物理,33,486,173431,5500,其他,否,eea.gd 官方
,,南京医科大学康达学院WA,普通,07,207,不限,物理,2,493,161062,5500,其他,否,eea.gd 官方
,,无锡学院,普通,02,202,不限,物理,4,532,95436,5500,其他,否,eea.gd 官方
,,无锡学院,普通,03,203,不限,物理,41,533,94808,5500,其他,否,eea.gd 官方
,,苏州城市学院,普通,05,205,不限,物理,14,527,103021,5500,其他,否,eea.gd 官方
,,苏州大学应用技术学院,普通,05,205,不限,物理,16,484,176506,5500,其他,否,eea.gd 官方
,,江苏大学京江学院,普通,03,203,不限,物理,67,472,198042,5500,其他,否,eea.gd 官方
,,南京邮电大学通达学院,普通,02,202,不限,物理,67,480,183798,5500,其他,否,eea.gd 官方
,,扬州大学广陵学院,普通,03,203,不限,物理,2,492,162534,5500,其他,否,eea.gd 官方
,,扬州大学广陵学院,普通,04,204,不限,物理,15,486,173074,5500,其他,否,eea.gd 官方
,,扬州大学广陵学院,普通,05,205,不限,物理,29,472,197758,5500,其他,否,eea.gd 官方
,,扬州大学广陵学院,普通,06,206,不限,物理,30,480,183082,5500,其他,否,eea.gd 官方
,,扬州大学广陵学院,普通,07,207,不限,物理,4,485,175369,5500,其他,否,eea.gd 官方
,,江苏师范大学科文学院,普通,03,203,不限,物理,5,491,164344,5500,其他,否,eea.gd 官方
,,江苏师范大学科文学院,普通,04,204,不限,物理,12,488,169663,5500,其他,否,eea.gd 官方
,,江苏师范大学科文学院                         ?,普通,05,205,不限,物理,12,477,189354,5500,其他,否,eea.gd 官方
,,南京邮电大学通达学院                    x,普通,01,201,不限,物理,19,487,170533,5500,其他,否,eea.gd 官方
,,福建农林大学金山学院(中外合作办学),普通,02,202,不限,物理,3,479,185598,5500,其他,否,eea.gd 官方
,,天津财经大学珠江学院,普通,02,202,不限,物理,14,486,172547,5500,其他,否,eea.gd 官方
,,湖北第二师范学院,普通,03,203,不限,物理,3,519,116145,5500,其他,否,eea.gd 官方
,,成都师范学院,普通,03,203,不限,物理,15,522,110963,5500,其他,否,eea.gd 官方
,,东第 师范学院                   1       T,普通,09,209,不限,物理,30,542,81233,5500,其他,否,eea.gd 官方
,,东第 师范学院                  V&gt;,普通,10,210,不限,物理,337,503,141928,5500,其他,否,eea.gd 官方
,,广东第 师范学院                  K,普通,15,215,不限,物理,50,500,147323,5500,其他,否,eea.gd 官方
,,广东第二师范学院(学分互认）,普通,25,225,不限,物理,15,520,114229,5500,其他,否,eea.gd 官方
,,东第二师范学院（学分互认）,普通,26,226,不限,物理,15,499,148970,5500,其他,否,eea.gd 官方
,,东第二师范学院（学分互认）,普通,27,227,不限,物理,15,500,146926,5500,其他,否,eea.gd 官方
,,青岛电影学院,普通,02,202,不限,物理,2,477,189477,5500,其他,否,eea.gd 官方
,,青岛电影学院  1,普通,03,203,不限,物理,16,443,252060,5500,其他,否,eea.gd 官方
,,成都师范学院,普通,02,202,不限,物理,2,537,87498,5500,其他,否,eea.gd 官方
,,四川电影电视学院,普通,02,202,不限,物理,3,485,173844,5500,其他,否,eea.gd 官方
,,东第 师范学院                          x,普通,07,207,不限,物理,200,522,110395,5500,其他,否,eea.gd 官方
,,河北中医药大学,普通,01,201,不限,物理,19,514,124456,5500,其他,否,eea.gd 官方
,,山西传媒学院,普通,02,202,不限,物理,2,509,132988,5500,其他,否,eea.gd 官方
,,南昌师范学院,普通,03,203,不限,物理,4,499,149445,5500,其他,否,eea.gd 官方
,,南昌师范学院,普通,04,204,不限,物理,6,501,146118,5500,其他,否,eea.gd 官方
,,贵州理工学院,普通,01,201,不限,物理,8,510,130609,5500,其他,否,eea.gd 官方
,,山西工程技术学院,普通,01,201,不限,物理,4,495,157471,5500,其他,否,eea.gd 官方
,,山西工程技术学院,普通,02,202,不限,物理,2,508,133270,5500,其他,否,eea.gd 官方
,,山西工程技术学院,普通,03,203,不限,物理,24,492,161573,5500,其他,否,eea.gd 官方
,,中国社会科学院大学,普通,04,204,不限,物理,4,613,14378,5500,其他,否,eea.gd 官方
,,东第 师范学院                          m,普通,08,208,不限,物理,86,513,124921,5500,其他,否,eea.gd 官方
,,广东第二师范学院                              Y,普通,06,206,不限,物理,396,527,103608,5500,其他,否,eea.gd 官方
,,湖北第二师范学院(中外合作办学),普通,04,204,不限,物理,4,503,142791,5500,其他,否,eea.gd 官方
,,上海财经大学浙江学院,普通,02,202,不限,物理,8,490,166374,5500,其他,否,eea.gd 官方
,,太原工业学院,普通,01,201,不限,物理,24,495,157198,5500,其他,否,eea.gd 官方
,,民政职业大学,普通,02,202,不限,物理,5,509,131652,5500,其他,否,eea.gd 官方
,,宿迁学院                                      A,普通,02,202,不限,物理,5,496,154674,5500,其他,否,eea.gd 官方
,,宿迁学院,普通,03,203,不限,物理,27,495,157053,5500,其他,否,eea.gd 官方
,,海南科技职业大学                       X,普通,02,202,不限,物理,5,479,186334,5500,其他,否,eea.gd 官方
,,北京第二外国语学院中瑞酒店管理学院,普通,01,201,不限,物理,2,462,217649,5500,其他,否,eea.gd 官方
,,沧州交通学院                         /V,普通,03,203,不限,物理,10,468,205252,5500,其他,否,eea.gd 官方
,,沧州交通学院              XY,普通,04,204,不限,物理,15,475,192749,5500,其他,否,eea.gd 官方
,,皖江工学院               WA,普通,01,201,不限,物理,5,472,198539,5500,其他,否,eea.gd 官方
,,上海财经大学浙江学院,普通,03,203,不限,物理,4,489,166966,5500,其他,否,eea.gd 官方
,,广东第 师范学院,普通,05,205,不限,物理,156,540,83808,5500,其他,否,eea.gd 官方
,,贵州师范学院,普通,02,202,不限,物理,2,500,148324,5500,其他,否,eea.gd 官方
,,河北东方学院,普通,05,205,不限,物理,4,478,187576,5500,其他,否,eea.gd 官方
,,河北东方学院,普通,06,206,不限,物理,3,490,165258,5500,其他,否,eea.gd 官方
,,运城职业技术大学,普通,03,203,不限,物理,4,488,168306,5500,其他,否,eea.gd 官方
,,运城职业技术大学,普通,04,204,不限,物理,30,488,169495,5500,其他,否,eea.gd 官方
,,广东第二师范学院,普通,01,201,不限,物理,407,509,132916,5500,其他,否,eea.gd 官方
,,广东第二师范学院,普通,02,202,不限,物理,91,529,100973,5500,其他,否,eea.gd 官方
,,广东第 师范学院,普通,03,203,不限,物理,123,513,126293,5500,其他,否,eea.gd 官方
,,东第二师范学院,普通,04,204,不限,物理,87,505,139032,5500,其他,否,eea.gd 官方
,,长春电子科技学院,普通,02,202,不限,物理,8,478,186786,5500,其他,否,eea.gd 官方
,,山西科技学院,普通,03,203,不限,物理,30,507,136437,5500,其他,否,eea.gd 官方
,,山西科技学院,普通,02,202,不限,物理,30,501,146783,5500,其他,否,eea.gd 官方
,,东外语外贸大学南国商学院(联合培养),普通,32,232,不限,物理,30,471,201138,5500,其他,否,eea.gd 官方
,,广州城市理工学院,普通,02,202,不限,物理,1677,484,176571,5500,其他,否,eea.gd 官方
,,广州城市理工学院,普通,03,203,不限,物理,287,490,164668,5500,其他,否,eea.gd 官方
,,广州软件学院,普通,01,201,不限,物理,1194,475,192378,5500,其他,否,eea.gd 官方
,,广州软件学院,普通,02,202&lt;,不限,物理,546,469,203829,5500,其他,否,eea.gd 官方
,,广州软件学院,普通,03,203,不限,物理,30,468,205818,5500,其他,否,eea.gd 官方
,,广州软件学院(校企联合培养),普通,04,204,不限,物理,100,478,186781,5500,其他,否,eea.gd 官方
,,广州软件学院(校企联合培养）,普通,05,205,不限,物理,340,468,205078,5500,其他,否,eea.gd 官方
,,广州软件学院(校企联合培养)                ?,普通,06,206,不限,物理,165,469,204282,5500,其他,否,eea.gd 官方
,,广州软件学院（国际班）                     xV,普通,07,207,不限,物理,15,474,194126,5500,其他,否,eea.gd 官方
,,广州软件学院                                vn,普通,08,208,不限,物理,15,473,196497,5500,其他,否,eea.gd 官方
,,广州软件学院(国际班)             1      V,普通,09,209,不限,物理,16,462,217435,5500,其他,否,eea.gd 官方
,,广州南方学院                       V&gt;,普通,04,204,不限,物理,891,479,186465,5500,其他,否,eea.gd 官方
,,广州南方学院                        K,普通,05,205,不限,物理,797,482,180640,5500,其他,否,eea.gd 官方
,,广州南方学院,普通,06,206,不限,物理,529,475,192314,5500,其他,否,eea.gd 官方
,,广州南方学院（联合培养）X,普通,07,207,不限,物理,31,469,204666,5500,其他,否,eea.gd 官方
,,州南方学院（中外合作办学）,普通,08,208,不限,物理,37,467,207348,5500,其他,否,eea.gd 官方
,,东外语外贸大学南国商学院,普通,21,221,不限,物理,136,483,178818,5500,其他,否,eea.gd 官方
,,广东外语外贸大学南国商学院,普通,22,222,不限,物理,228,481,181363,5500,其他,否,eea.gd 官方
,,广东外语外贸大学南国商学院,普通,23,223,不限,物理,169,480,184524,5500,其他,否,eea.gd 官方
,,广东外语外贸大学南国商学院,普通,24,224,不限,物理,96,480,183771,5500,其他,否,eea.gd 官方
,,广东外语外贸大学南国商学院,普通,25,225,不限,物理,132,473,196326,5500,其他,否,eea.gd 官方
,,广州城市理工学院,普通,01,201,不限,物理,60,491,163229,5500,其他,否,eea.gd 官方
,,重庆电子科技职业大学,普通,01,201,不限,物理,10,513,124816,5500,其他,否,eea.gd 官方
,,上海立达学院,普通,02,202,不限,物理,5,457,225619,5500,其他,否,eea.gd 官方
,,广东东软学院,普通,07,207,不限,物理,80,477,189872,5500,其他,否,eea.gd 官方
,,云南经济管理学院,普通,02,202,不限,物理,6,480,183102,5500,其他,否,eea.gd 官方
,,云南经济管理学院,普通,03,203,不限,物理,4,480,184039,5500,其他,否,eea.gd 官方
,,云南经济管理学院,普通,04,204,不限,物理,6,481,182412,5500,其他,否,eea.gd 官方
,,广东东软学院,普通,01,201,不限,物理,156,481,182356,5500,其他,否,eea.gd 官方
,,广东东软学院,普通,02,202,不限,物理,62,480,184504,5500,其他,否,eea.gd 官方
,,东东软学院,普通,03,203,不限,物理,55,481,181830,5500,其他,否,eea.gd 官方
,,广东东软学院,普通,04,204,不限,物理,57,483,178253,5500,其他,否,eea.gd 官方
,,广东东软学院,普通,05,205,不限,物理,52,480,183801,5500,其他,否,eea.gd 官方
,,广东东软学院,普通,06,206,不限,物理,60,479,186434,5500,其他,否,eea.gd 官方
,,广广东东软学院,普通,08,208,不限,物理,69,470,202894,5500,其他,否,eea.gd 官方
,,广东东软学院（中外合作办学）,普通,18,218,不限,物理,110,442,253778,5500,其他,否,eea.gd 官方
,,广东东软学院,普通,09,209,不限,物理,46,471,199805,5500,其他,否,eea.gd 官方
,,东东软学院                                M,普通,10,210,不限,物理,73,470,202783,5500,其他,否,eea.gd 官方
,,广东东软学院                           一,普通,11,211,不限,物理,34,473,196158,5500,其他,否,eea.gd 官方
,,广东东软学院,普通,12,212,不限,物理,60,478,187775,5500,其他,否,eea.gd 官方
,,广东东软学院,普通,13,213,不限,物理,75,479,185042,5500,其他,否,eea.gd 官方
,,广东东软学院,普通,14,214,不限,物理,60,479,185530,5500,其他,否,eea.gd 官方
,,东东软学院             Xy,普通,15,215,不限,物理,58,474,195563,5500,其他,否,eea.gd 官方
,,东东软学院            WA,普通,16,216,不限,物理,82,469,204158,5500,其他,否,eea.gd 官方
,,广东东软学院                Y,普通,17,217,不限,物理,30,463,215382,5500,其他,否,eea.gd 官方
,,东外语外贸大学南国商学院,普通,26,226,不限,物理,362,478,187737,5500,其他,否,eea.gd 官方
,,广东外语外贸大学南国商学院(联合培养),普通,33,233,不限,物理,20,478,187511,5500,其他,否,eea.gd 官方
,,郑州工业应用技术学院,普通,03,203,不限,物理,2,484,176544,5500,其他,否,eea.gd 官方
,,广州华商学院,普通,11,211,不限,物理,806,452,235741,5500,其他,否,eea.gd 官方
,,湖南文理学院芙蓉学院又,普通,04,204,不限,物理,2,492,161652,5500,其他,否,eea.gd 官方
,,衡阳师范学院南岳学院,普通,02,202,不限,物理,2,499,149908,5500,其他,否,eea.gd 官方
,,衡阳师范学院南岳学院,普通,03,203,不限,物理,5,489,166592,5500,其他,否,eea.gd 官方
,,湖南工程学院应用技术学院,普通,01,201,不限,物理,5,490,166036,5500,其他,否,eea.gd 官方
,,湖南中医药大学湘杏学院,普通,02,202,不限,物理,9,512,127907,5500,其他,否,eea.gd 官方
,,张家界学院,普通,02,202,不限,物理,4,486,173045,5500,其他,否,eea.gd 官方
,,广州理工学院,普通,01,201,不限,物理,3177,451,236694,5500,其他,否,eea.gd 官方
,,广州理工学院,普通,02,202,不限,物理,671,456,227115,5500,其他,否,eea.gd 官方
,,东南大学成贤学院,普通,02,202,不限,物理,4,489,167194,5500,其他,否,eea.gd 官方
,,东南大学成贤学院,普通,03,203,不限,物理,22,486,173460,5500,其他,否,eea.gd 官方
,,厦门华厦学院,普通,03,203,不限,物理,5,485,175223,5500,其他,否,eea.gd 官方
,,厦门华厦学院,普通,04,204,不限,物理,18,476,191991,5500,其他,否,eea.gd 官方
,,闽南理工学院                                x,普通,02,202,不限,物理,2,488,169211,5500,其他,否,eea.gd 官方
,,西安欧亚学院                                 V,普通,02,202,不限,物理,10,477,189266,5500,其他,否,eea.gd 官方
,,西安欧亚学院                        Y  T,普通,03,203,不限,物理,4,476,191432,5500,其他,否,eea.gd 官方
,,西安外事学院                        V&gt;,普通,03,203,不限,物理,2,483,179077,5500,其他,否,eea.gd 官方
,,西安外事学院                        K,普通,04,204,不限,物理,6,477,190017,5500,其他,否,eea.gd 官方
,,西安翻译学院             v,普通,02,202,不限,物理,7,477,189260,5500,其他,否,eea.gd 官方
,,西安翻译学院            AX,普通,03,203,不限,物理,35,462,216954,5500,其他,否,eea.gd 官方
,,西京学院              /,普通,04,204,不限,物理,3,487,170289,5500,其他,否,eea.gd 官方
,,西京学院,普通,05,205,不限,物理,6,483,179075,5500,其他,否,eea.gd 官方
,,湖南文理学院芙蓉学院,普通,03,203,不限,物理,2,492,162429,5500,其他,否,eea.gd 官方
,,中南林业科技大学涉外学院,普通,03,203,不限,物理,24,487,171209,5500,其他,否,eea.gd 官方
,,中南林业科技大学涉外学院V,普通,02,202,不限,物理,12,490,166142,5500,其他,否,eea.gd 官方
,,湛江科技学院,普通,02,202,不限,物理,2407,442,253795,5500,其他,否,eea.gd 官方
,,广州华商学院,普通,12,212,不限,物理,496,445,247408,5500,其他,否,eea.gd 官方
,,广州华商学院,普通,13,213,不限,物理,657,453,233041,5500,其他,否,eea.gd 官方
,,广州华商学院,普通,14,214,不限,物理,50,465,211076,5500,其他,否,eea.gd 官方
,,广州华商学院（学分互认）,普通,15,215,不限,物理,111,442,253646,5500,其他,否,eea.gd 官方
,,广州华商学院（联合培养）,普通,16,216,不限,物理,30,445,247390,5500,其他,否,eea.gd 官方
,,广州华商学院,普通,17,217,不限,物理,790,454,232113,5500,其他,否,eea.gd 官方
,,广州华商学院,普通,18,218,不限,物理,80,442,252920,5500,其他,否,eea.gd 官方
,,广州华商学院,普通,19,219,不限,物理,565,456,227274,5500,其他,否,eea.gd 官方
,,湛江科技学院,普通,01,201,不限,物理,1691,442,253755,5500,其他,否,eea.gd 官方
,,湛江科技学院,普通,03,203,不限,物理,45,442,252727,5500,其他,否,eea.gd 官方
,,湖南农业大学东方科技学院,普通,02,202,不限,物理,2,488,168712,5500,其他,否,eea.gd 官方
,,华南农业大学珠江学院,普通,12,212,不限,物理,290,472,199117,5500,其他,否,eea.gd 官方
,,华南农业大学珠江学院,普通,19,219,不限,物理,527,471,200726,5500,其他,否,eea.gd 官方
,,厦门医学院,普通,01,201,不限,物理,11,545,77194,5500,其他,否,eea.gd 官方
,,厦门医学院,普通,02,202,不限,物理,4,538,86193,5500,其他,否,eea.gd 官方
,,成都东软学院                                A,普通,02,202,不限,物理,6,491,163256,5500,其他,否,eea.gd 官方
,,湖南科技大学潇湘学院               2,普通,02,202,不限,物理,5,489,168055,5500,其他,否,eea.gd 官方
,,南华大学船山学院,普通,02,202,不限,物理,4,490,166280,5500,其他,否,eea.gd 官方
,,南华大学船山学院,普通,03,203,不限,物理,6,488,169357,5500,其他,否,eea.gd 官方
,,湘潭理工学院                         W,普通,02,202,不限,物理,5,489,167354,5500,其他,否,eea.gd 官方
,,宁夏理工学院,普通,03,203,不限,物理,6,485,174434,5500,其他,否,eea.gd 官方
,,中国劳动关系学院,普通,04,204,不限,物理,2,541,82841,5500,北京,否,eea.gd 官方
,,中国劳动关系学院,普通,03,203,不限,物理,30,526,105516,5500,北京,否,eea.gd 官方
,,中国劳动关系学院,普通,02,202,不限,物理,17,530,98592,5500,北京,否,eea.gd 官方
,,广东工业大学,普通,32,232,不限,物理,147,559,59713,5500,其他,否,eea.gd 官方
,,广东工业大学                                X,普通,33,233,不限,物理,89,556,63379,5500,其他,否,eea.gd 官方
,,东工业大学(学分互认/联合培养）    n,普通,62,262,不限,物理,293,552,68355,5500,其他,否,eea.gd 官方
,,东工业大学（学分互认/联合培养）      V,普通,63,263,不限,物理,9,545,76567,5500,其他,否,eea.gd 官方
,,广东工业大学(学分互认)         入,普通,65,265,不限,物理,58,546,76164,5500,其他,否,eea.gd 官方
,,广东工业大学(学分互认)          K,普通,67,267,不限,物理,10,555,63770,5500,其他,否,eea.gd 官方
,,广东工业大学(地方专项）,普通,72,272,不限,物理,135,549,71986,5500,其他,否,eea.gd 官方
,,广东工业大学（地方专项）,普通,73,273,不限,物理,105,535,91751,5500,其他,否,eea.gd 官方
,,东外语外贸大学,普通,08,208,不限,物理,170,554,64957,5500,其他,否,eea.gd 官方
,,东外语外贸大学,普通,09,209,不限,物理,287,559,59791,5500,其他,否,eea.gd 官方
,,广东外语外贸大学,普通,10,210,不限,物理,661,552,67564,5500,其他,否,eea.gd 官方
,,广东外语外贸大学,普通,11,211,不限,物理,533,556,63045,5500,其他,否,eea.gd 官方
,,广东外语外贸大学,普通,12,212,不限,物理,377,567,50802,5500,其他,否,eea.gd 官方
,,广东外语外贸大学,普通,13,213,不限,物理,160,561,56842,5500,其他,否,eea.gd 官方
,,东外语外贸大学,普通,14,214,不限,物理,20,562,55550,5500,其他,否,eea.gd 官方
,,东外语外贸大学(合作办学),普通,15,215,不限,物理,30,543,80285,5500,其他,否,eea.gd 官方
,,广东外语外贸大学(地方专项),普通,16,216,不限,物理,76,522,110658,5500,其他,否,eea.gd 官方
,,佛山大学(原佛山科学技术学院),普通,01,201,不限,物理,471,552,68019,5500,其他,否,eea.gd 官方
,,佛山大学(原佛山科学技术学院),普通,02,202,不限,物理,150,543,79268,5500,其他,否,eea.gd 官方
,,佛山大学(原佛山科学技术学院),普通,03,203,不限,物理,797,539,85797,5500,其他,否,eea.gd 官方
,,佛山大学（原佛山科学技术学院),普通,04,204,不限,物理,335,535,91233,5500,其他,否,eea.gd 官方
,,广东工业大学,普通,31,231,不限,物理,181,569,47845,5500,其他,否,eea.gd 官方
,,广东工业大学,普通,28,228,不限,物理,82,552,67831,5500,其他,否,eea.gd 官方
,,广东工业大学,普通,27,227,不限,物理,239,556,63314,5500,其他,否,eea.gd 官方
,,广东工业大学,普通,10,210,不限,物理,217,575,42144,5500,其他,否,eea.gd 官方
,,贺州学院,普通,02,202,不限,物理,23,497,153169,5500,其他,否,eea.gd 官方
,,贺州学院,普通,03,203,不限,物理,24,500,146895,5500,其他,否,eea.gd 官方
,,九江学院,普通,02,202,不限,物理,2,499,150476,5500,其他,否,eea.gd 官方
,,九江学院,普通,03,203,不限,物理,5,506,137669,5500,其他,否,eea.gd 官方
,,九江学院,普通,04,204,不限,物理,3,546,75861,5500,其他,否,eea.gd 官方
,,广东工业大学                                A,普通,06,206,不限,物理,564,594,25873,5500,其他,否,eea.gd 官方
,,广广东工业大学                            2,普通,07,207,不限,物理,180,584,34297,5500,其他,否,eea.gd 官方
,,广东工业大学,普通,08,208,不限,物理,232,567,50424,5500,其他,否,eea.gd 官方
,,广东工业大学,普通,09,209,不限,物理,80,569,48511,5500,其他,否,eea.gd 官方
,,东工业大学              XY,普通,11,211,不限,物理,633,579,38363,5500,其他,否,eea.gd 官方
,,广东工业大学,普通,26,226&lt;,不限,物理,57,569,48522,5500,其他,否,eea.gd 官方
,,广东工业大学             WA,普通,12,212,不限,物理,331,563,54902,5500,其他,否,eea.gd 官方
,,广东工业大学,普通,13,213,不限,物理,599,586,31867,5500,其他,否,eea.gd 官方
,,广东工业大学,普通,14,214,不限,物理,21,560,58306,5500,其他,否,eea.gd 官方
,,广东工业大学,普通,15,215,不限,物理,181,555,63878,5500,其他,否,eea.gd 官方
,,广东工业大学,普通,20,220,不限,物理,388,582,35925,5500,其他,否,eea.gd 官方
,,广东工业大学,普通,21,221,不限,物理,174,566,51825,5500,其他,否,eea.gd 官方
,,广东工业大学,普通,22,222,不限,物理,50,562,56335,5500,其他,否,eea.gd 官方
,,广东工业大学,普通,23,223,不限,物理,220,592,27184,5500,其他,否,eea.gd 官方
,,广东工业大学,普通,25,225,不限,物理,277,568,49090,5500,其他,否,eea.gd 官方
,,佛山大学(原佛山科学技术学院),普通,05,205,不限,物理,680,533,94208,5500,其他,否,eea.gd 官方
,,佛山大学(原佛山科学技术学院),普通,06,206,不限,物理,161,538,86508,5500,其他,否,eea.gd 官方
,,佛山大学(原佛山科学技术学院),普通,07,207,不限,物理,45,545,77215,5500,其他,否,eea.gd 官方
,,湖南医药学院              v  /,普通,02,202,不限,物理,9,522,111782,5500,其他,否,eea.gd 官方
,,广东培正学院,普通,02,202,不限,物理,581,471,200448,5500,其他,否,eea.gd 官方
,,东培正学院（学分互认）,普通,06,206,不限,物理,15,463,215702,5500,其他,否,eea.gd 官方
,,贵州警察学院,普通,02,202,不限,物理,4,529,100765,5500,其他,否,eea.gd 官方
,,贵州警察学院,普通,03,203,不限,物理,1,526,104198,5500,其他,否,eea.gd 官方
,,南方医科大学                                x,普通,06,206,不限,物理,46,649,2977,5500,其他,否,eea.gd 官方
,,南方医科大学                                m,普通,07,207,不限,物理,832,590,28691,5500,其他,否,eea.gd 官方
,,南方医科大学                        Y,普通,08,208,不限,物理,381,575,42275,5500,其他,否,eea.gd 官方
,,南方医科大学,普通,09,209,不限,物理,143,583,35156,5500,其他,否,eea.gd 官方
,,南方医科大学(地方专项）,普通,10,210,不限,物理,95,535,91170,5500,其他,否,eea.gd 官方
,,安徽新华学院            AX,普通,02,202,不限,物理,7,473,195894,5500,其他,否,eea.gd 官方
,,南通理工学院,普通,04,204,不限,物理,30,485,174252,5500,其他,否,eea.gd 官方
,,安徽新华学院        ?,普通,03,203,不限,物理,5,481,182425,5500,其他,否,eea.gd 官方
,,湖南涉外经济学院,普通,02,202,不限,物理,38,472,197984,5500,其他,否,eea.gd 官方
,,湖南涉外经济学院,普通,03,203,不限,物理,27,472,198100,5500,其他,否,eea.gd 官方
,,海口经济学院,普通,03,203,不限,物理,24,452,234377,5500,其他,否,eea.gd 官方
,,海口经济学院        ?,普通,04,204,不限,物理,30,453,233870,5500,其他,否,eea.gd 官方
,,武昌首义学院,普通,02,202,不限,物理,10,487,170256,5500,武汉,否,eea.gd 官方
,,武昌理工学院,普通,02,202,不限,物理,28,481,182571,5500,武汉,否,eea.gd 官方
,,烟台南山学院,普通,02,202,不限,物理,30,484,176461,5500,其他,否,eea.gd 官方
,,武汉生物工程学院,普通,02,202,不限,物理,47,484,176120,5500,武汉,否,eea.gd 官方
,,广东培正学院,普通,01,201,不限,物理,1539,463,215525,5500,其他,否,eea.gd 官方
,,南通理工学院,普通,03,203,不限,物理,70,476,190521,5500,其他,否,eea.gd 官方
,,佛山大学(原佛山科学技术学院),普通,08,208,不限,物理,102,560,57825,5500,其他,否,eea.gd 官方
,,佛山大学(原佛山科学技术学院)(地方专项）,普通,18,218,不限,物理,85,512,127770,5500,其他,否,eea.gd 官方
,,佛山大学(原佛山科学技术学院),普通,09,209,不限,物理,115,534,92807,5500,其他,否,eea.gd 官方
,,佛山大学(原佛山科学技术学院),普通,10,210,不限,物理,57,532,95507,5500,其他,否,eea.gd 官方
,,佛山大学（原佛山科学技术学院）,普通,11,211,不限,物理,82,541,82205,5500,其他,否,eea.gd 官方
,,佛山大学(原佛山科学技术学院),普通,12,212,不限,物理,10,548,72989,5500,其他,否,eea.gd 官方
,,佛山大学(原佛山科学技术学院),普通,13,213,不限,物理,25,535,90739,5500,其他,否,eea.gd 官方
,,佛山大学(原佛山科学技术学院),普通,14,214,不限,物理,370,552,67412,5500,其他,否,eea.gd 官方
,,佛山大学(原佛山科学技术学院)(中外合作办,普通,15,215,不限,物理,120,489,166892,5500,其他,否,eea.gd 官方
,,佛山大学(原佛山科学技术学院)（联合培养）,普通,16,216,不限,物理,40,525,106764,5500,其他,否,eea.gd 官方
,,佛山大学(原佛山科学技术学院)(联合培养),普通,17,217,不限,物理,30,500,147183,5500,其他,否,eea.gd 官方
,,大连民族大学,普通,02,202,不限,物理,16,498,150926,5500,其他,否,eea.gd 官方
,,南通理工学院,普通,02,202,不限,物理,20,477,188282,5500,其他,否,eea.gd 官方
,,大连民族大学                           人,普通,03,203,不限,物理,9,517,119004,5500,其他,否,eea.gd 官方
,,上海第二工业大学,普通,02,202,不限,物理,2,548,73436,5500,其他,否,eea.gd 官方
,,上海第二工业大学       XY,普通,03,203,不限,物理,11,550,70351,5500,其他,否,eea.gd 官方
,,上海第二工业大学      WA,普通,04,204,不限,物理,2,538,86292,5500,其他,否,eea.gd 官方
,,南京特殊教育师范学院,普通,04,204,不限,物理,1,536,90079,5500,其他,否,eea.gd 官方
,,南京特殊教育师范学院,普通,05,205,不限,物理,3,546,76068,5500,其他,否,eea.gd 官方
,,南京特殊教育师范学院,普通,06,206,不限,物理,4,480,184331,5500,其他,否,eea.gd 官方
,,上海商学院,普通,02,202,不限,物理,2,538,86812,5500,其他,否,eea.gd 官方
,,上海商学院,普通,03,203,不限,物理,2,545,76957,5500,其他,否,eea.gd 官方
,,郑州工业应用技术学院,普通,02,202,不限,物理,2,485,175456,5500,其他,否,eea.gd 官方
,,四川工程职业技术大学,普通,01,201,不限,物理,10,497,153751,5500,其他,否,eea.gd 官方
,,河北地质大学华信学院,普通,04,204,不限,物理,30,485,175437,5500,其他,否,eea.gd 官方
,,南昌应用技术师范学院,普通,03,203,不限,物理,12,487,171180,5500,其他,否,eea.gd 官方
,,赣南科技学院,普通,03,203,不限,物理,4,497,153880,5500,其他,否,eea.gd 官方
,,赣南科技学院,普通,04,204,不限,物理,8,493,160757,5500,其他,否,eea.gd 官方
,,赣南科技学院,普通,05,205,不限,物理,6,497,152723,5500,其他,否,eea.gd 官方
,,景德镇艺术职业大学                       A,普通,03,203,不限,物理,6,487,170392,5500,其他,否,eea.gd 官方
,,景德镇艺术职业大学                  2,普通,04,204,不限,物理,2,487,170501,5500,其他,否,eea.gd 官方
,,江西农业大学南昌商学院,普通,04,204,不限,物理,1,496,155472,5500,其他,否,eea.gd 官方
,,江西农业大学南昌商学院,普通,05,205,不限,物理,15,486,173054,5500,其他,否,eea.gd 官方
,,江西农业大学南昌商学院,普通,06,206,不限,物理,3,490,166150,5500,其他,否,eea.gd 官方
,,江西农业大学南昌商学院,普通,07,207,不限,物理,1,497,153881,5500,其他,否,eea.gd 官方
,,南昌医学院,普通,03,203,不限,物理,3,504,141656,5500,其他,否,eea.gd 官方
,,南昌医学院,普通,04,204,不限,物理,16,511,128434,5500,其他,否,eea.gd 官方
,,南昌医学院,普通,05,205,不限,物理,8,514,123846,5500,其他,否,eea.gd 官方
,,南昌医学院,普通,06,206,不限,物理,4,556,62723,5500,其他,否,eea.gd 官方
,,南昌医学院,普通,08,208,不限,物理,2,535,91102,5500,其他,否,eea.gd 官方
,,南昌医学院,普通,09,209,不限,物理,2,546,76055,5500,其他,否,eea.gd 官方
,,南昌医学院&gt;,普通,10,210,不限,物理,8,511,128943,5500,其他,否,eea.gd 官方
,,南昌医学院,普通,11,211,不限,物理,4,551,68950,5500,其他,否,eea.gd 官方
,,江西师范大学科学技术学院,普通,03,203,不限,物理,14,494,157592,5500,其他,否,eea.gd 官方
,,江西师范大学科学技术学院,普通,04,204,不限,物理,5,488,168886,5500,其他,否,eea.gd 官方
,,赣南师范大学科技学院,普通,03,203,不限,物理,2,497,152564,5500,其他,否,eea.gd 官方
,,赣南师范大学科技学院,普通,04,204,不限,物理,11,492,161804,5500,其他,否,eea.gd 官方
,,南昌航空大学科技学院,普通,03,203,不限,物理,57,485,175094,5500,其他,否,eea.gd 官方
,,南昌航空大学科技学院,普通,02,202,不限,物理,5,489,167601,5500,其他,否,eea.gd 官方
,,赣东学院,普通,04,204,不限,物理,7,496,154022,5500,其他,否,eea.gd 官方
,,河北医科大学临床学院,普通,02,202,不限,物理,5,515,121699,5500,其他,否,eea.gd 官方
,,昆明城市学院             v,普通,03,203,不限,物理,4,479,186353,5500,其他,否,eea.gd 官方
,,昆明医科大学海源学院AX,普通,03,203,不限,物理,21,480,183481,5500,其他,否,eea.gd 官方
,,青岛城市学院,普通,02,202,不限,物理,4,475,192753,5500,其他,否,eea.gd 官方
,,青岛城市学院,普通,03,203,不限,物理,5,475,192780,5500,其他,否,eea.gd 官方
,,山东石油化工学院,普通,02,202,不限,物理,2,498,150674,5500,其他,否,eea.gd 官方
,,山东石油化工学院,普通,03,203,不限,物理,11,501,145255,5500,其他,否,eea.gd 官方
,,河北外国语学院,普通,02,202,不限,物理,4,480,183416,5500,其他,否,eea.gd 官方
,,河北外国语学院,普通,03,203,不限,物理,2,488,169804,5500,其他,否,eea.gd 官方
,,华北理工大学轻工学院,普通,02,202,不限,物理,5,480,183035,5500,其他,否,eea.gd 官方
,,河北医科大学临床学院,普通,03,203,不限,物理,4,536,89533,5500,其他,否,eea.gd 官方
,,赣东学院,普通,03,203,不限,物理,2,505,138568,5500,其他,否,eea.gd 官方
,,河北医科大学临床学院,普通,04,204,不限,物理,4,492,162103,5500,其他,否,eea.gd 官方
,,江西服装学院,普通,02,202,不限,物理,4,469,204437,5500,其他,否,eea.gd 官方
,,江西服装学院,普通,03,203,不限,物理,10,472,198540,5500,其他,否,eea.gd 官方
,,南昌职业大学,普通,02,202,不限,物理,3,489,167896,5500,其他,否,eea.gd 官方
,,南昌工学院,普通,02,? 202,不限,物理,2,484,176926,5500,其他,否,eea.gd 官方
,,南昌工学院,普通,03,203,不限,物理,6,482,180097,5500,其他,否,eea.gd 官方
,,南昌大学科学技术学院,普通,02,202,不限,物理,18,486,172923,5500,其他,否,eea.gd 官方
,,南昌大学科学技术学院,普通,03,203,不限,物理,20,488,168283,5500,其他,否,eea.gd 官方
,,南昌交通学院,普通,03,203,不限,物理,5,485,173667,5500,其他,否,eea.gd 官方
,,赣南师范大学科技学院,普通,05,205,不限,物理,10,488,168741,5500,其他,否,eea.gd 官方
,,江西财经大学现代经济管理学院,普通,04,204,不限,物理,1,493,159870,5500,其他,否,eea.gd 官方
,,江西工程学院,普通,02,202,不限,物理,2,489,167396,5500,其他,否,eea.gd 官方
,,江西财经大学现代经济管理学院        x,普通,05,205,不限,物理,31,488,169511,5500,其他,否,eea.gd 官方
,,山西晋中理工学院,普通,02,202,不限,物理,2,484,175970,5500,其他,否,eea.gd 官方
,,新疆理工学院,普通,01,201,不限,物理,1,496,155380,5500,其他,否,eea.gd 官方
,,新疆理工学院,普通,02,202,不限,物理,9,488,168307,5500,其他,否,eea.gd 官方
,,新疆第二医学院,普通,01,201,不限,物理,26,521,113028,5500,其他,否,eea.gd 官方
,,新疆科技学院,普通,01,201,不限,物理,5,489,167973,5500,其他,否,eea.gd 官方
,,新疆科技学院,普通,02,202,不限,物理,10,491,164205,5500,其他,否,eea.gd 官方
,,无锡太湖学院,普通,04,204,不限,物理,39,481,181114,5500,其他,否,eea.gd 官方
,,无锡太湖学院                                1,普通,05,205,不限,物理,37,481,182656,5500,其他,否,eea.gd 官方
,,无锡太湖学院,普通,06,206,不限,物理,7,488,169599,5500,其他,否,eea.gd 官方
,,河北工程大学科信学院,普通,02,202,不限,物理,3,488,168403,5500,其他,否,eea.gd 官方
,,河北工程大学科信学院,普通,03,203,不限,物理,21,484,176419,5500,其他,否,eea.gd 官方
,,中国矿业大学徐海学院,普通,03,203,不限,物理,7,482,180892,5500,其他,否,eea.gd 官方
,,中国矿业大学徐海学院,普通,04,204,不限,物理,14,481,181348,5500,其他,否,eea.gd 官方
,,重庆外语外事学院       WA,普通,03,203,不限,物理,3,492,161637,5500,其他,否,eea.gd 官方
,,重庆外语外事学院          N,普通,04,204,不限,物理,9,485,175169,5500,其他,否,eea.gd 官方
,,重庆对外经贸学院 S,普通,02,202,不限,物理,6,490,165341,5500,其他,否,eea.gd 官方
,,重庆对外经贸学院,普通,03,203,不限,物理,7,485,174852,5500,其他,否,eea.gd 官方
,,重庆财经学院（校企联合培养）,普通,03,203,不限,物理,4,490,166071,5500,其他,否,eea.gd 官方
,,石家庄铁道大学四方学院,普通,02,202,不限,物理,3,489,167549,5500,其他,否,eea.gd 官方
,,石家庄铁道大学四方学院,普通,03,203,不限,物理,10,487,170711,5500,其他,否,eea.gd 官方
,,河北地质大学华信学院,普通,03,203,不限,物理,10,482,179737,5500,其他,否,eea.gd 官方
,,山西工学院,普通,01,201,不限,物理,5,500,148271,5500,其他,否,eea.gd 官方
,,兰州博文科技学院,普通,02,202,不限,物理,4,482,180990,5500,其他,否,eea.gd 官方
,,新乡医学院三全学院,普通,02,202,不限,物理,2,533,94802,5500,其他,否,eea.gd 官方
,,福州大学至诚学院,普通,04,204,不限,物理,40,478,187688,5500,其他,否,eea.gd 官方
,,江西财经大学现代经济管理学院        m,普通,06,206,不限,物理,5,494,158794,5500,其他,否,eea.gd 官方
,,江西财经大学现代经济管理学院         T,普通,07,207,不限,物理,5,489,166702,5500,其他,否,eea.gd 官方
,,阳光学院,普通,02,202,不限,物理,2,468,205167,5500,其他,否,eea.gd 官方
,,阳光学院（中外合作办学）,普通,03,203,不限,物理,9,443,250505,5500,其他,否,eea.gd 官方
,,阳光学院                    v,普通,04,204,不限,物理,10,474,195214,5500,其他,否,eea.gd 官方
,,厦门大学嘉庚学院       AX,普通,03,203,不限,物理,3,496,155756,5500,其他,否,eea.gd 官方
,,厦门大学嘉庚学院           1,普通,04,204,不限,物理,43,493,159935,5500,其他,否,eea.gd 官方
,,厦门大学嘉庚学院,普通,05,205,不限,物理,35,490,165496,5500,其他,否,eea.gd 官方
,,福州大学至诚学院,普通,03,203,不限,物理,9,489,167558,5500,其他,否,eea.gd 官方
,,集美大学诚毅学院,普通,03,203,不限,物理,9,493,160274,5500,其他,否,eea.gd 官方
,,新乡医学院三全学院,普通,01,201,不限,物理,3,488,168591,5500,其他,否,eea.gd 官方
,,集美大学诚毅学院,普通,04,204,不限,物理,23,489,167969,5500,其他,否,eea.gd 官方
,,福建师范大学协和学院,普通,03,203,不限,物理,3,486,173401,5500,其他,否,eea.gd 官方
,,福建师范大学协和学院,普通,04,204,不限,物理,30,491,164460,5500,其他,否,eea.gd 官方
,,郑州财经学院,普通,03,203,不限,物理,13,488,168842,5500,其他,否,eea.gd 官方
,,郑州财经学院,普通,05,205,不限,物理,13,482,180980,5500,其他,否,eea.gd 官方
,,商丘工学院,普通,01,201,不限,物理,30,484,176603,5500,其他,否,eea.gd 官方
,,商丘工学院,普通,02,202,不限,物理,5,484,175694,5500,其他,否,eea.gd 官方
,,河南开封科技传媒学院,普通,01,201,不限,物理,5,486,173121,5500,其他,否,eea.gd 官方
,,信阳学院,普通,02,202,不限,物理,2,491,162829,5500,其他,否,eea.gd 官方
,,昆明城市学院,普通,02,202,不限,物理,25,472,198069,5500,其他,否,eea.gd 官方
,,丽江文化旅游学院,普通,06,206,不限,物理,6,467,206855,5500,其他,否,eea.gd 官方
,,丽江文化旅游学院                  Y,普通,05,205,不限,物理,2,482,179469,5500,其他,否,eea.gd 官方
,,滇池学院                                       n,普通,05,205,不限,物理,5,482,180298,5500,其他,否,eea.gd 官方
,,浙大宁波理工学院,普通,02,202,不限,物理,31,533,94174,5500,其他,否,eea.gd 官方
,,浙大宁波理工学院,普通,03,203,不限,物理,6,523,109981,5500,其他,否,eea.gd 官方
,,杭州医学院,普通,01,201,不限,物理,10,520,114654,5500,其他,否,eea.gd 官方
,,安徽外国语学院,普通,02,202,不限,物理,7,473,197049,5500,其他,否,eea.gd 官方
,,厦门工学院,普通,02,202,不限,物理,11,477,189773,5500,其他,否,eea.gd 官方
,,武汉晴川学院,普通,04,204,不限,物理,9,480,183181,5500,其他,否,eea.gd 官方
,,大连理工大学城市学院,普通,02,202,不限,物理,4,476,191951,5500,其他,否,eea.gd 官方
,,大连理工大学城市学院,普通,03,203,不限,物理,10,477,188409,5500,其他,否,eea.gd 官方
,,沈阳工学院,普通,01,201,不限,物理,3,478,187510,5500,其他,否,eea.gd 官方
,,沈阳工学院,普通,02,202,不限,物理,30,478,187725,5500,其他,否,eea.gd 官方
,,沈阳城市建设学院,普通,11,201 1,不限,物理,2,466,210369,5500,其他,否,eea.gd 官方
,,沈阳城市建设学院,普通,02,202,不限,物理,8,470,202286,5500,其他,否,eea.gd 官方
,,大连医科大学中山学院,普通,02,202,不限,物理,6,484,177036,5500,其他,否,eea.gd 官方
,,锦州医科大学医疗学院,普通,01,201,不限,物理,3,528,101899,5500,其他,否,eea.gd 官方
,,锦州医科大学医疗学院,普通,02,202,不限,物理,4,473,196007,5500,其他,否,eea.gd 官方
,,辽宁师范大学海华学院                    x,普通,02,202,不限,物理,4,477,188300,5500,其他,否,eea.gd 官方
,,辽宁师范大学海华学院                    n,普通,03,203,不限,物理,3,472,197875,5500,其他,否,eea.gd 官方
,,大连财经学院                         N,普通,02,202,不限,物理,11,478,187980,5500,其他,否,eea.gd 官方
,,沈阳城市学院                        PV&gt;,普通,02,202,不限,物理,7,458,224788,5500,其他,否,eea.gd 官方
,,沈阳城市学院                        K,普通,03,203,不限,物理,4,475,192627,5500,其他,否,eea.gd 官方
,,湖北大学知行学院       v,普通,02,202,不限,物理,2,495,157435,5500,其他,否,eea.gd 官方
,,浙大城市学院,普通,05,205,不限,物理,18,543,79977,5500,其他,否,eea.gd 官方
,,浙大城市学院,普通,04,204,不限,物理,12,532,96354,5500,其他,否,eea.gd 官方
,,浙大城市学院,普通,03,203,不限,物理,5,536,89400,5500,其他,否,eea.gd 官方
,,上海建桥学院,普通,03,203,不限,物理,35,476,191138,5500,其他,否,eea.gd 官方
,,山西应用科技学院,普通,03,203,不限,物理,5,484,175820,5500,其他,否,eea.gd 官方
,,河北传媒学院,普通,02,202,不限,物理,30,479,185415,5500,其他,否,eea.gd 官方
,,浙江越秀外国语学院,普通,03,203,不限,物理,2,480,184576,5500,其他,否,eea.gd 官方
,,浙江越秀外国语学院,普通,04,204,不限,物理,16,465,211512,5500,其他,否,eea.gd 官方
,,浙江越秀外国语学院,普通,05,205,不限,物理,30,473,195809,5500,其他,否,eea.gd 官方
,,南昌理工学院,普通,03,203,不限,物理,11,486,172884,5500,其他,否,eea.gd 官方
,,南昌理工学院,普通,04,204,不限,物理,42,482,179998,5500,其他,否,eea.gd 官方
,,南昌理工学院,普通,05,205,不限,物理,5,480,183755,5500,其他,否,eea.gd 官方
,,上海建桥学院,普通,02,202,不限,物理,14,477,189965,5500,其他,否,eea.gd 官方
,,上海建桥学院(中外合作办学),普通,04,204,不限,物理,3,476,190212,5500,其他,否,eea.gd 官方
,,山东英才学院                           2,普通,01,201,不限,物理,5,476,191313,5500,其他,否,eea.gd 官方
,,上海建桥学院,普通,05,205,不限,物理,3,475,193203,5500,其他,否,eea.gd 官方
,,吉利学院,普通,02,202,不限,物理,8,480,184468,5500,其他,否,eea.gd 官方
,,上海中侨职业技术大学,普通,02,202,不限,物理,23,475,193754,5500,其他,否,eea.gd 官方
,,泉州职业技术大学,普通,02,202,不限,物理,20,488,169525,5500,其他,否,eea.gd 官方
,,江西应用科技学院,普通,02,202,不限,物理,11,482,179658,5500,其他,否,eea.gd 官方
,,江西应用科技学院,普通,03,203,不限,物理,20,475,193153,5500,其他,否,eea.gd 官方
,,闽南科技学院,普通,03,203,不限,物理,1,488,169044,5500,其他,否,eea.gd 官方
,,闽南科技学院,普通,04,204,不限,物理,1,484,177014,5500,其他,否,eea.gd 官方
,,闽南科技学院                                A,普通,05,205,不限,物理,4,480,184014,5500,其他,否,eea.gd 官方
,,湖北大学知行学院      AX,普通,03,203,不限,物理,2,490,165158,5500,其他,否,eea.gd 官方
,,武汉城市学院,普通,03,203,不限,物理,4,489,167407,5500,武汉,否,eea.gd 官方
,,武汉城市学院,普通,04,204,不限,物理,5,489,167585,5500,武汉,否,eea.gd 官方
,,黑龙江工商学院,普通,02,202,不限,物理,15,464,213986,5500,其他,否,eea.gd 官方
,,文华学院,普通,03,203,不限,物理,12,481,182517,5500,其他,否,eea.gd 官方
,,杭州电子科技大学信息工程学院,普通,01,201,不限,物理,2,499,149414,5500,其他,否,eea.gd 官方
,,杭州电子科技大学信息工程学院,普通,02,202,不限,物理,10,502,144588,5500,其他,否,eea.gd 官方
,,浙江工商大学杭州商学院X,普通,03,203,不限,物理,3,495,157348,5500,其他,否,eea.gd 官方
,,浙江工商大学杭州商学院NA,普通,04,204,不限,物理,19,486,173040,5500,其他,否,eea.gd 官方
,,浙江工商大学杭州商学院,普通,05,205,不限,物理,6,484,176828,5500,其他,否,eea.gd 官方
,,嘉兴南湖学院   入&gt;,普通,01,201,不限,物理,2,513,125877,5500,其他,否,eea.gd 官方
,,中国计量大学现代科技学院,普通,01,201,不限,物理,2,485,173992,5500,其他,否,eea.gd 官方
,,黑龙江外国语学院,普通,03,203,不限,物理,12,464,213952,5500,其他,否,eea.gd 官方
,,黑龙江工商学院,普通,03,203,不限,物理,10,468,205373,5500,其他,否,eea.gd 官方
,,湖北文理学院理工学院                    A,普通,01,201,不限,物理,2,484,176253,5500,其他,否,eea.gd 官方
,,哈尔滨远东理工学院,普通,01,201,不限,物理,40,465,211164,5500,其他,否,eea.gd 官方
,,哈尔滨华德学院,普通,02,202,不限,物理,4,464,213156,5500,其他,否,eea.gd 官方
,,哈尔滨华德学院,普通,03,203,不限,物理,33,458,223591,5500,其他,否,eea.gd 官方
,,山东协和学院,普通,03,203,不限,物理,10,480,183597,5500,其他,否,eea.gd 官方
,,山东协和学院,普通,04,204,不限,物理,18,480,182862,5500,其他,否,eea.gd 官方
,,山东协和学院,普通,05,205,不限,物理,7,485,174649,5500,其他,否,eea.gd 官方
,,山东协和学院,普通,06,206,不限,物理,2,551,69664,5500,其他,否,eea.gd 官方
,,滇池学院,普通,03,203,不限,物理,1,484,176639,5500,其他,否,eea.gd 官方
,,滇池学院                                      x,普通,04,204,不限,物理,2,488,169444,5500,其他,否,eea.gd 官方
,,湖北文理学院理工学院,普通,02,202,不限,物理,9,486,171875,5500,其他,否,eea.gd 官方
,,湖北师范大学文理学院,普通,05,205,不限,物理,9,486,173227,5500,其他,否,eea.gd 官方
,,武汉城市学院,普通,05,205,不限,物理,2,484,175681,5500,武汉,否,eea.gd 官方
,,武汉工商学院,普通,04,204,不限,物理,4,484,175604,5500,武汉,否,eea.gd 官方
,,二三峡大学科技学院,普通,02,202,不限,物理,10,488,168491,5500,其他,否,eea.gd 官方
,,三峡大学科技学院,普通,03,203,不限,物理,7,530,98609,5500,其他,否,eea.gd 官方
,,湖北工业大学工程技术学院,普通,03,203,不限,物理,24,481,181972,5500,其他,否,eea.gd 官方
,,武汉工程大学邮电与信息工程学院,普通,02,202,不限,物理,3,493,160318,5500,其他,否,eea.gd 官方
,,武汉纺织大学外经贸学院,普通,03,203,不限,物理,30,483,178074,5500,武汉,否,eea.gd 官方
,,武汉纺织大学外经贸学院,普通,04,204,不限,物理,3,481,181611,5500,武汉,否,eea.gd 官方
,,武汉纺织大学外经贸学院,普通,05,205,不限,物理,4,480,183180,5500,武汉,否,eea.gd 官方
,,武昌工学院,普通,02,202,不限,物理,9,482,179805,5500,武汉,否,eea.gd 官方
,,武汉工商学院,普通,03,203,不限,物理,17,483,179244,5500,武汉,否,eea.gd 官方
,,长江大学文理学院,普通,02,202,不限,物理,3,487,171725,5500,其他,否,eea.gd 官方
,,湖北师范大学文理学院,普通,04,204,不限,物理,4,488,169434,5500,其他,否,eea.gd 官方
,,湖北商贸学院,普通,02,202,不限,物理,5,488,169788,5500,其他,否,eea.gd 官方
,,湖北商贸学院,普通,03,203,不限,物理,5,487,171088,5500,其他,否,eea.gd 官方
,,湖北医药学院药护学院,普通,01,201,不限,物理,8,517,119381,5500,其他,否,eea.gd 官方
,,湖北恩施学院,普通,03,203,不限,物理,5,480,183380,5500,其他,否,eea.gd 官方
,,湖北恩施学院,普通,04,204,不限,物理,2,541,82757,5500,其他,否,eea.gd 官方
,,湖北恩施学院,普通,05,205,不限,物理,5,487,170798,5500,其他,否,eea.gd 官方
,,湖北经济学院法商学院,普通,02,202,不限,物理,11,481,181911,5500,其他,否,eea.gd 官方
,,武汉体育学院体育科技学院,普通,02,202,不限,物理,2,491,164113,5500,其他,否,eea.gd 官方
,,湖北师范大学文理学院,普通,03,203,不限,物理,1,499,149234,5500,其他,否,eea.gd 官方
,,西南石油大学              XY,普通,09,209,不限,物理,4,568,49639,5500,其他,否,eea.gd 官方
,,陆军军医大学,普通,05,205,不限,物理,44,577,39887,5500,其他,否,eea.gd 官方
,,福建师范大学,普通,07,207,不限,物理,53,531,97216,5500,其他,否,eea.gd 官方
,,上海财经大学,211,04,204,不限,物理,10,625,9258,5500,上海,否,eea.gd 官方
,,上海健康医学院,普通,02,202,不限,物理,10,520,114893,5500,其他,否,eea.gd 官方
,,上海海洋大学,普通,04,204,不限,物理,24,568,48970,5500,其他,否,eea.gd 官方
,,上海海洋大学,普通,05,205,不限,物理,11,564,53448,5500,其他,否,eea.gd 官方
,,华东师范大学,普通,04,204,不限,物理,2,633,6502,5500,上海,否,eea.gd 官方
,,华东师范大学,普通,05,205,不限,物理,34,630,7430,5500,上海,否,eea.gd 官方
,,上海师范大学(中外合作办学),普通,02,202,不限,物理,30,547,74433,5500,其他,否,eea.gd 官方
,,上海外国语大学(中外合作办学),普通,05,205,不限,物理,2,600,21572,5500,上海,否,eea.gd 官方
,,上海外国语大学,普通,06,206&lt;,不限,物理,15,603,20051,5500,上海,否,eea.gd 官方
,,上海财经大学,211,03,203,不限,物理,34,615,13602,5500,上海,否,eea.gd 官方
,,上海海关学院,普通,02,202,不限,物理,21,561,57149,5500,其他,否,eea.gd 官方
,,苏州大学        L,普通,07,207,不限,物理,20,610,16148,5500,其他,否,eea.gd 官方
,,上海海关学院,普通,03,203,不限,物理,10,568,48989,5500,其他,否,eea.gd 官方
,,华东政法大学,普通,02,202,不限,物理,14,604,19638,5500,其他,否,eea.gd 官方
,,上海体育大学                                 m,普通,02,202,不限,物理,2,553,67282,5500,其他,否,eea.gd 官方
,,上海体育大学                                   V,普通,03,203,不限,物理,3,559,59351,5500,其他,否,eea.gd 官方
,,上海大学(中外合作办学),211,01,201,不限,物理,6,606,18244,5500,上海,否,eea.gd 官方
,,南京大学,985,02,202,不限,物理,3,665,1009,5500,南京,否,eea.gd 官方
,,南京大学,985,03,203,不限,物理,91,667,894,5500,南京,否,eea.gd 官方
,,南京大学（中外合作办学）,985,04,204,不限,物理,6,645,3701,5500,南京,否,eea.gd 官方
,,苏州大学              /,普通,05,205,不限,物理,4,586,32512,5500,其他,否,eea.gd 官方
,,上海健康医学院X&gt;,普通,01,201,不限,物理,20,518,116846,5500,其他,否,eea.gd 官方
,,上海应用技术大学,普通,04,204,不限,物理,2,558,60820,5500,其他,否,eea.gd 官方
,,上海应用技术大学       WA,普通,03,203,不限,物理,5,563,54837,5500,其他,否,eea.gd 官方
,,上海应用技术大学       XY,普通,01,201,不限,物理,17,559,59546,5500,其他,否,eea.gd 官方
,,复旦大学,985,04,204,不限,物理,4,687,111,5500,上海,否,eea.gd 官方
,,复旦大学,985,05,205,不限,物理,34,677,316,5500,上海,否,eea.gd 官方
,,复旦大学,985,06,206,不限,物理,25,672,538,5500,上海,否,eea.gd 官方
,,同济大学,985,02,202,不限,物理,59,650,2722,5500,上海,否,eea.gd 官方
,,同济大学,985,03,203,不限,物理,9,643,4165,5500,上海,否,eea.gd 官方
,,同济大学(中外合作办学),985,04,204,不限,物理,7,642,4348,5500,上海,否,eea.gd 官方
,,同济大学,985,07,207,不限,物理,22,643,4094,5500,上海,否,eea.gd 官方
,,上海交通大学,985,02,202,不限,物理,4,687,104,5500,上海,否,eea.gd 官方
,,上海交通大学,985,03,203,不限,物理,93,674,478,5500,上海,否,eea.gd 官方
,,上海交通大学(中外合作办学),985,04,204,不限,物理,50,668,796,5500,上海,否,eea.gd 官方
,,华东理工大学,211,02,202,不限,物理,4,605,18546,5500,上海,否,eea.gd 官方
,,华东理工大学,211,03,203,不限,物理,38,609,16440,5500,上海,否,eea.gd 官方
,,上海理工大学,普通,03,203,不限,物理,21,588,30169,5500,其他,否,eea.gd 官方
,,上海理工大学(中外合作办学),普通,04,204,不限,物理,10,577,39975,5500,其他,否,eea.gd 官方
,,上海海事大学                                A,普通,02,202,不限,物理,8,575,41797,5500,其他,否,eea.gd 官方
,,上海海事大学,普通,03,203,不限,物理,93,553,67150,5500,其他,否,eea.gd 官方
,,东华大学,211,04,204,不限,物理,33,595,25293,5500,上海,否,eea.gd 官方
,,上海电力大学,普通,01,201,不限,物理,8,602,20292,5500,其他,否,eea.gd 官方
,,上海电力大学（中外合作办学）,普通,02,202,不限,物理,2,603,19713,5500,其他,否,eea.gd 官方
,,苏州大学,211,06,206,不限,物理,1,612,14816,5500,其他,否,eea.gd 官方
,,苏州大学,211,08,208,不限,物理,24,596,24393,5500,其他,否,eea.gd 官方
,,南京农业大学                                   V,普通,05,205,不限,物理,73,580,37746,5500,其他,否,eea.gd 官方
,,江苏大学,普通,02,202,不限,物理,3,569,47998,5500,其他,否,eea.gd 官方
,,河海大学(中外合作办学),211,06,206,不限,物理,6,575,42160,5500,南京,否,eea.gd 官方
,,江南大学（中外合作办学）,211,04,204,不限,物理,3,580,37097,5500,其他,否,eea.gd 官方
,,江南大学                    XY,普通,05,205,不限,物理,12,591,28478,5500,其他,否,eea.gd 官方
,,江南大学                   WA,普通,06,206,不限,物理,22,591,28518,5500,其他,否,eea.gd 官方
,,江南大学,211,07,207,不限,物理,2,613,14236,5500,其他,否,eea.gd 官方
,,江南大学（中外合作办学）,211,08,208,不限,物理,6,586,31987,5500,其他,否,eea.gd 官方
,,南京林业大学,普通,03,203,不限,物理,9,562,55576,5500,其他,否,eea.gd 官方
,,南京林业大学,普通,04,204,不限,物理,40,558,60388,5500,其他,否,eea.gd 官方
,,南京林业大学,普通,05,205,不限,物理,53,551,69387,5500,其他,否,eea.gd 官方
,,江苏大学,普通,03,203,不限,物理,39,572,45491,5500,其他,否,eea.gd 官方
,,苏州大学,211,09,209,不限,物理,1,621,10754,5500,其他,否,eea.gd 官方
,,南京信息工程大学,普通,04,204,不限,物理,12,579,38062,5500,其他,否,eea.gd 官方
,,南京信息工程大学(中外合作办学),普通,05,205,不限,物理,30,563,55112,5500,其他,否,eea.gd 官方
,,南京信息工程大学,普通,06,206,不限,物理,62,583,34749,5500,其他,否,eea.gd 官方
,,南京信息工程大学（中外合作办学）,普通,07,207A,不限,物理,18,567,50365,5500,其他,否,eea.gd 官方
,,南通大学,普通,05,205,不限,物理,30,534,92770,5500,其他,否,eea.gd 官方
,,南通大学,普通,06,206,不限,物理,20,532,95327,5500,其他,否,eea.gd 官方
,,南通大学,普通,07,207,不限,物理,18,534,92549,5500,其他,否,eea.gd 官方
,,盐城工学院                                       Y,普通,01,201,不限,物理,2,530,98626,5500,其他,否,eea.gd 官方
,,盐城工学院                                   x,普通,02,202,不限,物理,3,502,145012,5500,其他,否,eea.gd 官方
,,河海大学,211,05,205,不限,物理,140,581,36697,5500,南京,否,eea.gd 官方
,,河海大学                                  一,普通,04,204,不限,物理,9,589,30034,5500,其他,否,eea.gd 官方
,,南京邮电大学                                M,普通,01,201,不限,物理,146,603,20104,5500,其他,否,eea.gd 官方
,,常州大学,普通,05,205,不限,物理,5,534,93178,5500,其他,否,eea.gd 官方
,,苏州大学,211,10,210,不限,物理,2,586,31886,5500,其他,否,eea.gd 官方
,,东南大学,985,03,203,不限,物理,77,651,2614,5500,南京,否,eea.gd 官方
,,南京航空航天大学,211,01,201,不限,物理,30,615,13550,5500,南京,否,eea.gd 官方
,,南京航空航天大学(中外合作办学),211,03,203,不限,物理,2,606,17913,5500,南京,否,eea.gd 官方
,,南京理工大学,211,02,202,不限,物理,8,601,20947,5500,南京,否,eea.gd 官方
,,南京理工大学,211,03,203,不限,物理,62,610,15931,5500,南京,否,eea.gd 官方
,,江苏科技大学,普通,03,203,不限,物理,2,558,60626,5500,其他,否,eea.gd 官方
,,江苏科技大学,普通,04,204,不限,物理,3,563,54182,5500,其他,否,eea.gd 官方
,,江苏科技大学,普通,05,205,不限,物理,13,559,59686,5500,其他,否,eea.gd 官方
,,江苏科技大学,普通,06,206,不限,物理,17,543,79717,5500,其他,否,eea.gd 官方
,,江苏科技大学,普通,07,207,不限,物理,14,537,88631,5500,其他,否,eea.gd 官方
,,中国矿业大学,211,03,203,不限,物理,12,581,36276,5500,其他,否,eea.gd 官方
,,中国矿业大学,211,05,205,不限,物理,98,598,23052,5500,其他,否,eea.gd 官方
,,中国矿业大学（中外合作办学）,211,07,207,不限,物理,3,572,45282,5500,其他,否,eea.gd 官方
,,中国矿业大学(中外合作办学),211,09,209,不限,物理,3,577,40553,5500,其他,否,eea.gd 官方
,,南京工业大学,普通,02,202,不限,物理,28,566,50966,5500,其他,否,eea.gd 官方
,,常州大学,普通,02,202,不限,物理,1,565,53009,5500,其他,否,eea.gd 官方
,,常州大学,普通,03,203,不限,物理,14,534,92115,5500,其他,否,eea.gd 官方
,,常州大学,普通,04,204,不限,物理,8,541,83055,5500,其他,否,eea.gd 官方
,,复旦大学,985,03,203,不限,物理,4,674,457,5500,上海,否,eea.gd 官方
,,哈尔滨金融学院,普通,02,202,不限,物理,9,497,153693,5500,其他,否,eea.gd 官方
,,哈尔滨体育学院,普通,03,203,不限,物理,20,490,165386,5500,其他,否,eea.gd 官方
,,哈尔滨理工大学,普通,05,205,不限,物理,36,538,86937,5500,其他,否,eea.gd 官方
,,黑龙江大学,普通,04,204,不限,物理,40,507,134831,5500,其他,否,eea.gd 官方
,,黑龙江大学                                   x,普通,05,205,不限,物理,2,552,67910,5500,其他,否,eea.gd 官方
,,哈尔滨工业大学(中外合作办学)         m,普通,01,201,不限,物理,3,626,8917,5500,其他,否,eea.gd 官方
,,哈尔滨工业大学(中外合作办学)           T,普通,02,202,不限,物理,5,605,18515,5500,其他,否,eea.gd 官方
,,哈尔滨工业大学                     V入,普通,03,203,不限,物理,29,664,1117,5500,其他,否,eea.gd 官方
,,哈尔滨工业大学（中外合作办学）X,普通,04,204,不限,物理,2,626,8878,5500,其他,否,eea.gd 官方
,,哈尔滨工业大学(中外合作办学),985,07,207,不限,物理,3,617,12663,5500,其他,否,eea.gd 官方
,,哈尔滨理工大学,普通,03,203,不限,物理,23,527,103368,5500,其他,否,eea.gd 官方
,,哈尔滨理工大学,普通,04,204,不限,物理,10,511,128484,5500,其他,否,eea.gd 官方
,,哈尔滨理工大学,普通,06,206,不限,物理,42,527,103221,5500,其他,否,eea.gd 官方
,,哈尔滨商业大学,普通,05,205,不限,物理,30,496,154294,5500,其他,否,eea.gd 官方
,,哈尔滨理工大学,普通,07,207,不限,物理,24,554,65611,5500,其他,否,eea.gd 官方
,,哈尔滨理工大学,普通,08,208,不限,物理,64,538,86242,5500,其他,否,eea.gd 官方
,,哈尔滨理工大学,普通,09,209,不限,物理,72,539,85661,5500,其他,否,eea.gd 官方
,,哈尔滨理工大学,普通,10,210,不限,物理,30,525,106490,5500,其他,否,eea.gd 官方
,,哈尔滨理工大学,普通,11,211,不限,物理,8,532,95622,5500,其他,否,eea.gd 官方
,,哈尔滨理工大学,普通,12,212,不限,物理,8,555,64060,5500,其他,否,eea.gd 官方
,,燕山大学,普通,03,203,不限,物理,2,539,85665,5500,其他,否,eea.gd 官方
,,燕山大学,普通,04,204,不限,物理,38,554,66021,5500,其他,否,eea.gd 官方
,,哈尔滨工程大学,211,03,203,不限,物理,46,609,16311,5500,其他,否,eea.gd 官方
,,黑龙江大学,普通,03,203,不限,物理,126,510,129877,5500,其他,否,eea.gd 官方
,,黑龙江大学,普通,02,202,不限,物理,8,521,113074,5500,其他,否,eea.gd 官方
,,吉林财经大学,普通,08,208,不限,物理,30,525,106261,5500,其他,否,eea.gd 官方
,,吉林财经大学（中外合作办学）,普通,07,207&lt;,不限,物理,30,519,116397,5500,其他,否,eea.gd 官方
,,长春工业大学（中外合作办学）,普通,07,207,不限,物理,5,521,112293,5500,其他,否,eea.gd 官方
,,吉林建筑大学,普通,01,201,不限,物理,8,500,147353,5500,其他,否,eea.gd 官方
,,吉林建筑大学(中外合作办学）,普通,02,202,不限,物理,3,506,138127,5500,其他,否,eea.gd 官方
,,吉林建筑大学,普通,03,203,不限,物理,17,497,153047,5500,其他,否,eea.gd 官方
,,吉林建筑大学（中外合作办学）           A,普通,04,204,不限,物理,2,508,134481,5500,其他,否,eea.gd 官方
,,吉林农业大学,普通,01,201,不限,物理,2,509,131999,5500,其他,否,eea.gd 官方
,,吉林农业大学,普通,02,202,不限,物理,6,505,139885,5500,其他,否,eea.gd 官方
,,吉林农业大学,普通,03,203,不限,物理,3,510,131285,5500,其他,否,eea.gd 官方
,,长春中医药大学,普通,01,201,不限,物理,1,534,92484,5500,其他,否,eea.gd 官方
,,长春中医药大学           XY,普通,02,202,不限,物理,32,521,112724,5500,其他,否,eea.gd 官方
,,东北师范大学            WA,普通,04,204,不限,物理,13,588,30487,5500,其他,否,eea.gd 官方
,,东北师范大学,211,05,205,不限,物理,3,596,24576,5500,其他,否,eea.gd 官方
,,北华大学,普通,03,203,不限,物理,2,497,153925,5500,其他,否,eea.gd 官方
,,北华大学      A,普通,04,204,不限,物理,2,512,127893,5500,其他,否,eea.gd 官方
,,吉林师范大学,普通,03,203,不限,物理,11,514,124702,5500,其他,否,eea.gd 官方
,,长春师范大学,普通,03,203,不限,物理,2,525,106831,5500,其他,否,eea.gd 官方
,,长春师范大学,普通,04,204,不限,物理,6,516,120397,5500,其他,否,eea.gd 官方
,,白城师范学院,普通,01,201,不限,物理,30,495,157066,5500,其他,否,eea.gd 官方
,,吉林财经大学,普通,06,206,不限,物理,10,527,103949,5500,其他,否,eea.gd 官方
,,哈尔滨工程大学,211,04,204,不限,物理,2,620,11291,5500,其他,否,eea.gd 官方
,,哈尔滨工程大学(中外合作办学),211,05,205,不限,物理,12,577,40385,5500,其他,否,eea.gd 官方
,,哈尔滨工程大学(中外合作办学),211,06,206,不限,物理,8,601,21246,5500,其他,否,eea.gd 官方
,,哈尔滨医科大学,普通,02,202,不限,物理,28,553,66992,5500,其他,否,eea.gd 官方
,,黑龙江中医药大学,普通,01,201/,不限,物理,2,511,128754,5500,其他,否,eea.gd 官方
,,黑龙江中医药大学,普通,02,202,不限,物理,26,509,131743,5500,其他,否,eea.gd 官方
,,黑龙江中医药大学,普通,03,203,不限,物理,27,556,62558,5500,其他,否,eea.gd 官方
,,牡丹江医科大学,普通,01,201,不限,物理,6,526,104443,5500,其他,否,eea.gd 官方
,,牡丹江医科大学,普通,02,202,不限,物理,7,538,87095,5500,其他,否,eea.gd 官方
,,哈尔滨师范大学                             x,普通,04,204,不限,物理,3,532,95958,5500,其他,否,eea.gd 官方
,,哈尔滨师范大学                             vn,普通,05,205,不限,物理,5,515,122484,5500,其他,否,eea.gd 官方
,,哈尔滨师范大学                      1       V,普通,06,206,不限,物理,5,545,76808,5500,其他,否,eea.gd 官方
,,哈尔滨师范大学                     V&gt;,普通,07,207,不限,物理,26,507,135733,5500,其他,否,eea.gd 官方
,,齐齐哈尔大学                        X,普通,04,204,不限,物理,3,496,154227,5500,其他,否,eea.gd 官方
,,齐齐哈尔大学             v            ?,普通,05,205,不限,物理,3,498,151583,5500,其他,否,eea.gd 官方
,,齐齐哈尔大学            AX,普通,06,206,不限,物理,38,497,153601,5500,其他,否,eea.gd 官方
,,齐齐哈尔大学                 1  &gt;,普通,07,207,不限,物理,45,490,166412,5500,其他,否,eea.gd 官方
,,牡丹江师范学院,普通,03,203,不限,物理,2,493,161003,5500,其他,否,eea.gd 官方
,,牡丹江师范学院,普通,04,204,不限,物理,20,491,163979,5500,其他,否,eea.gd 官方
,,牡丹江师范学院,普通,05,205,不限,物理,2,494,158407,5500,其他,否,eea.gd 官方
,,哈尔滨学院,普通,04,204,不限,物理,12,493,159252,5500,其他,否,eea.gd 官方
,,哈尔滨商业大学,普通,03,203,不限,物理,6,504,141605,5500,其他,否,eea.gd 官方
,,哈尔滨商业大学,普通,04,204,不限,物理,62,498,151126,5500,其他,否,eea.gd 官方
,,哈尔滨医科大学,普通,03,203,不限,物理,30,590,28970,5500,其他,否,eea.gd 官方
,,哈尔滨医科大学,普通,01,201,不限,物理,4,542,81101,5500,其他,否,eea.gd 官方
,,黑龙江科技大学,普通,04,204,不限,物理,9,504,141117,5500,其他,否,eea.gd 官方
,,东北林业大学(中外合作办学),211,07,207,不限,物理,2,574,43552,5500,其他,否,eea.gd 官方
,,黑龙江科技大学,普通,05,205,不限,物理,58,511,128297,5500,其他,否,eea.gd 官方
,,东北石油大学,普通,03,203,不限,物理,2,521,113274,5500,其他,否,eea.gd 官方
,,东北石油大学,普通,04,204,不限,物理,11,529,100944,5500,其他,否,eea.gd 官方
,,东北石油大学,普通,05,205,不限,物理,7,526,105369,5500,其他,否,eea.gd 官方
,,佳木斯大学,普通,03,203,不限,物理,10,493,160965,5500,其他,否,eea.gd 官方
,,佳木斯大学,普通,04,204,不限,物理,33,491,163414,5500,其他,否,eea.gd 官方
,,佳木斯大学,普通,05,205,不限,物理,27,492,161776,5500,其他,否,eea.gd 官方
,,佳木斯大学,普通,06,206,不限,物理,5,504,140333,5500,其他,否,eea.gd 官方
,,东北农业大学                                A,普通,04,204,不限,物理,8,557,61275,5500,其他,否,eea.gd 官方
,,东北农业大学,211,05,205,不限,物理,3,558,60589,5500,其他,否,eea.gd 官方
,,东北农业大学,211,06,206,不限,物理,37,563,55214,5500,其他,否,eea.gd 官方
,,东北农业大学,211,07,207,不限,物理,36,552,68339,5500,其他,否,eea.gd 官方
,,东北农业大学,211,08,208,不限,物理,4,563,54228,5500,其他,否,eea.gd 官方
,,东北农业大学(中外合作办学）,211,09,209,不限,物理,2,545,77490,5500,其他,否,eea.gd 官方
,,东北农业大学(中外合作办学),211,10,210,不限,物理,2,555,63641,5500,其他,否,eea.gd 官方
,,东北农业大学（中外合作办学）,211,11,211,不限,物理,2,548,72919,5500,其他,否,eea.gd 官方
,,东北农业大学(中外合作办学),211,12,212,不限,物理,2,544,78361,5500,其他,否,eea.gd 官方
,,东北林业大学,211,02,202,不限,物理,6,562,56098,5500,其他,否,eea.gd 官方
,,东北林业大学(中外合作办学),211,06,206,不限,物理,2,559,59679,5500,其他,否,eea.gd 官方
,,南京农业大学                                vn,普通,04,204,不限,物理,18,576,40786,5500,其他,否,eea.gd 官方
,,南京医科大学                        V&gt;,普通,02,202,不限,物理,2,575,42688,5500,其他,否,eea.gd 官方
,,华东交通大学（联合培养）,普通,11,211,不限,物理,5,539,85492,5500,其他,否,eea.gd 官方
,,华侨大学,普通,12,212,不限,物理,33,544,78414,5500,其他,否,eea.gd 官方
,,铜陵学院,普通,03,203,不限,物理,5,491,164470,5500,其他,否,eea.gd 官方
,,厦门大学,985,05,205,不限,物理,11,620,11294,5500,其他,否,eea.gd 官方
,,厦门大学,985,06,206,不限,物理,11,629,7968,5500,其他,否,eea.gd 官方
,,厦门大学,985,07,207,不限,物理,92,623,9968,5500,其他,否,eea.gd 官方
,,厦门大学(马来西亚分校),985,08,208,不限,物理,6,599,22846,5500,其他,否,eea.gd 官方
,,厦门大学(马来西亚分校),985,09,209,不限,物理,36,599,22843,5500,其他,否,eea.gd 官方
,,华侨大学,普通,05,?205,不限,物理,35,535,91113,5500,其他,否,eea.gd 官方
,,华侨大学,普通,08,208,不限,物理,90,540,83511,5500,其他,否,eea.gd 官方
,,华侨大学,普通,09,209,不限,物理,5,561,56748,5500,其他,否,eea.gd 官方
,,福州大学(闽台合作),211,02,202,不限,物理,7,566,51704,5500,其他,否,eea.gd 官方
,,福建农林大学,普通,09,209,不限,物理,72,530,98844,5500,其他,否,eea.gd 官方
,,福州大学,211,03,203,不限,物理,24,597,24063,5500,其他,否,eea.gd 官方
,,福州大学,211,04,204,不限,物理,7,592,27352,5500,其他,否,eea.gd 官方
,,福州大学(闽台合作),211,06,206,不限,物理,8,599,22674,5500,其他,否,eea.gd 官方
,,福建理工大学,普通,02,202,不限,物理,18,518,117470,5500,其他,否,eea.gd 官方
,,福建理工大学,普通,03,203,不限,物理,21,533,94264,5500,其他,否,eea.gd 官方
,,福建农林大学,普通,04,204,不限,物理,3,541,82435,5500,其他,否,eea.gd 官方
,,福建农林大学,普通,05,205,不限,物理,2,539,84822,5500,其他,否,eea.gd 官方
,,福建农林大学(中外合作办学)           A,普通,06,206,不限,物理,5,491,164178,5500,其他,否,eea.gd 官方
,,福建农林大学(中外合作办学)       一,普通,07,207,不限,物理,5,484,175644,5500,其他,否,eea.gd 官方
,,铜陵学院,普通,02,202,不限,物理,4,509,132390,5500,其他,否,eea.gd 官方
,,安徽财经大学（中外合作办学）,普通,05,205,不限,物理,2,531,96669,5500,其他,否,eea.gd 官方
,,安徽财经大学,普通,04,204,不限,物理,13,536,89265,5500,其他,否,eea.gd 官方
,,安徽财经大学,普通,03,203,不限,物理,16,529,100521,5500,其他,否,eea.gd 官方
,,安徽理工大学,普通,02,202,不限,物理,6,529,100662,5500,其他,否,eea.gd 官方
,,安徽理工大学,普通,03,203,不限,物理,68,531,97911,5500,其他,否,eea.gd 官方
,,安徽理工大学,普通,04,204,不限,物理,18,532,96047,5500,其他,否,eea.gd 官方
,,安徽理工大学,普通,05,205,不限,物理,4,529,101024,5500,其他,否,eea.gd 官方
,,安徽工程大学,普通,01,201,不限,物理,30,509,131565,5500,其他,否,eea.gd 官方
,,安徽工程大学,普通,02,202,不限,物理,5,511,128285,5500,其他,否,eea.gd 官方
,,安徽工程大学(中外合作办学),普通,03,203,不限,物理,2,532,95836,5500,其他,否,eea.gd 官方
,,安徽农业大学,普通,02,202,不限,物理,3,532,95946,5500,其他,否,eea.gd 官方
,,安徽农业大学                                     ?,普通,03,203,不限,物理,32,526,104760,5500,其他,否,eea.gd 官方
,,安徽农业大学,普通,04,204,不限,物理,3,535,91339,5500,其他,否,eea.gd 官方
,,安徽医科大学                                vn,普通,01,201,不限,物理,2,530,98343,5500,其他,否,eea.gd 官方
,,安徽医科大学                         1       T,普通,02,202,不限,物理,11,582,35940,5500,其他,否,eea.gd 官方
,,安徽中医药大学,普通,01,201,不限,物理,1,517,118639,5500,其他,否,eea.gd 官方
,,安徽中医药大学,普通,02,202,不限,物理,1,518,117594,5500,其他,否,eea.gd 官方
,,安徽中医药大学          v            ??,普通,03,203,不限,物理,8,527,104124,5500,其他,否,eea.gd 官方
,,安徽师范大学,普通,02,202,不限,物理,24,533,94271,5500,其他,否,eea.gd 官方
,,安庆师范大学       人      1,普通,02,202,不限,物理,10,522,110540,5500,其他,否,eea.gd 官方
,,淮北师范大学,普通,04,204,不限,物理,4,512,127317,5500,其他,否,eea.gd 官方
,,淮北师范大学 1,普通,05,205,不限,物理,4,523,109865,5500,其他,否,eea.gd 官方
,,福建农林大学,普通,08,208,不限,物理,33,528,101297,5500,其他,否,eea.gd 官方
,,福建农林大学,普通,10,210,不限,物理,2,548,72957,5500,其他,否,eea.gd 官方
,,南京医科大学                        X,普通,03,203,不限,物理,11,578,39262,5500,其他,否,eea.gd 官方
,,南昌大学,211,06,206,不限,物理,23,577,39834,5500,其他,否,eea.gd 官方
,,泉州师范学院,普通,07,207,不限,物理,2,503,142927,5500,其他,否,eea.gd 官方
,,泉州师范学院  1,普通,08,208,不限,物理,2,532,95653,5500,其他,否,eea.gd 官方
,,泉州师范学院,普通,09,209,不限,物理,2,519,115105,5500,其他,否,eea.gd 官方
,,闽南师范大学(联合培养),普通,01,201,不限,物理,3,514,124644,5500,其他,否,eea.gd 官方
,,闽南师范大学,普通,02,202,不限,物理,2,516,120466,5500,其他,否,eea.gd 官方
,,闽南师范大学(联合培养),普通,03,203,不限,物理,3,488,168204,5500,其他,否,eea.gd 官方
,,南昌大学,211,03,203,不限,物理,6,586,32007,5500,其他,否,eea.gd 官方
,,南昌大学,211,04,204,不限,物理,11,583,34914,5500,其他,否,eea.gd 官方
,,南昌大学,211,05,205,不限,物理,41,591,28043,5500,其他,否,eea.gd 官方
,,南昌大学,211,07,207,不限,物理,3,605,18644,5500,其他,否,eea.gd 官方
,,集美大学                    XY,普通,03,203,不限,物理,2,543,80178,5500,其他,否,eea.gd 官方
,,南昌大学（中外合作办学）,211,08,? 208,不限,物理,12,590,28878,5500,其他,否,eea.gd 官方
,,南昌大学,211,09,209,不限,物理,2,606,18062,5500,其他,否,eea.gd 官方
,,南昌大学,211,10,210,不限,物理,5,570,47419,5500,其他,否,eea.gd 官方
,,华东交通大学,普通,04,204,不限,物理,4,541,82825,5500,其他,否,eea.gd 官方
,,华东交通大学,普通,05,205,不限,物理,9,541,81864,5500,其他,否,eea.gd 官方
,,华东交通大学,普通,06,206,不限,物理,6,547,74167,5500,其他,否,eea.gd 官方
,,华东交通大学(联合培养),普通,07,207,不限,物理,2,534,93186,5500,其他,否,eea.gd 官方
,,华东交通大学(中外合作办学),普通,08,208,不限,物理,9,528,101359,5500,其他,否,eea.gd 官方
,,华东交通大学,普通,09,209,不限,物理,109,542,81727,5500,其他,否,eea.gd 官方
,,泉州师范学院,普通,06,206,不限,物理,4,503,141902,5500,其他,否,eea.gd 官方
,,泉州师范学院            AX,普通,05,205,不限,物理,8,517,119469,5500,其他,否,eea.gd 官方
,,泉州师范学院              v,普通,04,204,不限,物理,3,502,143939,5500,其他,否,eea.gd 官方
,,泉州师范学院                        K,普通,03,203,不限,物理,2,516,120877,5500,其他,否,eea.gd 官方
,,集美大学                   WA,普通,04,204,不限,物理,6,558,60231,5500,其他,否,eea.gd 官方
,,集美大学,普通,05,205,不限,物理,14,549,72223,5500,其他,否,eea.gd 官方
,,集美大学,普通,06,206,不限,物理,3,550,70104,5500,其他,否,eea.gd 官方
,,集美大学,普通,07,207,不限,物理,5,551,69125,5500,其他,否,eea.gd 官方
,,福建医科大学,普通,01,201,不限,物理,2,527,104080,5500,其他,否,eea.gd 官方
,,福建医科大学/,普通,02,202,不限,物理,2,549,72416,5500,其他,否,eea.gd 官方
,,福建医科大学,普通,03,203,不限,物理,18,547,74754,5500,其他,否,eea.gd 官方
,,福建中医药大学,普通,01,201,不限,物理,7,544,78545,5500,其他,否,eea.gd 官方
,,福建中医药大学,普通,02,202,不限,物理,30,576,41330,5500,其他,否,eea.gd 官方
,,福建中医药大学(中外合作办学),普通,03,203,不限,物理,8,511,129475,5500,其他,否,eea.gd 官方
,,福建师范大学,普通,06,206,不限,物理,10,561,57109,5500,其他,否,eea.gd 官方
,,西南石油大学,普通,06,206,不限,物理,11,557,61983,5500,其他,否,eea.gd 官方
,,福建师范大学,普通,08,208,不限,物理,43,556,62432,5500,其他,否,eea.gd 官方
,,福建师范大学(中外合作办学),普通,09,209,不限,物理,15,545,76662,5500,其他,否,eea.gd 官方
,,闽江学院,普通,02,202,不限,物理,2,528,102384,5500,其他,否,eea.gd 官方
,,闽江学院                                      x,普通,03,203,不限,物理,4,528,101568,5500,其他,否,eea.gd 官方
,,武夷学院                                       X,普通,02,202,不限,物理,4,502,143672,5500,其他,否,eea.gd 官方
,,武夷学院                               Y   V,普通,03,203,不限,物理,6,504,141356,5500,其他,否,eea.gd 官方
,,武夷学院                              PV&gt;,普通,04,204,不限,物理,5,498,151016,5500,其他,否,eea.gd 官方
,,安徽理工大学,普通,01,201,不限,物理,14,526,104196,5500,其他,否,eea.gd 官方
,,安徽工业大学,普通,02,202,不限,物理,13,533,93763,5500,其他,否,eea.gd 官方
,,合肥工业大学,211,06,206,不限,物理,81,605,18816,5500,合肥,否,eea.gd 官方
,,浙江工业大学(中外合作办学）,普通,06,206,不限,物理,5,579,38168,5500,其他,否,eea.gd 官方
,,浙江大学,985,03,203,不限,物理,41,644,3968,5500,杭州,否,eea.gd 官方
,,杭州电子科技大学,普通,02,202,不限,物理,32,544,78890,5500,其他,否,eea.gd 官方
,,杭州电子科技大学,普通,03,203,不限,物理,56,594,25965,5500,其他,否,eea.gd 官方
,,杭州电子科技大学(中外合作办学),普通,04,204,不限,物理,10,592,27446,5500,其他,否,eea.gd 官方
,,浙江工业大学                                A,普通,01,201,不限,物理,3,562,55318,5500,其他,否,eea.gd 官方
,,浙江工业大学,普通,02,202,不限,物理,27,558,61058,5500,其他,否,eea.gd 官方
,,浙江工业大学                            入,普通,03,203,不限,物理,5,565,52717,5500,其他,否,eea.gd 官方
,,浙江工业大学                             人,普通,04,204,不限,物理,70,576,41026,5500,其他,否,eea.gd 官方
,,浙江工业大学,普通,05,205,不限,物理,18,571,46497,5500,其他,否,eea.gd 官方
,,浙江工业大学（中外合作办学）,普通,07,207,不限,物理,5,538,86022,5500,其他,否,eea.gd 官方
,,合肥工业大学(中外合作办学),211,05,205,不限,物理,8,567,50256,5500,合肥,否,eea.gd 官方
,,浙江工业大学,普通,08,208,不限,物理,5,556,62446,5500,其他,否,eea.gd 官方
,,浙江理工大学,普通,02,202,不限,物理,31,545,76647,5500,其他,否,eea.gd 官方
,,浙江理工大学,普通,03,203,不限,物理,10,550,71159,5500,其他,否,eea.gd 官方
,,浙江理工大学(中外合作办学),普通,04,204,不限,物理,9,536,89408,5500,其他,否,eea.gd 官方
,,浙江理工大学,普通,05,205,不限,物理,73,555,64322,5500,其他,否,eea.gd 官方
,,浙江理工大学,普通,06,206,不限,物理,17,554,65944,5500,其他,否,eea.gd 官方
,,浙江海洋大学,普通,01,201,不限,物理,33,520,114720,5500,其他,否,eea.gd 官方
,,浙江海洋大学,普通,02,202,不限,物理,8,530,99306,5500,其他,否,eea.gd 官方
,,浙江海洋大学,普通,03,203,不限,物理,30,534,93141,5500,其他,否,eea.gd 官方
,,浙江大学,985,02,202,不限,物理,59,674,455,5500,杭州,否,eea.gd 官方
,,常熟理工学院,普通,01,201,不限,物理,10,528,102019,5500,其他,否,eea.gd 官方
,,苏州科技大学(中外合作办学),普通,06,206,不限,物理,2,527,104045,5500,其他,否,eea.gd 官方
,,苏州科技大学,普通,05,205,不限,物理,5,543,79590,5500,其他,否,eea.gd 官方
,,南京中医药大学          v,普通,01,201,不限,物理,18,556,63237,5500,其他,否,eea.gd 官方
,,中国药科大学            AX,普通,03,203,不限,物理,22,605,18894,5500,其他,否,eea.gd 官方
,,中国药科大学,211,04,204,不限,物理,11,602,20740,5500,南京,否,eea.gd 官方
,,中国药科大学(中外合作办学),211,05,205,不限,物理,4,596,24848,5500,南京,否,eea.gd 官方
,,南京师范大学 ?,普通,02,202,不限,物理,4,587,31341,5500,其他,否,eea.gd 官方
,,南京师范大学,211,03,203,不限,物理,11,583,34341,5500,南京,否,eea.gd 官方
,,江苏师范大学(中外合作办学),普通,05,205,不限,物理,2,531,96561,5500,其他,否,eea.gd 官方
,,江苏师范大学,普通,06,206,不限,物理,7,551,69382,5500,其他,否,eea.gd 官方
,,江苏师范大学(中外合作办学),普通,07,207,不限,物理,10,525,106173,5500,其他,否,eea.gd 官方
,,盐城师范学院,普通,02,202,不限,物理,30,497,152835,5500,其他,否,eea.gd 官方
,,盐城师范学院,普通,03,203,不限,物理,30,505,139681,5500,其他,否,eea.gd 官方
,,盐城师范学院,普通,04,204,不限,物理,16,498,150531,5500,其他,否,eea.gd 官方
,,南京财经大学,普通,04,204,不限,物理,19,551,69560,5500,其他,否,eea.gd 官方
,,南京财经大学（中外合作办学）,普通,05,205,不限,物理,2,535,91335,5500,其他,否,eea.gd 官方
,,南京财经大学,普通,06,206,不限,物理,6,552,67693,5500,其他,否,eea.gd 官方
,,南京体育学院,普通,01,201,不限,物理,6,508,134290,5500,其他,否,eea.gd 官方
,,南京艺术学院,普通,02,202,不限,物理,1,542,80513,5500,其他,否,eea.gd 官方
,,苏州科技大学,普通,03,203,不限,物理,4,546,76125,5500,其他,否,eea.gd 官方
,,苏州科技大学(中外合作办学),普通,04,204,不限,物理,2,527,103292,5500,其他,否,eea.gd 官方
,,浙江海洋大学（中外合作办学）,普通,04,204,不限,物理,4,523,110071,5500,其他,否,eea.gd 官方
,,浙江农林大学,普通,02,202,不限,物理,10,536,89688,5500,其他,否,eea.gd 官方
,,浙江农林大学,普通,03,203,不限,物理,44,522,110506,5500,其他,否,eea.gd 官方
,,温州大学（(中外合作办学）,普通,07,207,不限,物理,5,536,89043,5500,其他,否,eea.gd 官方
,,丽水学院,普通,02,202,不限,物理,9,507,135192,5500,其他,否,eea.gd 官方
,,丽水学院,普通,03,203,不限,物理,15,496,155688,5500,其他,否,eea.gd 官方
,,丽水学院,普通,04,204,不限,物理,3,521,112823,5500,其他,否,eea.gd 官方
,,浙江工商大学,普通,03,203,不限,物理,15,539,85047,5500,其他,否,eea.gd 官方
,,浙江工商大学,普通,04,204,不限,物理,4,539,85116,5500,其他,否,eea.gd 官方
,,浙江工商大学,普通,05,205,不限,物理,6,539,85173,5500,其他,否,eea.gd 官方
,,嘉兴大学,普通,01,201,不限,物理,55,538,86050,5500,其他,否,eea.gd 官方
,,中国美术学院,普通,02,202,不限,物理,7,588,30762,5500,其他,否,eea.gd 官方
,,中国计量大学,普通,01,201,不限,物理,7,563,54245,5500,其他,否,eea.gd 官方
,,中国计量大学,普通,02,202,不限,物理,63,563,55222,5500,其他,否,eea.gd 官方
,,中国计量大学,普通,03,203,不限,物理,5,553,67069,5500,其他,否,eea.gd 官方
,,中国计量大学                                A,普通,04,204,不限,物理,2,571,45770,5500,其他,否,eea.gd 官方
,,安徽大学                                  2,普通,03,203,不限,物理,2,597,23993,5500,其他,否,eea.gd 官方
,,安徽大学                                  X,普通,04,204,不限,物理,14,580,37622,5500,其他,否,eea.gd 官方
,,安徽大学                                  人,普通,05,205,不限,物理,46,595,25079,5500,其他,否,eea.gd 官方
,,安徽大学（中外合作办学）,普通,07,207,不限,物理,3,586,32067,5500,其他,否,eea.gd 官方
,,安徽大学（中外合作办学）XY,普通,08,208,不限,物理,1,596,24263,5500,其他,否,eea.gd 官方
,,中国科学技术大学        WA,普通,01,201,不限,物理,90,670,652,5500,其他,否,eea.gd 官方
,,合肥工业大学                N,普通,03,203,不限,物理,16,591,28362,5500,其他,否,eea.gd 官方
,,丽水学院,普通,01,201,不限,物理,3,505,138978,5500,其他,否,eea.gd 官方
,,温州大学,普通,06,206,不限,物理,2,540,83490,5500,其他,否,eea.gd 官方
,,浙江农林大学(中外合作办学),普通,04,204,不限,物理,3,534,92694,5500,其他,否,eea.gd 官方
,,温州大学,普通,05,205,不限,物理,13,541,82128,5500,其他,否,eea.gd 官方
,,温州医科大学,普通,01,201,不限,物理,3,533,93575,5500,其他,否,eea.gd 官方
,,温州医科大学,普通,02,202,不限,物理,19,586,32313,5500,其他,否,eea.gd 官方
,,浙江中医药大学                             x,普通,04,204,不限,物理,30,549,71589,5500,其他,否,eea.gd 官方
,,浙江中医药大学                             vn,普通,05,205,不限,物理,1,551,69256,5500,其他,否,eea.gd 官方
,,浙江师范大学,普通,06,206,不限,物理,10,540,84144,5500,其他,否,eea.gd 官方
,,浙江师范大学                        PV&gt;,普通,07,207,不限,物理,2,545,76946,5500,其他,否,eea.gd 官方
,,浙江师范大学（中外合作办学）   K,普通,08,208,不限,物理,5,526,104376,5500,其他,否,eea.gd 官方
,,浙江师范大学                              Y,普通,09,209,不限,物理,39,560,58488,5500,其他,否,eea.gd 官方
,,浙江师范大学            AX,普通,10,210,不限,物理,6,557,61251,5500,其他,否,eea.gd 官方
,,浙江师范大学               √,普通,11,211,不限,物理,5,552,68320,5500,其他,否,eea.gd 官方
,,浙江师范大学（中外合作办学）,普通,12,212,不限,物理,8,556,62545,5500,其他,否,eea.gd 官方
,,杭州师范大学 ?,普通,02,202,不限,物理,3,556,63315,5500,其他,否,eea.gd 官方
,,杭州师范大学,普通,03,203,不限,物理,4,550,70342,5500,其他,否,eea.gd 官方
,,杭州师范大学,普通,04,204,不限,物理,6,540,83497,5500,其他,否,eea.gd 官方
,,杭州师范大学(中外合作办学),普通,05,205,不限,物理,4,540,84264,5500,其他,否,eea.gd 官方
,,杭州师范大学(中外合作办学),普通,06,206,不限,物理,30,533,94229,5500,其他,否,eea.gd 官方
,,湖州师范学院,普通,02,202,不限,物理,6,530,98449,5500,其他,否,eea.gd 官方
,,湖州师范学院,普通,03,203,不限,物理,2,507,134871,5500,其他,否,eea.gd 官方
,,温州大学,普通,04,204,不限,物理,2,541,82615,5500,其他,否,eea.gd 官方
,,长春工业大学,普通,06,206,不限,物理,5,537,88183,5500,其他,否,eea.gd 官方
,,长春工业大学,普通,05,205,不限,物理,1,525,105851,5500,其他,否,eea.gd 官方
,,长春工业大学,普通,04,204,不限,物理,19,509,132187,5500,其他,否,eea.gd 官方
,,天津农学院,普通,04,204,不限,物理,1,521,112071,5500,其他,否,eea.gd 官方
,,天津工业大学,普通,07,207,不限,物理,2,595,25421,5500,其他,否,eea.gd 官方
,,天津工业大学（中外合作办学）,普通,08,208,不限,物理,6,572,45570,5500,其他,否,eea.gd 官方
,,中国民航大学              WA,普通,05,205,不限,物理,21,550,71000,5500,其他,否,eea.gd 官方
,,中国民航大学                 Y,普通,08,208,不限,物理,167,552,67555,5500,其他,否,eea.gd 官方
,,天津理工大学,普通,01,201,不限,物理,16,535,91606,5500,其他,否,eea.gd 官方
,,天津理工大学(中外合作办学),普通,02,202,不限,物理,8,537,88248,5500,其他,否,eea.gd 官方
,,天津农学院,普通,01,201,不限,物理,4,507,136054,5500,其他,否,eea.gd 官方
,,天津农学院&gt;,普通,02,202,不限,物理,5,505,139118,5500,其他,否,eea.gd 官方
,,天津农学院,普通,03,203,不限,物理,26,496,155405,5500,其他,否,eea.gd 官方
,,天津中医药大学,普通,03,203,不限,物理,30,545,76584,5500,其他,否,eea.gd 官方
,,天津师范大学             v  公,普通,11,211,不限,物理,10,552,67717,5500,其他,否,eea.gd 官方
,,天津中医药大学,普通,04,204,不限,物理,30,547,74090,5500,其他,否,eea.gd 官方
,,天津中医药大学,普通,05,205,不限,物理,13,569,48302,5500,其他,否,eea.gd 官方
,,天津中医药大学,普通,06,206,不限,物理,5,556,63130,5500,其他,否,eea.gd 官方
,,天津中医药大学,普通,07,207,不限,物理,4,544,77729,5500,其他,否,eea.gd 官方
,,天津中医药大学,普通,08,208,不限,物理,3,541,82520,5500,其他,否,eea.gd 官方
,,天津师范大学,普通,05,205,不限,物理,14,532,95089,5500,其他,否,eea.gd 官方
,,天津师范大学                                vmn,普通,07,207,不限,物理,1,566,51678,5500,其他,否,eea.gd 官方
,,天津师范大学                                   H,普通,08,208,不限,物理,9,538,87041,5500,其他,否,eea.gd 官方
,,天津师范大学                        V&gt;,普通,09,209,不限,物理,4,561,57076,5500,其他,否,eea.gd 官方
,,天津工业大学,普通,06,206,不限,物理,4,560,58401,5500,其他,否,eea.gd 官方
,,天津工业大学,普通,05,205,不限,物理,12,556,63244,5500,其他,否,eea.gd 官方
,,天津工业大学,普通,04,204,不限,物理,38,561,56721,5500,其他,否,eea.gd 官方
,,天津工业大学                                A,普通,03,203,不限,物理,2,576,40754,5500,其他,否,eea.gd 官方
,,北京电影学院,普通,10,210,不限,物理,3,595,25117,5500,其他,否,eea.gd 官方
,,北京电影学院,普通,11,211,不限,物理,30,593,26790,5500,其他,否,eea.gd 官方
,,中央民族大学,985,05,205,不限,物理,20,600,21985,5500,北京,否,eea.gd 官方
,,中央民族大学,985,06,206,不限,物理,38,601,21410,5500,北京,否,eea.gd 官方
,,中央民族大学（合作办学）,985,08,208,不限,物理,8,596,24774,5500,北京,否,eea.gd 官方
,,中国政法大学,211,05,205,不限,物理,3,613,14448,5500,北京,否,eea.gd 官方
,,中国政法大学,211,06,206,不限,物理,2,611,15372,5500,北京,否,eea.gd 官方
,,中国政法大学,211,07,?207,不限,物理,36,628,8255,5500,北京,否,eea.gd 官方
,,华北电力大学（北京）,211,03,203,不限,物理,14,590,29146,5500,其他,否,eea.gd 官方
,,华北电力大学（北京）,211,04,204,不限,物理,82,601,21168,5500,其他,否,eea.gd 官方
,,南开大学,985,02,202,不限,物理,10,642,4387,5500,其他,否,eea.gd 官方
,,南开大学,985,03,203,不限,物理,61,641,4434,5500,其他,否,eea.gd 官方
,,天津大学,985,03,203,不限,物理,38,632,6799,5500,其他,否,eea.gd 官方
,,天津大学,985,04,204,不限,物理,35,628,8065,5500,其他,否,eea.gd 官方
,,天津科技大学,普通,03,203,不限,物理,3,546,75328,5500,其他,否,eea.gd 官方
,,天津科技大学(中外合作办学),普通,04,204,不限,物理,3,537,88316,5500,其他,否,eea.gd 官方
,,天津科技大学,普通,05,205,不限,物理,43,532,96192,5500,其他,否,eea.gd 官方
,,天津科技大学(中外合作办学),普通,06,206,不限,物理,3,549,71700,5500,其他,否,eea.gd 官方
,,天津工业大学,普通,02,202,不限,物理,4,555,64137,5500,其他,否,eea.gd 官方
,,天津师范大学                        X,普通,10,210,不限,物理,2,569,48434,5500,其他,否,eea.gd 官方
,,天津师范大学            AX,普通,13,213,不限,物理,7,563,54804,5500,其他,否,eea.gd 官方
,,长春工业大学,普通,03,203,不限,物理,3,540,83274,5500,其他,否,eea.gd 官方
,,河北工业大学(联合培养),普通,06,206,不限,物理,2,589,30124,5500,其他,否,eea.gd 官方
,,华北水利水电大学,普通,01,201,不限,物理,27,546,75758,5500,其他,否,eea.gd 官方
,,华北水利水电大学(中外合作办学)      W,普通,02,202,不限,物理,2,525,106059,5500,其他,否,eea.gd 官方
,,华北电力大学（保定）                    1,普通,03,203,不限,物理,15,584,34305,5500,其他,否,eea.gd 官方
,,华北电力大学（保定）                    X,普通,04,204,不限,物理,97,597,24010,5500,其他,否,eea.gd 官方
,,河北工业大学                             人,普通,01,201,不限,物理,17,600,21636,5500,其他,否,eea.gd 官方
,,河北工业大学,普通,02,202,不限,物理,6,591,28637,5500,其他,否,eea.gd 官方
,,河北工业大学              XY,普通,03,203,不限,物理,2,597,23607,5500,其他,否,eea.gd 官方
,,河北工业大学              WA,普通,04,204,不限,物理,3,604,19217,5500,其他,否,eea.gd 官方
,,河北工业大学(联合培养),普通,05,205,不限,物理,6,580,37396,5500,其他,否,eea.gd 官方
,,华北理工大学(中外合作办学),普通,04,204,不限,物理,2,479,185964,5500,其他,否,eea.gd 官方
,,天津师范大学                      ?,普通,15,215,不限,物理,3,549,72038,5500,其他,否,eea.gd 官方
,,华北理工大学,普通,05,205,不限,物理,2,508,133212,5500,其他,否,eea.gd 官方
,,华北理工大学1,普通,06,206,不限,物理,8,524,108215,5500,其他,否,eea.gd 官方
,,华北理工大学,普通,07,207,不限,物理,8,526,105246,5500,其他,否,eea.gd 官方
,,华北理工大学,普通,08,208,不限,物理,4,526,104290,5500,其他,否,eea.gd 官方
,,华北理工大学,普通,11,211,不限,物理,2,560,57907,5500,其他,否,eea.gd 官方
,,河北医科大学,普通,02,202,不限,物理,30,532,96093,5500,其他,否,eea.gd 官方
,,河北医科大学,普通,03,203,不限,物理,12,534,92155,5500,其他,否,eea.gd 官方
,,河北医科大学,普通,04,204/,不限,物理,4,536,90062,5500,其他,否,eea.gd 官方
,,河北北方学院,普通,01,201,不限,物理,10,507,135935,5500,其他,否,eea.gd 官方
,,河北地质大学,普通,03,203,不限,物理,18,514,124006,5500,其他,否,eea.gd 官方
,,河北地质大学,普通,02,202,不限,物理,9,513,126282,5500,其他,否,eea.gd 官方
,,河北工程大学,普通,06,206,不限,物理,2,526,104689,5500,其他,否,eea.gd 官方
,,河北工程大学,普通,04,204,不限,物理,2,541,82282,5500,其他,否,eea.gd 官方
,,天津师范大学,普通,16,216,不限,物理,2,559,59650,5500,其他,否,eea.gd 官方
,,天津职业技术师范大学,普通,01,201,不限,物理,2,521,112022,5500,其他,否,eea.gd 官方
,,天津职业技术师范大学,普通,02,202,不限,物理,4,506,137525,5500,其他,否,eea.gd 官方
,,天津职业技术师范大学,普通,03,203,不限,物理,31,510,130128,5500,其他,否,eea.gd 官方
,,天津外国语大学,普通,07,207,不限,物理,11,536,89111,5500,其他,否,eea.gd 官方
,,天津外国语大学,普通,08,208,不限,物理,3,533,94533,5500,其他,否,eea.gd 官方
,,天津外国语大学,普通,11,211,不限,物理,1,567,50750,5500,其他,否,eea.gd 官方
,,天津外国语大学,普通,12,212,不限,物理,30,546,76001,5500,其他,否,eea.gd 官方
,,天津商业大学,普通,04,204,不限,物理,27,516,120495,5500,其他,否,eea.gd 官方
,,天津商业大学(中外合作办学),普通,05,205,不限,物理,6,529,100898,5500,其他,否,eea.gd 官方
,,天津商业大学,普通,06,206,不限,物理,28,520,114451,5500,其他,否,eea.gd 官方
,,天津财经大学,普通,03,203,不限,物理,13,550,70755,5500,其他,否,eea.gd 官方
,,天津财经大学(中外合作办学),普通,04,204,不限,物理,5,538,87123,5500,其他,否,eea.gd 官方
,,天津财经大学,普通,05,205,不限,物理,7,555,64189,5500,其他,否,eea.gd 官方
,,天津财经大学,普通,07,207,不限,物理,14,547,74953,5500,其他,否,eea.gd 官方
,,天津体育学院,普通,02,202,不限,物理,4,502,144666,5500,其他,否,eea.gd 官方
,,河北工程大学,普通,01,201,不限,物理,3,522,111719,5500,其他,否,eea.gd 官方
,,河北工程大学,普通,02,202,不限,物理,13,530,98638,5500,其他,否,eea.gd 官方
,,河北工程大学,普通,03,203,不限,物理,2,549,72239,5500,其他,否,eea.gd 官方
,,北京电影学院,普通,09,209,不限,物理,2,592,27700,5500,其他,否,eea.gd 官方
,,北京电影学院,普通,03,203,不限,物理,2,601,21271,5500,其他,否,eea.gd 官方
,,北京电影学院,普通,02,202,不限,物理,2,590,29195,5500,其他,否,eea.gd 官方
,,北京印刷学院,普通,03,203,不限,物理,3,540,83275,5500,其他,否,eea.gd 官方
,,北京化工大学(中外合作办学),211,04,204,不限,物理,8,589,29569,5500,北京,否,eea.gd 官方
,,北京化工大学(中外合作办学),211,05,205,不限,物理,11,589,29646,5500,北京,否,eea.gd 官方
,,北京工商大学                                     ?,普通,01,201,不限,物理,10,568,49203,5500,其他,否,eea.gd 官方
,,北京工商大学,普通,02,202,不限,物理,15,550,70559,5500,其他,否,eea.gd 官方
,,北京服装学院                                vn,普通,02,202,不限,物理,1,538,87266,5500,其他,否,eea.gd 官方
,,北京服装学院                         1       V,普通,03,203,不限,物理,9,529,100249,5500,其他,否,eea.gd 官方
,,北京邮电大学,211,01,201,不限,物理,8,651,2681,5500,北京,否,eea.gd 官方
,,北京邮电大学,211,02,202,不限,物理,108,628,8242,5500,北京,否,eea.gd 官方
,,北京印刷学院             V    ?,普通,02,202,不限,物理,2,543,79037,5500,其他,否,eea.gd 官方
,,北京建筑大学        /    ?1,普通,01,201,不限,物理,2,558,60428,5500,其他,否,eea.gd 官方
,,中央美术学院 ?,普通,05,205,不限,物理,3,607,17794,5500,其他,否,eea.gd 官方
,,北京建筑大学,普通,02,202,不限,物理,2,569,47773,5500,其他,否,eea.gd 官方
,,北京建筑大学,普通,03,203,不限,物理,4,567,49883,5500,其他,否,eea.gd 官方
,,北京石油化工学院,普通,01,201,不限,物理,2,514,123780,5500,其他,否,eea.gd 官方
,,北京石油化工学院,普通,02,202,不限,物理,4,550,70044,5500,其他,否,eea.gd 官方
,,北京石油化工学院,普通,03,203,不限,物理,3,544,78746,5500,其他,否,eea.gd 官方
,,中国农业大学,985,02,202,不限,物理,7,610,16237,5500,北京,否,eea.gd 官方
,,中国农业大学(中外合作办学),985,03,203,不限,物理,30,593,27048,5500,北京,否,eea.gd 官方
,,中国农业大学,985,04,204,不限,物理,69,610,15801,5500,北京,否,eea.gd 官方
,,北京林业大学,211,07,207,不限,物理,17,580,37424,5500,北京,否,eea.gd 官方
,,北京化工大学,211,03,203,不限,物理,51,601,21313,5500,北京,否,eea.gd 官方
,,北京化工大学,211,02,202,不限,物理,61,604,19455,5500,北京,否,eea.gd 官方
,,北京科技大学,211,06,206,不限,物理,44,612,14724,5500,北京,否,eea.gd 官方
,,北京科技大学,211,05,205,不限,物理,19,613,14438,5500,北京,否,eea.gd 官方
,,北京大学,985,03,203,不限,物理,24,689,85,5500,北京,否,eea.gd 官方
,,中国人民大学,985,02,202,不限,物理,28,663,1215,5500,北京,否,eea.gd 官方
,,中国人民大学,985,03,203,不限,物理,21,667,831,5500,北京,否,eea.gd 官方
,,清华大学,985,02,202,不限,物理,10,692,53,5500,北京,否,eea.gd 官方
,,清华大学,985,03,203,不限,物理,49,688,97,5500,北京,否,eea.gd 官方
,,北京交通大学                                A,普通,02,202,不限,物理,15,594,25890,5500,其他,否,eea.gd 官方
,,北京交通大学                            一,普通,04,204,不限,物理,74,615,13369,5500,其他,否,eea.gd 官方
,,北京交通大学(中外合作办学)        X,普通,05,205,不限,物理,5,606,18214,5500,其他,否,eea.gd 官方
,,北京交通大学（中外合作办学）,211,06,206,不限,物理,2,606,18307,5500,北京,否,eea.gd 官方
,,北京交通大学,211,07,207,不限,物理,7,627,8570,5500,北京,否,eea.gd 官方
,,北京工业大学              XV,普通,01,201,不限,物理,4,610,16132,5500,其他,否,eea.gd 官方
,,北京工业大学            WA,普通,02,202,不限,物理,5,600,21717,5500,其他,否,eea.gd 官方
,,北京工业大学,211,03,203,不限,物理,3,617,12677,5500,北京,否,eea.gd 官方
,,北京工业大学     V&gt;,普通,04,204,不限,物理,4,613,14430,5500,其他,否,eea.gd 官方
,,北京航空航天大学,985,02,202,不限,物理,108,657,1822,5500,北京,否,eea.gd 官方
,,北京航空航天大学(中外合作办学),985,06,206,不限,物理,7,641,4528,5500,北京,否,eea.gd 官方
,,北京理工大学,985,03,203,不限,物理,57,656,1983,5500,北京,否,eea.gd 官方
,,北京理工大学(珠海校区),985,04,204,不限,物理,10,665,1031,5500,北京,否,eea.gd 官方
,,北京科技大学,211,04,204,不限,物理,4,614,13928,5500,北京,否,eea.gd 官方
,,北京林业大学,211,08,208,不限,物理,9,582,35472,5500,北京,否,eea.gd 官方
,,北京林业大学,211,11,211,不限,物理,5,590,29366,5500,北京,否,eea.gd 官方
,,北京林业大学,211,12,212,不限,物理,12,578,39221,5500,北京,否,eea.gd 官方
,,中国传媒大学(中外合作办学),211,05,205,不限,物理,5,596,24675,5500,北京,否,eea.gd 官方
,,中国传媒大学(中外合作办学),211,07,207,不限,物理,12,580,37261,5500,北京,否,eea.gd 官方
,,中国传媒大学,211,08,208,不限,物理,3,610,15867,5500,北京,否,eea.gd 官方
,,中央财经大学,211,02,202,不限,物理,63,614,13853,5500,北京,否,eea.gd 官方
,,中央财经大学（中外合作办学）,211,03,203,不限,物理,15,601,21505,5500,北京,否,eea.gd 官方
,,对外经济贸易大学,211,03,203,不限,物理,35,611,15363,5500,北京,否,eea.gd 官方
,,对外经济贸易大学,211,04,204,不限,物理,10,611,15357,5500,北京,否,eea.gd 官方
,,北京物资学院,普通,02,202,不限,物理,30,546,76243,5500,其他,否,eea.gd 官方
,,北京物资学院,普通,03,203,不限,物理,3,546,75028,5500,其他,否,eea.gd 官方
,,首都经济贸易大学,普通,02,202,不限,物理,6,576,41029,5500,其他,否,eea.gd 官方
,,中国人民公安大学,普通,01,201,不限,物理,3,608,17162,5500,其他,否,eea.gd 官方
,,北京体育大学                                x,普通,04,204,不限,物理,2,588,30768,5500,其他,否,eea.gd 官方
,,北京体育大学,211,05,205,不限,物理,3,587,31463,5500,北京,否,eea.gd 官方
,,北京体育大学(中外合作办学),211,06,206,不限,物理,2,547,74647,5500,北京,否,eea.gd 官方
,,北京体育大学(中外合作办学),211,07,207,不限,物理,2,533,94685,5500,北京,否,eea.gd 官方
,,北京体育大学                    &gt;,普通,08,208,不限,物理,1,585,32762,5500,其他,否,eea.gd 官方
,,北京体育大学             √ 1,普通,09,209,不限,物理,2,588,30620,5500,其他,否,eea.gd 官方
,,中国音乐学院              1X,普通,02,202,不限,物理,1,586,32552,5500,其他,否,eea.gd 官方
,,中央美术学院               ?,普通,03,203,不限,物理,2,577,40208,5500,其他,否,eea.gd 官方
,,中央美术学院(中外合作办学),普通,04,204,不限,物理,4,577,39804,5500,其他,否,eea.gd 官方
,,中国传媒大学,211,06,206,不限,物理,31,604,19473,5500,北京,否,eea.gd 官方
,,中国传媒大学,211,04,204,不限,物理,15,595,25017,5500,北京,否,eea.gd 官方
,,北京林业大学,211,13,?213,不限,物理,14,578,39416,5500,北京,否,eea.gd 官方
,,北京语言大学,普通,06,206,不限,物理,3,568,49380,5500,其他,否,eea.gd 官方
,,北京林业大学,211,15,215,不限,物理,27,594,26094,5500,北京,否,eea.gd 官方
,,北京林业大学(中外合作办学),211,16,216,不限,物理,5,573,44688,5500,北京,否,eea.gd 官方
,,北京林业大学,211,17,217,不限,物理,2,581,36675,5500,北京,否,eea.gd 官方
,,北京林业大学,211,19,219,不限,物理,8,592,27772,5500,北京,否,eea.gd 官方
,,北京中医药大学,211,03,203,不限,物理,2,583,34968,5500,北京,否,eea.gd 官方
,,北京中医药大学,211,04,204,不限,物理,28,592,27086,5500,北京,否,eea.gd 官方
,,北京师范大学,985,04,204,不限,物理,8,637,5671,5500,北京,否,eea.gd 官方
,,北京师范大学,985,06,206,不限,物理,27,642,4352,5500,北京,否,eea.gd 官方
,,首都师范大学,普通,03,203,不限,物理,10,594,25639,5500,其他,否,eea.gd 官方
,,首都体育学院,普通,02,202,不限,物理,5,539,84624,5500,其他,否,eea.gd 官方
,,北京外国语大学,211,04,204,不限,物理,6,619,11520,5500,北京,否,eea.gd 官方
,,北京外国语大学,211,05,205,不限,物理,11,605,18756,5500,北京,否,eea.gd 官方
,,北京外国语大学,211,06,206,不限,物理,2,612,14729,5500,北京,否,eea.gd 官方
,,北京外国语大学,211,07,207,不限,物理,2,615,13205,5500,北京,否,eea.gd 官方
,,北京第二外国语学院,普通,04,204,不限,物理,1,579,37918,5500,其他,否,eea.gd 官方
,,北京第二外国语学院,普通,05,205,不限,物理,9,551,68743,5500,其他,否,eea.gd 官方
,,北京语言大学              XY,普通,03,203,不限,物理,16,560,58696,5500,其他,否,eea.gd 官方
,,北京语言大学             WA,普通,04,204,不限,物理,4,530,99398,5500,其他,否,eea.gd 官方
,,北京语言大学,普通,05,205,不限,物理,15,576,41271,5500,其他,否,eea.gd 官方
,,承德医学院,普通,01,201,不限,物理,3,553,66501,5500,其他,否,eea.gd 官方
,,河北师范大学,普通,02,202,不限,物理,3,551,68877,5500,其他,否,eea.gd 官方
,,河北师范大学,普通,03,203,不限,物理,2,550,70971,5500,其他,否,eea.gd 官方
,,大连海洋大学,普通,01,201,不限,物理,4,505,138594,5500,其他,否,eea.gd 官方
,,大连工业大学,普通,11,211,不限,物理,2,530,99274,5500,其他,否,eea.gd 官方
,,大连工业大学,普通,12,212,不限,物理,2,526,104556,5500,其他,否,eea.gd 官方
,,大连工业大学(学术互认）,普通,13,213,不限,物理,30,539,84674,5500,其他,否,eea.gd 官方
,,大连工业大学(中外合作办学),普通,14,214,不限,物理,3,530,98741,5500,其他,否,eea.gd 官方
,,沈阳建筑大学,普通,01,201,不限,物理,2,544,78516,5500,其他,否,eea.gd 官方
,,沈阳建筑大学,普通,02,202,不限,物理,7,508,134641,5500,其他,否,eea.gd 官方
,,沈阳建筑大学(中外合作办学),普通,03,203,不限,物理,4,504,141029,5500,其他,否,eea.gd 官方
,,沈阳建筑大学,普通,04,204,不限,物理,17,506,138155,5500,其他,否,eea.gd 官方
,,沈阳建筑大学(中外合作办学）,普通,05,205,不限,物理,6,519,116156,5500,其他,否,eea.gd 官方
,,大连海洋大学,普通,02,202,不限,物理,16,506,138145,5500,其他,否,eea.gd 官方
,,辽宁科技大学,普通,01,201,不限,物理,12,512,127217,5500,其他,否,eea.gd 官方
,,大连海洋大学,普通,03,203,不限,物理,9,503,142884,5500,其他,否,eea.gd 官方
,,中国医科大学,普通,01,201,不限,物理,19,574,42810,5500,其他,否,eea.gd 官方
,,中国医科大学(中外合作办学),普通,02,202,不限,物理,6,549,72258,5500,其他,否,eea.gd 官方
,,锦州医科大学,普通,01,201,不限,物理,11,545,76869,5500,其他,否,eea.gd 官方
,,锦州医科大学,普通,02,202,不限,物理,8,508,133544,5500,其他,否,eea.gd 官方
,,锦州医科大学（中外合作办学）,普通,03,203,不限,物理,5,490,165727,5500,其他,否,eea.gd 官方
,,大连医科大学,普通,01,201,不限,物理,2,572,45358,5500,其他,否,eea.gd 官方
,,大连医科大学,普通,02,202,不限,物理,3,601,20970,5500,其他,否,eea.gd 官方
,,大连医科大学,普通,03,203,不限,物理,12,585,33204,5500,其他,否,eea.gd 官方
,,大连工业大学,普通,10,210,不限,物理,1,527,102733,5500,其他,否,eea.gd 官方
,,大连工业大学 1,普通,08,208,不限,物理,3,520,114410,5500,其他,否,eea.gd 官方
,,大连工业大学,普通,07,207,不限,物理,4,521,113223,5500,其他,否,eea.gd 官方
,,大连工业大学        /,普通,06,206,不限,物理,1,517,118480,5500,其他,否,eea.gd 官方
,,辽宁工程技术大学,普通,02,202,不限,物理,9,532,95162,5500,其他,否,eea.gd 官方
,,辽宁工程技术大学,普通,04,204,不限,物理,4,537,87899,5500,其他,否,eea.gd 官方
,,辽宁石油化工大学,普通,01,201,不限,物理,10,525,106600,5500,其他,否,eea.gd 官方
,,辽宁石油化工大学(中外合作办学),普通,02,202,不限,物理,5,515,122096,5500,其他,否,eea.gd 官方
,,沈阳化工大学,普通,01,201,不限,物理,1,523,109496,5500,其他,否,eea.gd 官方
,,沈阳化工大学,普通,02,202,不限,物理,30,529,100247,5500,其他,否,eea.gd 官方
,,沈阳化工大学,普通,03,203,不限,物理,12,515,122625,5500,其他,否,eea.gd 官方
,,沈阳化工大学(中外合作办学),普通,04,204&lt;,不限,物理,2,513,125206,5500,其他,否,eea.gd 官方
,,大连交通大学(中外合作办学),普通,02,202,不限,物理,2,529,100646,5500,其他,否,eea.gd 官方
,,大连交通大学,普通,03,203,不限,物理,3,522,110376,5500,其他,否,eea.gd 官方
,,大连交通大学,普通,04,204,不限,物理,18,528,101610,5500,其他,否,eea.gd 官方
,,大连交通大学                                   Y,普通,05,205,不限,物理,2,539,84831,5500,其他,否,eea.gd 官方
,,大连交通大学(中外合作办学),普通,06,206,不限,物理,7,526,105531,5500,其他,否,eea.gd 官方
,,大连海事大学                                vn,普通,03,203,不限,物理,19,576,41344,5500,其他,否,eea.gd 官方
,,大连海事大学(中外合作办学)               V,普通,04,204,不限,物理,2,596,24806,5500,其他,否,eea.gd 官方
,,大连海事大学                        入,普通,05,205,不限,物理,69,581,36665,5500,其他,否,eea.gd 官方
,,大连海事大学（中外合作办学）   X,普通,06,206,不限,物理,14,571,45862,5500,其他,否,eea.gd 官方
,,大连工业大学                               ?,普通,04,204,不限,物理,3,521,113122,5500,其他,否,eea.gd 官方
,,大连工业大学            AX,普通,05,205,不限,物理,5,537,88817,5500,其他,否,eea.gd 官方
,,辽宁中医药大学,普通,01,201,不限,物理,26,507,134930,5500,其他,否,eea.gd 官方
,,沈阳药科大学                                A,普通,02,202,不限,物理,3,536,89842,5500,其他,否,eea.gd 官方
,,沈阳药科大学                           2,普通,03,203,不限,物理,31,521,113319,5500,其他,否,eea.gd 官方
,,吉林大学                              V&gt;,普通,13,213,不限,物理,10,623,10077,5500,其他,否,eea.gd 官方
,,吉林大学                   v  /,普通,16,216,不限,物理,3,609,16282,5500,其他,否,eea.gd 官方
,,延边大学                  AX,普通,02,202,不限,物理,19,562,55335,5500,其他,否,eea.gd 官方
,,延边大学                       1   ?,普通,03,203,不限,物理,4,571,46601,5500,其他,否,eea.gd 官方
,,长春理工大学,普通,04,204,不限,物理,4,523,110109,5500,其他,否,eea.gd 官方
,,长春理工大学 1,普通,05,205,不限,物理,16,516,121426,5500,其他,否,eea.gd 官方
,,长春理工大学,普通,06,206,不限,物理,7,529,100052,5500,其他,否,eea.gd 官方
,,长春理工大学        ?,普通,07,207,不限,物理,117,547,74069,5500,其他,否,eea.gd 官方
,,长春理工大学,普通,08,208,不限,物理,8,560,58745,5500,其他,否,eea.gd 官方
,,长春理工大学,普通,09,209,不限,物理,16,524,108596,5500,其他,否,eea.gd 官方
,,长春理工大学,普通,10,210,不限,物理,30,532,95043,5500,其他,否,eea.gd 官方
,,长春理工大学（中外合作办学）,普通,11,211,不限,物理,13,554,65497,5500,其他,否,eea.gd 官方
,,长春理工大学(中外合作办学),普通,12,212,不限,物理,4,527,102842,5500,其他,否,eea.gd 官方
,,长春理工大学(中外合作办学),普通,13,213,不限,物理,27,531,97709,5500,其他,否,eea.gd 官方
,,长春理工大学,普通,14,214,不限,物理,2,535,91188,5500,其他,否,eea.gd 官方
,,东北电力大学,普通,02,202,不限,物理,3,548,73475,5500,其他,否,eea.gd 官方
,,东北电力大学,普通,03,? 203,不限,物理,39,566,51802,5500,其他,否,eea.gd 官方
,,东北电力大学（中外合作办学）,普通,05,205,不限,物理,3,574,43530,5500,其他,否,eea.gd 官方
,,长春工业大学,普通,01,201,不限,物理,7,513,126281,5500,其他,否,eea.gd 官方
,,长春工业大学(中外合作办学),普通,02,202,不限,物理,5,504,141214,5500,其他,否,eea.gd 官方
,,吉林大学                              X,普通,15,215,不限,物理,18,618,12002,5500,其他,否,eea.gd 官方
,,吉林大学（联合培养）                          H,普通,12,212,不限,物理,5,610,15953,5500,其他,否,eea.gd 官方
,,沈阳医学院,普通,01,201,不限,物理,4,550,70968,5500,其他,否,eea.gd 官方
,,吉林大学                                      m,普通,11,211,不限,物理,28,617,12262,5500,其他,否,eea.gd 官方
,,辽宁师范大学(中外合作办学),普通,02,202,不限,物理,3,520,113861,5500,其他,否,eea.gd 官方
,,渤海大学,普通,03,203,不限,物理,1,491,164379,5500,其他,否,eea.gd 官方
,,渤海大学                    XV,普通,04,204,不限,物理,1,529,99846,5500,其他,否,eea.gd 官方
,,鞍山师范学院            VWA,普通,02,202,不限,物理,1,498,152189,5500,其他,否,eea.gd 官方
,,大连外国语大学,普通,03,203,不限,物理,1,546,76067,5500,其他,否,eea.gd 官方
,,大连外国语大学,普通,04,204,不限,物理,12,532,96431,5500,其他,否,eea.gd 官方
,,大连外国语大学,普通,05,205,不限,物理,2,544,78481,5500,其他,否,eea.gd 官方
,,东北财经大学,普通,09,209,不限,物理,23,555,64113,5500,其他,否,eea.gd 官方
,,东北财经大学(中外合作办学),普通,11,211,不限,物理,4,552,68214,5500,其他,否,eea.gd 官方
,,东北财经大学(中外合作办学),普通,12,212,不限,物理,3,574,43132,5500,其他,否,eea.gd 官方
,,东北财经大学(中外合作办学),普通,13,213,不限,物理,3,556,63481,5500,其他,否,eea.gd 官方
,,东北财经大学(中外合作办学),普通,14,214,不限,物理,30,537,88730,5500,其他,否,eea.gd 官方
,,东北财经大学(中外合作办学),普通,15,215,不限,物理,3,555,63945,5500,其他,否,eea.gd 官方
,,沈阳音乐学院,普通,02,202,不限,物理,30,499,150359,5500,其他,否,eea.gd 官方
,,吉林大学,985,06,206,不限,物理,7,619,11407,5500,其他,否,eea.gd 官方
,,吉林大学,985,07,207,不限,物理,28,603,19791,5500,其他,否,eea.gd 官方
,,吉林大学,985,08,208,不限,物理,120,607,17900,5500,其他,否,eea.gd 官方
,,吉林大学                                          Y,普通,09,209,不限,物理,32,605,18795,5500,其他,否,eea.gd 官方
,,吉林大学                                      x,普通,10,210,不限,物理,15,618,12157,5500,其他,否,eea.gd 官方
,,辽宁科技大学(中外合作办学),普通,02,202,不限,物理,4,490,164774,5500,其他,否,eea.gd 官方
,,东北大学(中外合作办学)W&gt;,普通,09,209,不限,物理,18,595,25600,5500,其他,否,eea.gd 官方
,,河北师范大学,普通,04,204,不限,物理,4,558,60199,5500,其他,否,eea.gd 官方
,,忻州师范学院                            Y,普通,01,201,不限,物理,1,496,154600,5500,其他,否,eea.gd 官方
,,山西农业大学,普通,05,205,不限,物理,7,506,136719,5500,其他,否,eea.gd 官方
,,山西医科大学,普通,01,201,不限,物理,8,521,112651,5500,其他,否,eea.gd 官方
,,山西医科大学,普通,02,202,不限,物理,12,534,92402,5500,其他,否,eea.gd 官方
,,长治医学院,普通,01,201,不限,物理,9,513,125833,5500,其他,否,eea.gd 官方
,,长治医学院,普通,02,202,不限,物理,1,526,104646,5500,其他,否,eea.gd 官方
,,山西师范大学,普通,02,202,不限,物理,1,537,88645,5500,其他,否,eea.gd 官方
,,山西师范大学,普通,03,203,不限,物理,6,516,121480,5500,其他,否,eea.gd 官方
,,山西师范大学,普通,04,204,不限,物理,8,507,136137,5500,其他,否,eea.gd 官方
,,山西大同大学                                A,普通,02,202,不限,物理,10,538,86678,5500,其他,否,eea.gd 官方
,,忻州师范学院                            入,普通,02,202,不限,物理,4,496,154917,5500,其他,否,eea.gd 官方
,,东北大学（中外合作办学）XY,普通,08,208,不限,物理,17,592,27591,5500,其他,否,eea.gd 官方
,,忻州师范学院                             人,普通,03,203,不限,物理,2,492,161664,5500,其他,否,eea.gd 官方
,,山西财经大学,普通,02,202,不限,物理,13,519,115172,5500,其他,否,eea.gd 官方
,,山西财经大学              XY,普通,03,203,不限,物理,5,537,87651,5500,其他,否,eea.gd 官方
,,内蒙古大学                 W,普通,05,205,不限,物理,5,540,84001,5500,其他,否,eea.gd 官方
,,内蒙古大学,211,06,206,不限,物理,5,551,69892,5500,其他,否,eea.gd 官方
,,内蒙古大学,211,07,207,不限,物理,12,567,49972,5500,其他,否,eea.gd 官方
,,内蒙古大学,211,08,208,不限,物理,16,543,79896,5500,其他,否,eea.gd 官方
,,内蒙古大学,211,09,209,不限,物理,3,579,38197,5500,其他,否,eea.gd 官方
,,内蒙古大学M,普通,11,211,不限,物理,6,544,78298,5500,其他,否,eea.gd 官方
,,山西农业大学,普通,04,204,不限,物理,4,504,141615,5500,其他,否,eea.gd 官方
,,山西农业大学,普通,03,203,不限,物理,7,510,130495,5500,其他,否,eea.gd 官方
,,太原理工大学,普通,01,201,不限,物理,84,584,33690,5500,其他,否,eea.gd 官方
,,中北大学,普通,08,208,不限,物理,3,554,65053,5500,其他,否,eea.gd 官方
,,河北师范大学                                vx,普通,05,205,不限,物理,2,548,73336,5500,其他,否,eea.gd 官方
,,衡水学院                               1,普通,02,202,不限,物理,4,494,158029,5500,其他,否,eea.gd 官方
,,衡水学院                              PV&gt;,普通,03,203,不限,物理,12,492,162181,5500,其他,否,eea.gd 官方
,,衡水学院（中外合作办学）         K,普通,04,204,不限,物理,2,489,168047,5500,其他,否,eea.gd 官方
,,邯郸学院                                     Y,普通,01,201,不限,物理,7,490,165802,5500,其他,否,eea.gd 官方
,,邯郸学院                  AX,普通,02,202,不限,物理,6,493,159677,5500,其他,否,eea.gd 官方
,,邢台学院              /,普通,02,202,不限,物理,2,500,148327,5500,其他,否,eea.gd 官方
,,沧州师范学院,普通,03,203,不限,物理,13,492,161651,5500,其他,否,eea.gd 官方
,,石家庄铁道大学,普通,02,202,不限,物理,1,532,95760,5500,其他,否,eea.gd 官方
,,石家庄铁道大学,普通,03,203,不限,物理,6,532,96285,5500,其他,否,eea.gd 官方
,,石家庄铁道大学,普通,04,204,不限,物理,2,563,55074,5500,其他,否,eea.gd 官方
,,山西大学,普通,02,202,不限,物理,12,545,76569,5500,其他,否,eea.gd 官方
,,山西大学,普通,03,203,不限,物理,11,569,48524,5500,其他,否,eea.gd 官方
,,太原科技大学,普通,01,201,不限,物理,30,525,106507,5500,其他,否,eea.gd 官方
,,中北大学,普通,03,203,不限,物理,5,534,92215,5500,其他,否,eea.gd 官方
,,中北大学,普通,04,204,不限,物理,9,525,106082,5500,其他,否,eea.gd 官方
,,中北大学,普通,05,205,不限,物理,104,544,78860,5500,其他,否,eea.gd 官方
,,中北大学,普通,06,206,不限,物理,40,528,102046,5500,其他,否,eea.gd 官方
,,中北大学,普通,07,207,不限,物理,6,530,99268,5500,其他,否,eea.gd 官方
,,内蒙古大学,211,12,212,不限,物理,12,543,80025,5500,其他,否,eea.gd 官方
,,内蒙古科技大学,普通,03,203,不限,物理,5,494,158088,5500,其他,否,eea.gd 官方
,,内蒙古科技大学,普通,04,204,不限,物理,38,493,161050,5500,其他,否,eea.gd 官方
,,辽宁大学(中外合作办学),211,15,215,不限,物理,4,545,77221,5500,其他,否,eea.gd 官方
,,辽宁大学（联合培养）,211,17,217,不限,物理,1,583,34852,5500,其他,否,eea.gd 官方
,,大连理工大学,985,02,202,不限,物理,33,630,7482,5500,其他,否,eea.gd 官方
,,大连理工大学(中外合作办学),985,03,?203,不限,物理,10,612,15196,5500,其他,否,eea.gd 官方
,,沈阳工业大学,普通,02,202,不限,物理,22,516,120183,5500,其他,否,eea.gd 官方
,,沈阳工业大学,普通,03,203,不限,物理,38,530,98781,5500,其他,否,eea.gd 官方
,,沈阳工业大学,普通,04,204,不限,物理,4,530,98117,5500,其他,否,eea.gd 官方
,,沈阳工业大学,普通,05,205,不限,物理,2,535,90647,5500,其他,否,eea.gd 官方
,,沈阳航空航天大学,普通,01,201,不限,物理,7,543,79727,5500,其他,否,eea.gd 官方
,,沈阳理工大学,普通,01,201,不限,物理,20,536,89968,5500,其他,否,eea.gd 官方
,,沈阳理工大学,普通,02,202,不限,物理,1,530,98541,5500,其他,否,eea.gd 官方
,,沈阳理工大学,普通,03,203,不限,物理,1,522,110721,5500,其他,否,eea.gd 官方
,,沈阳理工大学,普通,04,204,不限,物理,1,551,68930,5500,其他,否,eea.gd 官方
,,东北大学,985,01,201,不限,物理,10,603,20204,5500,其他,否,eea.gd 官方
,,东北大学,985,02,202,不限,物理,2,603,20061,5500,其他,否,eea.gd 官方
,,东北大学                                      M,普通,03,203,不限,物理,64,614,13747,5500,其他,否,eea.gd 官方
,,东北大学,985,04,204,不限,物理,6,610,15756,5500,其他,否,eea.gd 官方
,,东北大学                                  X,普通,05,205,不限,物理,5,624,9454,5500,其他,否,eea.gd 官方
,,东北大学                                   人,普通,06,206,不限,物理,6,609,16599,5500,其他,否,eea.gd 官方
,,东北大学,985,07,207,不限,物理,15,617,12246,5500,其他,否,eea.gd 官方
,,辽宁大学,211,16,216,不限,物理,21,580,37281,5500,其他,否,eea.gd 官方
,,辽宁大学(中外合作办学),211,14,214,不限,物理,3,544,78148,5500,其他,否,eea.gd 官方
,,内蒙古科技大学,普通,05,205,不限,物理,30,502,144905,5500,其他,否,eea.gd 官方
,,辽宁大学(中外合作办学),211,13,213,不限,物理,30,565,52364,5500,其他,否,eea.gd 官方
,,内蒙古工业大学,普通,01,201,不限,物理,30,496,154555,5500,其他,否,eea.gd 官方
,,内蒙古工业大学,普通,02,202,不限,物理,6,495,157037,5500,其他,否,eea.gd 官方
,,内蒙古工业大学,普通,03,203,不限,物理,19,500,148312,5500,其他,否,eea.gd 官方
,,内蒙古工业大学,普通,04,204,不限,物理,18,496,154615,5500,其他,否,eea.gd 官方
,,内蒙古工业大学,普通,05,205,不限,物理,4,531,97212,5500,其他,否,eea.gd 官方
,,内蒙古工业大学                             X,普通,06,206,不限,物理,4,527,102729,5500,其他,否,eea.gd 官方
,,内蒙古农业大学                              vn,普通,02,202,不限,物理,4,497,153238,5500,其他,否,eea.gd 官方
,,内蒙古农业大学,普通,03,203,不限,物理,8,490,165051,5500,其他,否,eea.gd 官方
,,内蒙古农业大学,普通,04,204,不限,物理,11,492,161825,5500,其他,否,eea.gd 官方
,,内蒙古医科大学,普通,01,201,不限,物理,13,493,160262,5500,其他,否,eea.gd 官方
,,内蒙古医科大学          V   &gt;,普通,02,202,不限,物理,2,545,77349,5500,其他,否,eea.gd 官方
,,内蒙古师范大学,普通,02,202,不限,物理,13,489,167609,5500,其他,否,eea.gd 官方
,,内蒙古师范大学     /,普通,03,203,不限,物理,4,519,115180,5500,其他,否,eea.gd 官方
,,内蒙古民族大学,普通,02,202,不限,物理,1,495,157180,5500,其他,否,eea.gd 官方
,,内蒙古民族大学,普通,03,203,不限,物理,10,489,167127,5500,其他,否,eea.gd 官方
,,内蒙古民族大学,普通,04,204,不限,物理,12,489,167074,5500,其他,否,eea.gd 官方
,,内蒙古民族大学,普通,05,205,不限,物理,1,496,155002,5500,其他,否,eea.gd 官方
,,辽宁大学,211,11,211,不限,物理,8,564,53749,5500,其他,否,eea.gd 官方
,,辽宁大学,211,12,212,不限,物理,5,575,42045,5500,其他,否,eea.gd 官方
,,华东交通大学,普通,10,210,不限,物理,6,555,63886,5500,其他,否,eea.gd 官方
,,闽南师范大学,普通,04,204,不限,物理,30,533,94231,5500,其他,否,eea.gd 官方
,,华东交通大学,普通,12,212,不限,物理,4,541,82143,5500,其他,否,eea.gd 官方
,,惠州学院                                      vn,普通,21,221,不限,物理,113,521,113112,5500,其他,否,eea.gd 官方
,,韶关学院,普通,54,254,不限,物理,130,512,127820,5500,其他,否,eea.gd 官方
,,韶关学院,普通,55,255,不限,物理,152,500,146940,5500,其他,否,eea.gd 官方
,,韶关学院,普通,56,256,不限,物理,465,497,153236,5500,其他,否,eea.gd 官方
,,韶关学院,普通,57,257,不限,物理,499,505,139013,5500,其他,否,eea.gd 官方
,,韶关学院,普通,58,258,不限,物理,274,493,160258,5500,其他,否,eea.gd 官方
,,韶关学院,普通,61,261,不限,物理,111,493,159718,5500,其他,否,eea.gd 官方
,,韶关学院,普通,62,262,不限,物理,122,493,160114,5500,其他,否,eea.gd 官方
,,韶关学院,普通,63,263,不限,物理,40,499,149992,5500,其他,否,eea.gd 官方
,,惠州学院                                      双,普通,20,220,不限,物理,15,538,86643,5500,其他,否,eea.gd 官方
,,惠州学院                              1      V,普通,22,222,不限,物理,176,503,143304,5500,其他,否,eea.gd 官方
,,惠州学院,普通,33,233,不限,物理,15,504,140125,5500,其他,否,eea.gd 官方
,,惠州学院,普通,23,223,不限,物理,451,499,149479,5500,其他,否,eea.gd 官方
,,惠州学院,普通,24,224,不限,物理,23,509,132109,5500,其他,否,eea.gd 官方
,,惠州学院,普通,25,225,不限,物理,25,530,98270,5500,其他,否,eea.gd 官方
,,惠州学院,普通,26,226,不限,物理,40,543,79243,5500,其他,否,eea.gd 官方
,,惠州学院              /,普通,27,227,不限,物理,40,534,92638,5500,其他,否,eea.gd 官方
,,惠州学院,普通,28,228,不限,物理,183,526,105410,5500,其他,否,eea.gd 官方
,,惠州学院,普通,29,229,不限,物理,90,525,106105,5500,其他,否,eea.gd 官方
,,惠州学院,普通,30,230,不限,物理,134,501,146663,5500,其他,否,eea.gd 官方
,,惠州学院,普通,31,231,不限,物理,43,525,106823,5500,其他,否,eea.gd 官方
,,韶关学院,普通,53,253,不限,物理,235,499,149278,5500,其他,否,eea.gd 官方
,,韶关学院,普通,52,252,不限,物理,88,541,82372,5500,其他,否,eea.gd 官方
,,韶关学院,普通,50,250,不限,物理,80,507,135894,5500,其他,否,eea.gd 官方
,,韶关学院,普通,34,234,不限,物理,50,503,142424,5500,其他,否,eea.gd 官方
,,华南师范大学(地方专项),211,41,241,不限,物理,5,586,32152,5500,广州,否,eea.gd 官方
,,韶关学院,普通,14,214,不限,物理,135,499,150084,5500,其他,否,eea.gd 官方
,,韶关学院,普通,15,215,不限,物理,76,509,131803,5500,其他,否,eea.gd 官方
,,韶关学院,普通,17,217,不限,物理,110,501,145428,5500,其他,否,eea.gd 官方
,,韶关学院,普通,18,218,不限,物理,305,493,160299,5500,其他,否,eea.gd 官方
,,韶关学院,普通,19,219,不限,物理,150,495,157477,5500,其他,否,eea.gd 官方
,,韶关学院（协同培养),普通,20,220,不限,物理,50,488,168364,5500,其他,否,eea.gd 官方
,,韶关学院,普通,21,221,不限,物理,100,510,130370,5500,其他,否,eea.gd 官方
,,韶关学院,普通,22,222,不限,物理,25,521,112637,5500,其他,否,eea.gd 官方
,,韶关学院,普通,23,223,不限,物理,258,506,137672,5500,其他,否,eea.gd 官方
,,韶关学院                                      个,普通,24,224,不限,物理,207,500,148138,5500,其他,否,eea.gd 官方
,,韶关学院,普通,25,225,不限,物理,45,501,146576,5500,其他,否,eea.gd 官方
,,韶关学院                                  X,普通,26,226,不限,物理,25,499,150371,5500,其他,否,eea.gd 官方
,,韶关学院（协同培养)                    人,普通,27,227,不限,物理,50,495,156107,5500,其他,否,eea.gd 官方
,,韶关学院（协同培养）,普通,28,228,不限,物理,40,504,140599,5500,其他,否,eea.gd 官方
,,韶关学院（学分互认）     XV,普通,29,229,不限,物理,15,500,148151,5500,其他,否,eea.gd 官方
,,韶关学院（学分互认）     WA,普通,30,230,不限,物理,30,497,152924,5500,其他,否,eea.gd 官方
,,韶关学院（校企联合培养）,普通,32,232,不限,物理,147,510,130645,5500,其他,否,eea.gd 官方
,,韶关学院,普通,33,233,不限,物理,70,510,131019,5500,其他,否,eea.gd 官方
,,惠州学院,普通,32,232,不限,物理,32,520,113619,5500,其他,否,eea.gd 官方
,,惠州学院,普通,34,234,不限,物理,30,500,148207,5500,其他,否,eea.gd 官方
,,岭南师范学院(协同培养),普通,31,231,不限,物理,40,503,141962,5500,其他,否,eea.gd 官方
,,岭南师范学院,普通,19,219,不限,物理,40,503,142625,5500,其他,否,eea.gd 官方
,,岭南师范学院,普通,09,209,不限,物理,362,490,165082,5500,其他,否,eea.gd 官方
,,岭南师范学院,普通,10,210,不限,物理,633,498,151745,5500,其他,否,eea.gd 官方
,,岭南师范学院,普通,11,211,不限,物理,969,502,143485,5500,其他,否,eea.gd 官方
,,岭南师范学院,普通,13,213,不限,物理,766,499,149376,5500,其他,否,eea.gd 官方
,,岭南师范学院,普通,14,214,不限,物理,108,506,137572,5500,其他,否,eea.gd 官方
,,岭南师范学院,普通,15,215,不限,物理,397,504,141434,5500,其他,否,eea.gd 官方
,,岭南师范学院,普通,16,216,不限,物理,361,503,141861,5500,其他,否,eea.gd 官方
,,岭南师范学院,普通,17,217,不限,物理,25,502,144374,5500,其他,否,eea.gd 官方
,,岭南师范学院,普通,18,218,不限,物理,50,509,132244,5500,其他,否,eea.gd 官方
,,岭南师范学院,普通,20,220,不限,物理,25,501,146322,5500,其他,否,eea.gd 官方
,,惠州学院,普通,35,235,不限,物理,489,518,117196,5500,其他,否,eea.gd 官方
,,岭南师范学院,普通,21,221,不限,物理,40,504,140570,5500,其他,否,eea.gd 官方
,,岭南师范学院,普通,22,222,不限,物理,40,517,119399,5500,其他,否,eea.gd 官方
,,岭南师范学院,普通,23,223,不限,物理,50,515,121887,5500,其他,否,eea.gd 官方
,,岭南师范学院,普通,24,224,不限,物理,50,514,124010,5500,其他,否,eea.gd 官方
,,岭南师范学院                                n,普通,25,225,不限,物理,50,506,137654,5500,其他,否,eea.gd 官方
,,岭南师范学院                                   V,普通,26,226,不限,物理,40,519,115305,5500,其他,否,eea.gd 官方
,,岭南师范学院                        PV&gt;,普通,27,227,不限,物理,60,519,116398,5500,其他,否,eea.gd 官方
,,岭南师范学院                        X,普通,28,228,不限,物理,50,511,128420,5500,其他,否,eea.gd 官方
,,岭南师范学院,普通,29,229,不限,物理,30,519,115320,5500,其他,否,eea.gd 官方
,,岭南师范学院             WA,普通,08,208,不限,物理,175,520,114345,5500,其他,否,eea.gd 官方
,,岭南师范学院              XY,普通,07,207,不限,物理,34,530,98530,5500,其他,否,eea.gd 官方
,,韩山师范学院(中外合作办学）,普通,16,216,不限,物理,45,482,180282,5500,其他,否,eea.gd 官方
,,韩山师范学院(协同培养),普通,15,215,不限,物理,40,490,165905,5500,其他,否,eea.gd 官方
,,惠州学院,普通,36,236,不限,物理,182,512,126443,5500,其他,否,eea.gd 官方
,,惠州学院,普通,37,237,不限,物理,474,519,116246,5500,其他,否,eea.gd 官方
,,惠州学院,普通,38,238,不限,物理,176,497,152692,5500,其他,否,eea.gd 官方
,,惠州学院,普通,39,239,不限,物理,67,523,108858,5500,其他,否,eea.gd 官方
,,惠州学院,普通,40,?240,不限,物理,192,509,132509,5500,其他,否,eea.gd 官方
,,惠州学院,普通,41,241,不限,物理,28,504,140185,5500,其他,否,eea.gd 官方
,,惠州学院(中外合作办学),普通,42,242,不限,物理,60,470,201970,5500,其他,否,eea.gd 官方
,,韩山师范学院,普通,01,201,不限,物理,40,523,109707,5500,其他,否,eea.gd 官方
,,韩山师范学院,普通,02,202,不限,物理,56,517,118752,5500,其他,否,eea.gd 官方
,,韩山师范学院,普通,03,203,不限,物理,430,501,146574,5500,其他,否,eea.gd 官方
,,韩山师范学院,普通,04,204,不限,物理,148,502,144055,5500,其他,否,eea.gd 官方
,,韩山师范学院,普通,05,205,不限,物理,483,504,140539,5500,其他,否,eea.gd 官方
,,韩山师范学院,普通,06,206,不限,物理,444,492,162681,5500,其他,否,eea.gd 官方
,,韩山师范学院,普通,07,207,不限,物理,345,490,164836,5500,其他,否,eea.gd 官方
,,韩山师范学院,普通,08,208,不限,物理,489,498,150485,5500,其他,否,eea.gd 官方
,,韩山师范学院,普通,09,209,不限,物理,257,503,142689,5500,其他,否,eea.gd 官方
,,韩山师范学院                                2,普通,10,210,不限,物理,364,499,149849,5500,其他,否,eea.gd 官方
,,韩山师范学院(协同培养),普通,13,213,不限,物理,25,501,145794,5500,其他,否,eea.gd 官方
,,韩山师范学院(协同培养),普通,14,214,不限,物理,50,497,153669,5500,其他,否,eea.gd 官方
,,华南师范大学(地方专项),211,40,240,不限,物理,15,585,32724,5500,广州,否,eea.gd 官方
,,华南师范大学(地方专项）,211,39,?239,不限,物理,20,592,27786,5500,广州,否,eea.gd 官方
,,华南师范大学(地方专项）,211,38,238,不限,物理,10,573,43959,5500,广州,否,eea.gd 官方
,,广东海洋大学,普通,21,221,不限,物理,112,541,82948,5500,其他,否,eea.gd 官方
,,广东海洋大学           AX,普通,12,212,不限,物理,187,525,106726,5500,其他,否,eea.gd 官方
,,东海洋大学       /          &gt;,普通,13,213,不限,物理,134,523,110208,5500,其他,否,eea.gd 官方
,,东海洋大学,普通,14,214,不限,物理,1021,510,130851,5500,其他,否,eea.gd 官方
,,广东海洋大学,普通,15,215,不限,物理,13,529,99737,5500,其他,否,eea.gd 官方
,,广东海洋大学(地方专项）,普通,16,216,不限,物理,48,525,106037,5500,其他,否,eea.gd 官方
,,广东海洋大学(地方专项),普通,17,217,不限,物理,36,535,91438,5500,其他,否,eea.gd 官方
,,广东海洋大学(地方专项),普通,18,218,不限,物理,8,514,124373,5500,其他,否,eea.gd 官方
,,东海洋大学,普通,19,219,不限,物理,108,511,128208,5500,其他,否,eea.gd 官方
,,东海洋大学,普通,20,220,不限,物理,30,509,131845,5500,其他,否,eea.gd 官方
,,广东海洋大学,普通,22,222,不限,物理,58,533,94643,5500,其他,否,eea.gd 官方
,,华南师范大学(地方专项),211,37,237,不限,物理,5,566,51699,5500,广州,否,eea.gd 官方
,,广东海洋大学,普通,23,223,不限,物理,276,531,97667,5500,其他,否,eea.gd 官方
,,广东海洋大学,普通,24,224,不限,物理,138,511,128517,5500,其他,否,eea.gd 官方
,,东海洋大学（中外合作办学）,普通,25,225,不限,物理,16,518,116799,5500,其他,否,eea.gd 官方
,,广州医科大学,普通,01,201,不限,物理,23,615,13250,5500,其他,否,eea.gd 官方
,,广州医科大学,普通,02,202,不限,物理,1452,557,62058,5500,其他,否,eea.gd 官方
,,广州医科大学(地方专项),普通,05,205,不限,物理,50,525,106336,5500,其他,否,eea.gd 官方
,,广东医科大学,普通,01,201,不限,物理,1083,549,71522,5500,其他,否,eea.gd 官方
,,广东医科大学,普通,02,202,不限,物理,1333,509,132150,5500,其他,否,eea.gd 官方
,,东医科大学,普通,03,203,不限,物理,591,520,114506,5500,其他,否,eea.gd 官方
,,广东海洋大学             v            ?,普通,11,211,不限,物理,281,508,133868,5500,其他,否,eea.gd 官方
,,广广东海洋大学                        X,普通,10,210,不限,物理,490,505,139369,5500,其他,否,eea.gd 官方
,,广东海洋大学                        V&gt;,普通,09,209,不限,物理,107,507,136202,5500,其他,否,eea.gd 官方
,,东海洋大学                                   V,普通,08,208,不限,物理,117,509,131573,5500,其他,否,eea.gd 官方
,,华南农业大学,普通,18,218,不限,物理,454,585,33470,5500,其他,否,eea.gd 官方
,,华南农业大学,普通,19,219,不限,物理,476,580,37202,5500,其他,否,eea.gd 官方
,,华南农业大学              XY,普通,20,220,不限,物理,170,567,50393,5500,其他,否,eea.gd 官方
,,华南农业大学             WA,普通,21,221,不限,物理,131,569,48091,5500,其他,否,eea.gd 官方
,,华南农业大学,普通,22,222,不限,物理,174,566,51573,5500,其他,否,eea.gd 官方
,,华南农业大学,普通,23,223,不限,物理,154,562,56126,5500,其他,否,eea.gd 官方
,,华南农业大学,普通,30,230,不限,物理,37,586,32008,5500,其他,否,eea.gd 官方
,,华南农业大学,普通,33,233,不限,物理,63,563,54535,5500,其他,否,eea.gd 官方
,,华南农业大学(国际班),普通,51,251,不限,物理,50,544,78822,5500,其他,否,eea.gd 官方
,,华南农业大学（国际班）,普通,52,252,不限,物理,180,537,88276,5500,其他,否,eea.gd 官方
,,华南农业大学（中外合作办学）,普通,53,253,不限,物理,138,542,80535,5500,其他,否,eea.gd 官方
,,华南农业大学(地方专项）,普通,71,271,不限,物理,450,529,100360,5500,其他,否,eea.gd 官方
,,广东海洋大学,普通,01,201√,不限,物理,346,543,79492,5500,其他,否,eea.gd 官方
,,东华理工大学(联合培养)                 A,普通,03,203,不限,物理,6,455,230476,5500,其他,否,eea.gd 官方
,,广东海洋大学,普通,03,203,不限,物理,488,506,136679,5500,其他,否,eea.gd 官方
,,广东海洋大学,普通,04,204,不限,物理,445,507,135599,5500,其他,否,eea.gd 官方
,,广东海洋大学,普通,05,205,不限,物理,889,534,92479,5500,其他,否,eea.gd 官方
,,广东海洋大学,普通,06,206,不限,物理,831,514,123358,5500,其他,否,eea.gd 官方
,,东海洋大学,普通,07,207,不限,物理,130,534,93143,5500,其他,否,eea.gd 官方
,,广东医科大学,普通,04,204,不限,物理,450,523,109148,5500,其他,否,eea.gd 官方
,,广东医科大学,普通,05,205,不限,物理,384,518,117201,5500,其他,否,eea.gd 官方
,,广东医科大学(地方专项),普通,08,208,不限,物理,72,528,101105,5500,其他,否,eea.gd 官方
,,华南师范大学,211,16,216,不限,物理,8,613,14654,5500,广州,否,eea.gd 官方
,,华南师范大学,211,18,218,不限,物理,244,599,22739,5500,广州,否,eea.gd 官方
,,华南师范大学                                双,普通,19,219,不限,物理,27,602,20693,5500,其他,否,eea.gd 官方
,,华南师范大学,211,20,220,不限,物理,180,603,19984,5500,广州,否,eea.gd 官方
,,华南师范大学,211,21,221,不限,物理,220,591,28119,5500,广州,否,eea.gd 官方
,,华南师范大学,211,22,222,不限,物理,35,600,21517,5500,广州,否,eea.gd 官方
,,华南师范大学,211,23,223,不限,物理,30,600,21550,5500,广州,否,eea.gd 官方
,,华南师范大学             √,普通,24,224,不限,物理,132,580,37529,5500,其他,否,eea.gd 官方
,,华南师范大学               X,普通,25,225,不限,物理,371,582,35890,5500,其他,否,eea.gd 官方
,,华南师范大学               1,普通,26,226,不限,物理,67,589,30121,5500,其他,否,eea.gd 官方
,,华南师范大学,211,27,227,不限,物理,20,590,29067,5500,广州,否,eea.gd 官方
,,华南师范大学 人,普通,28,228,不限,物理,836,596,24479,5500,其他,否,eea.gd 官方
,,华南师范大学,211,29,229,不限,物理,208,586,32091,5500,广州,否,eea.gd 官方
,,华南师范大学(中外合作办学),211,30,230,不限,物理,300,572,45510,5500,广州,否,eea.gd 官方
,,华南师范大学(中外合作办学),211,31,231,不限,物理,50,575,42093,5500,广州,否,eea.gd 官方
,,华南师范大学(联合培养),211,32,232,不限,物理,230,555,64306,5500,广州,否,eea.gd 官方
,,华南师范大学(联合培养),211,33,233,不限,物理,100,587,31359,5500,广州,否,eea.gd 官方
,,华南师范大学(地方专项),211,34,234,不限,物理,5,571,46422,5500,广州,否,eea.gd 官方
,,华南师范大学(地方专项),211,35,235,不限,物理,10,547,73731,5500,广州,否,eea.gd 官方
,,华南师范大学(地方专项）,211,36,236,不限,物理,5,573,44566,5500,广州,否,eea.gd 官方
,,华南师范大学,211,17,217,不限,物理,123,608,16887,5500,广州,否,eea.gd 官方
,,广东药科大学,普通,07,207,不限,物理,510,505,138472,5500,其他,否,eea.gd 官方
,,广东医科大学(地方专项),普通,09,209,不限,物理,28,523,110160,5500,其他,否,eea.gd 官方
,,广东药科大学（国际班）,普通,06,206,不限,物理,64,519,116206,5500,其他,否,eea.gd 官方
,,广东医科大学,普通,10,210,不限,物理,60,535,90874,5500,其他,否,eea.gd 官方
,,东医科大学,普通,11,211,不限,物理,30,543,80198,5500,其他,否,eea.gd 官方
,,东医科大学(协同培养)                  A,普通,12,212,不限,物理,105,507,135597,5500,其他,否,eea.gd 官方
,,广东医科大学(协同培养),普通,13,213,不限,物理,35,510,131086,5500,其他,否,eea.gd 官方
,,广州中医药大学                         X,普通,01,201,不限,物理,135,603,19907,5500,其他,否,eea.gd 官方
,,广州中医药大学                         人,普通,02,202,不限,物理,630,559,59522,5500,其他,否,eea.gd 官方
,,广州中医药大学,普通,03,203,不限,物理,120,564,53284,5500,其他,否,eea.gd 官方
,,州中医药大学           XV,普通,04,204,不限,物理,374,547,74220,5500,其他,否,eea.gd 官方
,,广州中医药大学         WA,普通,05,205,不限,物理,388,549,71740,5500,其他,否,eea.gd 官方
,,广州中医药大学,普通,06,206,不限,物理,69,548,72683,5500,其他,否,eea.gd 官方
,,广州中医药大学,普通,07,207,不限,物理,88,547,74202,5500,其他,否,eea.gd 官方
,,广州中医药大学(地方专项),普通,10,210,不限,物理,30,559,59606,5500,其他,否,eea.gd 官方
,,广州中医药大学(地方专项),普通,11,211,不限,物理,20,540,83738,5500,其他,否,eea.gd 官方
,,州中医药大学(地方专项）,普通,12,212,不限,物理,5,542,80992,5500,其他,否,eea.gd 官方
,,上东药科大学,普通,01,201,不限,物理,260,554,65158,5500,其他,否,eea.gd 官方
,,广东药科大学,普通,02,202,不限,物理,1070,522,111811,5500,其他,否,eea.gd 官方
,,广东药科大学,普通,03,203,不限,物理,361,520,113816,5500,其他,否,eea.gd 官方
,,广东药科大学,普通,04,204,不限,物理,144,544,78409,5500,其他,否,eea.gd 官方
,,广东药科大学,普通,05,205,不限,物理,2628,502,143557,5500,其他,否,eea.gd 官方
,,岭南师范学院（协同培养）IX,普通,30,230,不限,物理,40,501,146761,5500,其他,否,eea.gd 官方
,,岭南师范学院（中外合作办学）,普通,32,232,不限,物理,75,478,186761,5500,其他,否,eea.gd 官方
,,华南农业大学,普通,16,216,不限,物理,578,574,43607,5500,其他,否,eea.gd 官方
,,桂林电子科技大学,普通,02,202,不限,物理,99,563,54735,5500,其他,否,eea.gd 官方
,,东财经大学(地方专项),普通,19,?219,不限,物理,20,551,68770,5500,其他,否,eea.gd 官方
,,东财经大学(地方专项),普通,20,220,不限,物理,10,533,93510,5500,其他,否,eea.gd 官方
,,广西大学,211,01,201,不限,物理,20,566,51130,5500,其他,否,eea.gd 官方
,,广西大学,211,02,202,不限,物理,45,584,33599,5500,其他,否,eea.gd 官方
,,广西大学,211,03,203,不限,物理,20,567,50257,5500,其他,否,eea.gd 官方
,,西科技大学,普通,01,201,不限,物理,3,522,110912,5500,其他,否,eea.gd 官方
,,西科技大学,普通,02,202,不限,物理,7,511,128565,5500,其他,否,eea.gd 官方
,,广西科技大学,普通,03,203,不限,物理,43,513,125981,5500,其他,否,eea.gd 官方
,,桂林电子科技大学,普通,01,201,不限,物理,21,540,83439,5500,其他,否,eea.gd 官方
,,桂林电子科技大学(本科预科班),普通,05,205,不限,物理,5,456,228598,5500,其他,否,eea.gd 官方
,,广西中医药大学,普通,01,201,不限,物理,19,552,67681,5500,其他,否,eea.gd 官方
,,桂林理工大学,普通,04,204,不限,物理,16,520,113683,5500,其他,否,eea.gd 官方
,,桂林理工大学                                A,普通,05,205,不限,物理,42,520,114042,5500,其他,否,eea.gd 官方
,,桂林理工大学(中外合作办学),普通,06,206,不限,物理,6,522,111256,5500,其他,否,eea.gd 官方
,,广西医科大学                            入,普通,01,201,不限,物理,7,522,111888,5500,其他,否,eea.gd 官方
,,广西医科大学                            人,普通,02,202,不限,物理,16,553,66235,5500,其他,否,eea.gd 官方
,,广西医科大学,普通,03,203,不限,物理,5,541,82091,5500,其他,否,eea.gd 官方
,,右江民族医学院           XY,普通,03,203,不限,物理,1,502,144830,5500,其他,否,eea.gd 官方
,,右江民族医学院           N,普通,04,204,不限,物理,2,497,153990,5500,其他,否,eea.gd 官方
,,右江民族医学院,普通,05,205,不限,物理,27,501,145922,5500,其他,否,eea.gd 官方
,,东财经大学（联合培养）,普通,16,216,不限,物理,40,535,91788,5500,其他,否,eea.gd 官方
,,广东财经大学（联合培养）,普通,14,214,不限,物理,135,533,93683,5500,其他,否,eea.gd 官方
,,广东财经大学,普通,13,213,不限,物理,30,546,75989,5500,其他,否,eea.gd 官方
,,广东财经大学,普通,12,212,不限,物理,729,550,71086,5500,其他,否,eea.gd 官方
,,深圳大学,普通,35,235,不限,物理,34,591,28592,5500,其他,否,eea.gd 官方
,,深圳大学,普通,36,236,不限,物理,51,593,26360,5500,其他,否,eea.gd 官方
,,深圳大学,普通,37,237,不限,物理,166,588,30502,5500,其他,否,eea.gd 官方
,,深圳大学,普通,38,238,不限,物理,77,589,29849,5500,其他,否,eea.gd 官方
,,深圳大学                                       m,普通,39,239,不限,物理,22,596,24701,5500,其他,否,eea.gd 官方
,,深圳大学                                         V,普通,40,240,不限,物理,122,595,25110,5500,其他,否,eea.gd 官方
,,深圳大学,普通,41,241,不限,物理,101,605,18639,5500,其他,否,eea.gd 官方
,,深圳大学,普通,42,242,不限,物理,271,591,28089,5500,其他,否,eea.gd 官方
,,深圳大学（中外合作办学）,普通,43,243,不限,物理,180,578,39128,5500,其他,否,eea.gd 官方
,,深圳大学(地方专项)      X,普通,51,251,不限,物理,70,578,38998,5500,其他,否,eea.gd 官方
,,深圳大学（地方专项）,普通,52,252,不限,物理,15,572,45408,5500,其他,否,eea.gd 官方
,,深圳大学(地方专项),普通,53,253,不限,物理,20,587,31338,5500,其他,否,eea.gd 官方
,,深圳大学(地方专项),普通,54,254,不限,物理,15,557,61446,5500,其他,否,eea.gd 官方
,,深圳大学(地方专项),普通,55,255,不限,物理,75,567,49788,5500,其他,否,eea.gd 官方
,,广东财经大学,普通,02,202,不限,物理,933,543,79414,5500,其他,否,eea.gd 官方
,,东财经大学,普通,04,204,不限,物理,1411,538,86634,5500,其他,否,eea.gd 官方
,,东财经大学,普通,06,206,不限,物理,156,564,54020,5500,其他,否,eea.gd 官方
,,东财经大学,普通,08,208,不限,物理,120,544,78460,5500,其他,否,eea.gd 官方
,,广东财经大学,普通,10,210,不限,物理,75,544,78330,5500,其他,否,eea.gd 官方
,,右江民族医学院,普通,06,206,不限,物理,1,514,124368,5500,其他,否,eea.gd 官方
,,广西中医药大学,普通,03,203,不限,物理,5,539,85494,5500,其他,否,eea.gd 官方
,,肇庆学院        1,普通,08,208,不限,物理,225,502,143718,5500,其他,否,eea.gd 官方
,,四川大学（中外合作办学）,985,03,203,不限,物理,6,612,14904,5500,其他,否,eea.gd 官方
,,西民族大学,普通,05,205,不限,物理,30,507,135766,5500,其他,否,eea.gd 官方
,,西民族大学,普通,06,206,不限,物理,30,541,83029,5500,其他,否,eea.gd 官方
,,广西民族大学（联合培养）,普通,07,207,不限,物理,3,510,131292,5500,其他,否,eea.gd 官方
,,广西民族大学,普通,08,208,不限,物理,9,512,126627,5500,其他,否,eea.gd 官方
,,西民族大学,普通,09,209,不限,物理,10,507,134764,5500,其他,否,eea.gd 官方
,,西民族大学（联合培养）,普通,10,210,不限,物理,5,527,103102,5500,其他,否,eea.gd 官方
,,西民族大学,普通,11,?211,不限,物理,6,506,136648,5500,其他,否,eea.gd 官方
,,广西民族大学,普通,15,215,不限,物理,1,506,136775,5500,其他,否,eea.gd 官方
,,四川大学,985,02,202,不限,物理,4,614,13691,5500,其他,否,eea.gd 官方
,,四川大学,985,04,204,不限,物理,84,618,12055,5500,其他,否,eea.gd 官方
,,广西中医药大学(联合培养),普通,05,205,不限,物理,4,503,142285,5500,其他,否,eea.gd 官方
,,四川大学（中外合作办学）,985,05,205,不限,物理,18,615,13322,5500,其他,否,eea.gd 官方
,,四川大学,985,10,210,不限,物理,8,646,3432,5500,其他,否,eea.gd 官方
,,四川大学(中外合作办学),985,11,211,不限,物理,4,615,13380,5500,其他,否,eea.gd 官方
,,重庆大学,985,03,203,不限,物理,90,616,13017,5500,其他,否,eea.gd 官方
,,重庆大学(中外合作办学),985,04,204,不限,物理,10,608,16889,5500,其他,否,eea.gd 官方
,,西南交通大学,211,03,203,不限,物理,108,586,32283,5500,其他,否,eea.gd 官方
,,西南交通大学(中外合作办学),211,07,207,不限,物理,19,594,26315,5500,其他,否,eea.gd 官方
,,西南交通大学(中外合作办学)            M,普通,08,208,不限,物理,10,573,43749,5500,其他,否,eea.gd 官方
,,电子科技大学,985,02,202,不限,物理,122,640,4697,5500,其他,否,eea.gd 官方
,,西民族大学,普通,04,204,不限,物理,3,528,101372,5500,其他,否,eea.gd 官方
,,上西艺术学院,普通,03,203,不限,物理,8,498,151331,5500,其他,否,eea.gd 官方
,,玉林师范学院,普通,09,209,不限,物理,5,496,155723,5500,其他,否,eea.gd 官方
,,玉林师范学院,普通,08,208,不限,物理,18,489,166663,5500,其他,否,eea.gd 官方
,,桂林医学院,普通,01,201,不限,物理,12,532,95877,5500,其他,否,eea.gd 官方
,,桂林医学院(联合培养),普通,02,202,不限,物理,5,494,157699,5500,其他,否,eea.gd 官方
,,广西师范大学,211,05,205,不限,物理,30,572,45420,5500,其他,否,eea.gd 官方
,,广西师范大学,211,06,206,不限,物理,11,534,92671,5500,其他,否,eea.gd 官方
,,西师范大学(联合培养),普通,07,207,不限,物理,30,516,120695,5500,其他,否,eea.gd 官方
,,广广西师范大学,普通,08,208,不限,物理,30,564,53551,5500,其他,否,eea.gd 官方
,,广西师范大学,211,09,209,不限,物理,4,567,49981,5500,其他,否,eea.gd 官方
,,广西师范大学,211,10,210,不限,物理,5,551,68609,5500,其他,否,eea.gd 官方
,,广西师范大学,211,11,211,不限,物理,10,549,71863,5500,其他,否,eea.gd 官方
,,广西师范大学（联合培养）,211,12,212,不限,物理,1,503,143106,5500,其他,否,eea.gd 官方
,,南宁师范大学                                 vn,普通,03,203,不限,物理,12,516,121145,5500,其他,否,eea.gd 官方
,,南宁师范大学                         1       T,普通,04,204,不限,物理,4,549,72005,5500,其他,否,eea.gd 官方
,,南宁师范大学,普通,05,205,不限,物理,13,530,99458,5500,其他,否,eea.gd 官方
,,南宁师范大学(桂台合作办学),普通,06,206,不限,物理,3,521,113063,5500,其他,否,eea.gd 官方
,,河池学院,普通,01,201,不限,物理,5,501,145403,5500,其他,否,eea.gd 官方
,,河池学院,普通,02,202,不限,物理,5,494,157709,5500,其他,否,eea.gd 官方
,,玉林师范学院        /,普通,05,205,不限,物理,7,496,155187,5500,其他,否,eea.gd 官方
,,玉林师范学院,普通,06,206,不限,物理,25,499,150450,5500,其他,否,eea.gd 官方
,,玉林师范学院 1,普通,07,207,不限,物理,23,491,163305,5500,其他,否,eea.gd 官方
,,深圳大学,普通,34,234,不限,物理,75,589,29998,5500,其他,否,eea.gd 官方
,,深圳大学,普通,33,233/,不限,物理,25,613,14657,5500,其他,否,eea.gd 官方
,,深圳大学,普通,32,232,不限,物理,189,618,12064,5500,其他,否,eea.gd 官方
,,东技术师范大学,普通,03,203,不限,物理,79,550,70828,5500,其他,否,eea.gd 官方
,,嘉应学院                                  2,普通,13,213,不限,物理,49,500,147315,5500,其他,否,eea.gd 官方
,,嘉应学院（联合培养）,普通,14,214,不限,物理,15,492,162079,5500,其他,否,eea.gd 官方
,,嘉应学院（联合培养）,普通,15,215,不限,物理,15,492,162528,5500,其他,否,eea.gd 官方
,,广州体育学院,普通,02,202,不限,物理,15,509,131727,5500,其他,否,eea.gd 官方
,,广州体育学院              XY,普通,03,203,不限,物理,20,516,120589,5500,其他,否,eea.gd 官方
,,广州美术学院             WA,普通,05,205,不限,物理,100,520,114605,5500,其他,否,eea.gd 官方
,,广州美术学院,普通,06,206,不限,物理,137,526,104470,5500,其他,否,eea.gd 官方
,,星海音乐学院,普通,03,203,不限,物理,6,524,108278,5500,其他,否,eea.gd 官方
,,广东技术师范大学,普通,01,201,不限,物理,217,547,74643,5500,其他,否,eea.gd 官方
,,东技术师范大学,普通,04,204,不限,物理,120,543,79657,5500,其他,否,eea.gd 官方
,,深圳大学,普通,31,231,不限,物理,145,595,25235,5500,其他,否,eea.gd 官方
,,东技术师范大学(地方专项）,普通,05,205,不限,物理,20,541,82127,5500,其他,否,eea.gd 官方
,,广东技术师范大学,普通,06,206,不限,物理,331,536,89410,5500,其他,否,eea.gd 官方
,,广东技术师范大学,普通,07,207,不限,物理,332,530,99249,5500,其他,否,eea.gd 官方
,,广东技术师范大学,普通,08,208,不限,物理,386,537,88077,5500,其他,否,eea.gd 官方
,,东技术师范大学,普通,09,209,不限,物理,243,525,106941,5500,其他,否,eea.gd 官方
,,东技术师范大学,普通,10,210,不限,物理,343,535,91023,5500,其他,否,eea.gd 官方
,,东技术师范大学,普通,11,211,不限,物理,115,533,94405,5500,其他,否,eea.gd 官方
,,东技术师范大学,普通,12,212,不限,物理,48,532,96406,5500,其他,否,eea.gd 官方
,,广东技术师范大学,普通,13,213,不限,物理,21,525,106901,5500,其他,否,eea.gd 官方
,,嘉应学院                                      A,普通,12,212,不限,物理,411,496,154222,5500,其他,否,eea.gd 官方
,,嘉应学院,普通,11,211,不限,物理,351,497,153612,5500,其他,否,eea.gd 官方
,,嘉应学院,普通,10,210,不限,物理,253,496,154486,5500,其他,否,eea.gd 官方
,,嘉应学院,普通,09,209,不限,物理,21,520,113491,5500,其他,否,eea.gd 官方
,,肇庆学院           1,普通,09,209,不限,物理,134,504,140590,5500,其他,否,eea.gd 官方
,,肇庆学院,普通,10,210,不限,物理,25,506,137097,5500,其他,否,eea.gd 官方
,,肇庆学院,普通,11,211,不限,物理,280,508,134232,5500,其他,否,eea.gd 官方
,,肇庆学院,普通,12,212,不限,物理,422,508,134624,5500,其他,否,eea.gd 官方
,,肇庆学院,普通,13,213,不限,物理,598,506,136602,5500,其他,否,eea.gd 官方
,,肇庆学院,普通,14,214,不限,物理,464,495,157241,5500,其他,否,eea.gd 官方
,,肇庆学院,普通,15,215,不限,物理,370,495,156368,5500,其他,否,eea.gd 官方
,,肇庆学院,普通,16,216,不限,物理,103,519,115677,5500,其他,否,eea.gd 官方
,,肇庆学院,普通,17,217,不限,物理,40,519,116542,5500,其他,否,eea.gd 官方
,,肇庆学院,普通,18,218,不限,物理,30,528,102219,5500,其他,否,eea.gd 官方
,,肇庆学院,普通,19,?219,不限,物理,92,499,149860,5500,其他,否,eea.gd 官方
,,嘉应学院,普通,01,201,不限,物理,842,495,156681,5500,其他,否,eea.gd 官方
,,嘉应学院,普通,02,202,不限,物理,516,490,165240,5500,其他,否,eea.gd 官方
,,嘉应学院,普通,03,203,不限,物理,1149,490,165415,5500,其他,否,eea.gd 官方
,,嘉应学院,普通,04,204,不限,物理,30,541,82821,5500,其他,否,eea.gd 官方
,,嘉应学院（协同培养）,普通,05,205,不限,物理,50,490,165498,5500,其他,否,eea.gd 官方
,,嘉应学院,普通,06,206,不限,物理,91,512,126816,5500,其他,否,eea.gd 官方
,,嘉应学院,普通,07,207,不限,物理,75,510,131188,5500,其他,否,eea.gd 官方
,,嘉应学院,普通,08,208,不限,物理,45,507,135068,5500,其他,否,eea.gd 官方
,,广东技术师范大学                          x,普通,14,214,不限,物理,72,534,92287,5500,其他,否,eea.gd 官方
,,东技术师范大学,普通,15,215,不限,物理,35,512,127809,5500,其他,否,eea.gd 官方
,,东技术师范大学                             H,普通,16,216,不限,物理,5,545,77193,5500,其他,否,eea.gd 官方
,,东技术师范大学(少数民族班),普通,39,239,不限,物理,15,452,235022,5500,其他,否,eea.gd 官方
,,广东技术师范大学(少数民族班),普通,41,241,不限,物理,5,421,288551,5500,其他,否,eea.gd 官方
,,广东技术师范大学(少数民族班),普通,42,242,不限,物理,20,426,279212,5500,其他,否,eea.gd 官方
,,海南大学,普通,07,207,不限,物理,4,567,50625,5500,其他,否,eea.gd 官方
,,海南大学（中外合作办学）,普通,08,208,不限,物理,8,540,84284,5500,其他,否,eea.gd 官方
,,海南大学,普通,09,209,不限,物理,42,577,40614,5500,其他,否,eea.gd 官方
,,海南大学                                      A,普通,10,210,不限,物理,27,567,50804,5500,其他,否,eea.gd 官方
,,海南大学,普通,11,211,不限,物理,14,570,47219,5500,其他,否,eea.gd 官方
,,海南大学,普通,12,212,不限,物理,2,594,26058,5500,其他,否,eea.gd 官方
,,海南大学,普通,13,213,不限,物理,15,596,24752,5500,其他,否,eea.gd 官方
,,海南大学（中外合作办学）,普通,14,214,不限,物理,5,571,46335,5500,其他,否,eea.gd 官方
,,深圳大学                    XY,普通,21,221,不限,物理,15,628,8237,5500,其他,否,eea.gd 官方
,,深圳大学                   WA,普通,22,222,不限,物理,144,600,21989,5500,其他,否,eea.gd 官方
,,深圳大学,普通,23,223,不限,物理,31,597,23727,5500,其他,否,eea.gd 官方
,,深圳大学,普通,24,224,不限,物理,425,610,15759,5500,其他,否,eea.gd 官方
,,深圳大学,普通,25,225,不限,物理,647,604,19452,5500,其他,否,eea.gd 官方
,,深圳大学IN,普通,27,227,不限,物理,29,610,16114,5500,其他,否,eea.gd 官方
,,深圳大学,普通,28,228,不限,物理,16,610,16162,5500,其他,否,eea.gd 官方
,,深圳大学&gt;,普通,29,229,不限,物理,183,596,24428,5500,其他,否,eea.gd 官方
,,深圳大学,普通,30,230,不限,物理,57,594,26086,5500,其他,否,eea.gd 官方
,,东技术师范大学(少数民族班),普通,40,240,不限,物理,5,461,218007,5500,其他,否,eea.gd 官方
,,广东技术师范大学(少数民族班),普通,38,238,不限,物理,10,447,244961,5500,其他,否,eea.gd 官方
,,东技术师范大学                  &gt;,普通,17,217,不限,物理,68,531,96600,5500,其他,否,eea.gd 官方
,,东技术师范大学(少数民族班),普通,37,237,不限,物理,5,445,247821,5500,其他,否,eea.gd 官方
,,东技术师范大学                  K,普通,18,218,不限,物理,91,531,97846,5500,其他,否,eea.gd 官方
,,广东技术师范大学       v  公,普通,19,219,不限,物理,76,527,102615,5500,其他,否,eea.gd 官方
,,东技术师范大学      AX,普通,20,220,不限,物理,59,525,107023,5500,其他,否,eea.gd 官方
,,东技术师范大学             &gt;,普通,21,221,不限,物理,170,530,98447,5500,其他,否,eea.gd 官方
,,东技术师范大学,普通,22,222,不限,物理,99,537,87626,5500,其他,否,eea.gd 官方
,,东技术师范大学,普通,23,223,不限,物理,104,520,113582,5500,其他,否,eea.gd 官方
,,东技术师范大学,普通,24,224,不限,物理,37,519,116104,5500,其他,否,eea.gd 官方
,,广东技术师范大学(国际班),普通,25,225,不限,物理,100,507,135518,5500,其他,否,eea.gd 官方
,,广东技术师范大学（国际班）,普通,26,226,不限,物理,50,505,138583,5500,其他,否,eea.gd 官方
,,东技术师范大学(国际班),普通,27,227,不限,物理,52,499,148871,5500,其他,否,eea.gd 官方
,,东技术师范大学(少数民族班),普通,28,228,不限,物理,30,433,267886,5500,其他,否,eea.gd 官方
,,东技术师范大学(少数民族班),普通,29,229,不限,物理,30,422,286797,5500,其他,否,eea.gd 官方
,,广东技术师范大学(少数民族班),普通,30,230,不限,物理,15,442,252780,5500,其他,否,eea.gd 官方
,,广东技术师范大学(少数民族班),普通,31,231,不限,物理,10,433,268402,5500,其他,否,eea.gd 官方
,,东技术师范大学(少数民族班),普通,32,232,不限,物理,15,460,219789,5500,其他,否,eea.gd 官方
,,东技术师范大学(少数民族班),普通,33,233,不限,物理,5,457,226278,5500,其他,否,eea.gd 官方
,,东技术师范大学(少数民族班),普通,34,234,不限,物理,10,485,174832,5500,其他,否,eea.gd 官方
,,东技术师范大学(少数民族班),普通,35,235,不限,物理,5,457,225189,5500,其他,否,eea.gd 官方
,,东技术师范大学(少数民族班),普通,36,236,不限,物理,5,433,268188,5500,其他,否,eea.gd 官方
,,华南农业大学,普通,17,217,不限,物理,456,571,46082,5500,其他,否,eea.gd 官方
,,东海洋大学,普通,02,202,不限,物理,189,524,108463,5500,其他,否,eea.gd 官方
,,华南农业大学                                A,普通,15,215,不限,物理,87,561,57338,5500,其他,否,eea.gd 官方
,,菏泽学院,普通,03,203,不限,物理,3,497,152557,5500,其他,否,eea.gd 官方
,,聊城大学&gt;,普通,01,201,不限,物理,2,533,94367,5500,其他,否,eea.gd 官方
,,聊城大学,普通,02,202,不限,物理,3,507,135933,5500,其他,否,eea.gd 官方
,,山东航空学院,普通,02,202,不限,物理,30,512,127807,5500,其他,否,eea.gd 官方
,,山东航空学院,普通,03,203,不限,物理,3,522,110790,5500,其他,否,eea.gd 官方
,,鲁东大学,普通,02,202√,不限,物理,10,508,133084,5500,其他,否,eea.gd 官方
,,临沂大学,普通,02,202,不限,物理,26,513,125814,5500,其他,否,eea.gd 官方
,,临沂大学,普通,03,203,不限,物理,4,513,126300,5500,其他,否,eea.gd 官方
,,泰山学院,普通,01,201,不限,物理,10,494,158836,5500,其他,否,eea.gd 官方
,,菏泽学院,普通,02,202,不限,物理,2,502,144346,5500,其他,否,eea.gd 官方
,,山东财经大学                                vn,普通,02,202,不限,物理,14,542,80763,5500,其他,否,eea.gd 官方
,,河南工业大学,普通,03,203,不限,物理,13,528,101369,5500,其他,否,eea.gd 官方
,,山东财经大学                         1      V,普通,03,203,不限,物理,8,546,75139,5500,其他,否,eea.gd 官方
,,郑州大学                              V&gt;,普通,02,202,不限,物理,7,585,33301,5500,其他,否,eea.gd 官方
,,郑州大学                              X,普通,03,203,不限,物理,14,597,23654,5500,其他,否,eea.gd 官方
,,郑州大学                   v            ?,普通,04,204,不限,物理,12,589,29773,5500,其他,否,eea.gd 官方
,,河南理工大学            AX,普通,03,203,不限,物理,3,534,92485,5500,其他,否,eea.gd 官方
,,河南理工大学               1,普通,04,204,不限,物理,23,533,94117,5500,其他,否,eea.gd 官方
,,河南理工大学(中外合作办学),普通,05,205,不限,物理,8,534,92556,5500,其他,否,eea.gd 官方
,,河南理工大学（中外合作办学）,普通,06,206,不限,物理,6,533,93434,5500,其他,否,eea.gd 官方
,,郑州轻工业大学,普通,02,202,不限,物理,96,513,125434,5500,其他,否,eea.gd 官方
,,山东师范大学(中外合作办学),普通,14,214,不限,物理,3,525,106912,5500,其他,否,eea.gd 官方
,,山东师范大学,普通,13,213,不限,物理,17,529,100503,5500,其他,否,eea.gd 官方
,,山东师范大学,普通,11,211,不限,物理,4,555,64245,5500,其他,否,eea.gd 官方
,,山东师范大学,普通,10,210,不限,物理,7,529,100593,5500,其他,否,eea.gd 官方
,,山东农业大学,普通,02,202,不限,物理,95,514,123116,5500,其他,否,eea.gd 官方
,,青岛农业大学,普通,01,201,不限,物理,22,501,146613,5500,其他,否,eea.gd 官方
,,青岛农业大学,普通,02,202,不限,物理,36,504,141358,5500,其他,否,eea.gd 官方
,,青岛农业大学(中外合作办学),普通,03,203,不限,物理,1,506,137730,5500,其他,否,eea.gd 官方
,,青岛农业大学(中外合作办学),普通,04,204,不限,物理,1,501,145366,5500,其他,否,eea.gd 官方
,,山东第二医科大学,普通,01,201,不限,物理,16,510,131223,5500,其他,否,eea.gd 官方
,,山东第一医科大学,普通,02,202,不限,物理,2,534,91863,5500,其他,否,eea.gd 官方
,,山东第一医科大学,普通,03,203,不限,物理,3,542,80754,5500,其他,否,eea.gd 官方
,,山东第一医科大学,普通,04,204,不限,物理,2,593,27003,5500,其他,否,eea.gd 官方
,,山东第 医科大学,普通,05,205,不限,物理,2,581,36631,5500,其他,否,eea.gd 官方
,,山东第 医科大学,普通,06,206,不限,物理,5,530,98801,5500,其他,否,eea.gd 官方
,,山东第一医科大学                          A,普通,07,207,不限,物理,6,528,102359,5500,其他,否,eea.gd 官方
,,山东第一医科大学,普通,08,208,不限,物理,12,515,121734,5500,其他,否,eea.gd 官方
,,滨州医学院,普通,01,201,不限,物理,10,497,153497,5500,其他,否,eea.gd 官方
,,山东中医药大学,普通,02,202,不限,物理,19,511,129138,5500,其他,否,eea.gd 官方
,,济宁医学院,普通,01,201,不限,物理,6,536,90033,5500,其他,否,eea.gd 官方
,,山东师范大学              XY,普通,07,207,不限,物理,1,565,52872,5500,其他,否,eea.gd 官方
,,山东师范大学             WA,普通,08,208,不限,物理,12,538,86190,5500,其他,否,eea.gd 官方
,,山东师范大学,普通,09,209,不限,物理,2,559,59774,5500,其他,否,eea.gd 官方
,,郑州轻工业大学(中外合作办学),普通,03,203,不限,物理,7,530,98792,5500,其他,否,eea.gd 官方
,,河南工业大学,普通,04,204,不限,物理,24,527,102793,5500,其他,否,eea.gd 官方
,,郑州航空工业管理学院  X,普通,02,202,不限,物理,8,513,125893,5500,其他,否,eea.gd 官方
,,南阳师范学院,普通,06,206,不限,物理,17,500,148621,5500,其他,否,eea.gd 官方
,,河南大学                     W,普通,10,210,不限,物理,85,558,60587,5500,其他,否,eea.gd 官方
,,河南大学,普通,12,212,不限,物理,4,578,39447,5500,其他,否,eea.gd 官方
,,河南师范大学,普通,03,203,不限,物理,3,553,66492,5500,其他,否,eea.gd 官方
,,河南师范大学,普通,04,204,不限,物理,12,519,116662,5500,其他,否,eea.gd 官方
,,信阳师范大学（中外合作办学）,普通,01,201,不限,物理,7,484,176689,5500,其他,否,eea.gd 官方
,,华南农业大学,普通,14,214,不限,物理,34,564,53739,5500,其他,否,eea.gd 官方
,,周口师范学院,普通,03,203,不限,物理,8,496,155243,5500,其他,否,eea.gd 官方
,,南阳师范学院,普通,04,204,不限,物理,3,508,134671,5500,其他,否,eea.gd 官方
,,南阳师范学院,普通,05,205,不限,物理,30,496,155347,5500,其他,否,eea.gd 官方
,,南阳师范学院,普通,07,207,不限,物理,6,492,161617,5500,其他,否,eea.gd 官方
,,河南工业大学,普通,05,205,不限,物理,30,522,110378,5500,其他,否,eea.gd 官方
,,南阳师范学院(中外合作办学）,普通,08,208,不限,物理,30,488,169858,5500,其他,否,eea.gd 官方
,,南阳师范学院（中外合作办学）,普通,09,209,不限,物理,5,485,175046,5500,其他,否,eea.gd 官方
,,南阳师范学院,普通,10,210,不限,物理,20,496,154584,5500,其他,否,eea.gd 官方
,,洛阳师范学院,普通,02,202,不限,物理,18,512,127160,5500,其他,否,eea.gd 官方
,,商丘师范学院                                双,普通,02,202,不限,物理,2,495,156393,5500,其他,否,eea.gd 官方
,,商丘师范学院                                m,普通,03,203,不限,物理,5,497,153701,5500,其他,否,eea.gd 官方
,,商丘师范学院                            V,普通,04,204,不限,物理,1,499,149886,5500,其他,否,eea.gd 官方
,,商丘师范学院                       PV&gt;,普通,05,205,不限,物理,2,492,162199,5500,其他,否,eea.gd 官方
,,河南财经政法大学                  K,普通,02,202,不限,物理,5,544,77922,5500,其他,否,eea.gd 官方
,,河南大学                    XV,普通,09,209,不限,物理,35,543,80196,5500,其他,否,eea.gd 官方
,,河南大学                                    Y,普通,08,208,不限,物理,18,541,82109,5500,其他,否,eea.gd 官方
,,河南大学                                   人,普通,07,207,不限,物理,7,554,65257,5500,其他,否,eea.gd 官方
,,河南大学                                  X,普通,06,206,不限,物理,4,558,61011,5500,其他,否,eea.gd 官方
,,河南工业大学(豫台合作办学),普通,06,206,不限,物理,2,540,83199,5500,其他,否,eea.gd 官方
,,河南工业大学(中外合作办学),普通,07,207,不限,物理,4,513,125671,5500,其他,否,eea.gd 官方
,,河南科技大学,普通,02,202,不限,物理,5,536,88889,5500,其他,否,eea.gd 官方
,,河南科技大学,普通,03,203,不限,物理,43,542,81445,5500,其他,否,eea.gd 官方
,,河南科技大学,普通,04,204,不限,物理,19,507,135261,5500,其他,否,eea.gd 官方
,,河南科技大学,普通,05,205,不限,物理,4,539,85638,5500,其他,否,eea.gd 官方
,,河南科技大学(中外合作办学),普通,06,206,不限,物理,6,523,109901,5500,其他,否,eea.gd 官方
,,河南科技大学(中外合作办学),普通,08,208,不限,物理,4,528,101257,5500,其他,否,eea.gd 官方
,,中原工学院,普通,02,202,不限,物理,10,492,162180,5500,其他,否,eea.gd 官方
,,河南农业大学,普通,03,203,不限,物理,5,526,104273,5500,其他,否,eea.gd 官方
,,河南农业大学,普通,04,204,不限,物理,11,533,93531,5500,其他,否,eea.gd 官方
,,河南农业大学,普通,05,205,不限,物理,6,526,104464,5500,其他,否,eea.gd 官方
,,河南农业大学(中外合作办学),普通,06,206,不限,物理,5,490,165313,5500,其他,否,eea.gd 官方
,,河南科技学院,普通,03,203,不限,物理,8,495,157137,5500,其他,否,eea.gd 官方
,,河南科技学院,普通,04,204,不限,物理,25,490,164607,5500,其他,否,eea.gd 官方
,,河南中医药大学,普通,01,201,不限,物理,17,521,113418,5500,其他,否,eea.gd 官方
,,河南中医药大学,普通,02,202,不限,物理,3,529,99571,5500,其他,否,eea.gd 官方
,,新乡医学院                                   1,普通,01,201,不限,物理,23,544,77730,5500,其他,否,eea.gd 官方
,,河南大学,普通,05,205,不限,物理,15,543,79902,5500,其他,否,eea.gd 官方
,,山东理工大学,普通,03,203,不限,物理,2,532,96358,5500,其他,否,eea.gd 官方
,,山东理工大学,普通,02,202,不限,物理,16,533,93837,5500,其他,否,eea.gd 官方
,,山东理工大学,普通,01,201,不限,物理,2,536,90293,5500,其他,否,eea.gd 官方
,,宜春学院,普通,07,207,不限,物理,14,517,119171,5500,其他,否,eea.gd 官方
,,上饶师范学院,普通,08,208,不限,物理,2,509,132983,5500,其他,否,eea.gd 官方
,,上饶师范学院             v,普通,09,209,不限,物理,4,501,145966,5500,其他,否,eea.gd 官方
,,上饶师范学院            AX,普通,10,210,不限,物理,11,494,158339,5500,其他,否,eea.gd 官方
,,上饶师范学院               ?,普通,11,211,不限,物理,5,508,133245,5500,其他,否,eea.gd 官方
,,上饶师范学院,普通,12,212,不限,物理,4,493,160705,5500,其他,否,eea.gd 官方
,,上饶师范学院 ?,普通,13,213,不限,物理,4,503,142073,5500,其他,否,eea.gd 官方
,,宜春学院,普通,04,204,不限,物理,3,499,150229,5500,其他,否,eea.gd 官方
,,宜春学院,普通,05,205,不限,物理,7,504,141526,5500,其他,否,eea.gd 官方
,,宜春学院,普通,06,206,不限,物理,7,499,149544,5500,其他,否,eea.gd 官方
,,宜春学院,普通,08,208,不限,物理,30,510,131139,5500,其他,否,eea.gd 官方
,,齐鲁工业大学,普通,05,205,不限,物理,65,515,122996,5500,其他,否,eea.gd 官方
,,赣南师范大学,普通,08,208,不限,物理,14,492,162371,5500,其他,否,eea.gd 官方
,,赣南师范大学,普通,09,209,不限,物理,4,537,88672,5500,其他,否,eea.gd 官方
,,赣南师范大学,普通,10,210,不限,物理,4,525,105905,5500,其他,否,eea.gd 官方
,,赣南师范大学,普通,11,211,不限,物理,12,534,92074,5500,其他,否,eea.gd 官方
,,赣南师范大学,普通,12,212,不限,物理,12,522,110717,5500,其他,否,eea.gd 官方
,,赣南师范大学,普通,13,?213,不限,物理,4,540,83611,5500,其他,否,eea.gd 官方
,,井冈山大学,普通,02,202,不限,物理,2,522,111364,5500,其他,否,eea.gd 官方
,,井冈山大学,普通,03,203,不限,物理,6,514,123252,5500,其他,否,eea.gd 官方
,,井冈山大学,普通,04,204,不限,物理,14,517,118405,5500,其他,否,eea.gd 官方
,,江西师范大学,普通,13,213,不限,物理,1,524,107983,5500,其他,否,eea.gd 官方
,,江西师范大学                                  T,普通,07,207,不限,物理,103,524,108495,5500,其他,否,eea.gd 官方
,,江西师范大学                                m,普通,06,206,不限,物理,8,566,51296,5500,其他,否,eea.gd 官方
,,江西师范大学                                x,普通,05,205,不限,物理,42,495,155947,5500,其他,否,eea.gd 官方
,,东华理工大学,普通,04,204,不限,物理,49,528,102556,5500,其他,否,eea.gd 官方
,,南昌航空大学,普通,02,202,不限,物理,7,547,74912,5500,其他,否,eea.gd 官方
,,南昌航空大学,普通,03,203,不限,物理,96,545,77494,5500,其他,否,eea.gd 官方
,,南昌航空大学(中外合作办学）,普通,04,204,不限,物理,8,547,74070,5500,其他,否,eea.gd 官方
,,江西理工大学              XY,普通,03,203,不限,物理,3,535,90988,5500,其他,否,eea.gd 官方
,,江西理工大学            WA,普通,04,204,不限,物理,23,530,99395,5500,其他,否,eea.gd 官方
,,江西理工大学                N,普通,05,205,不限,物理,4,557,61386,5500,其他,否,eea.gd 官方
,,江西理工大学,普通,06,206,不限,物理,106,530,98138,5500,其他,否,eea.gd 官方
,,江西理工大学(中外合作办学),普通,07,207,不限,物理,2,548,73243,5500,其他,否,eea.gd 官方
,,景德镇陶瓷大学,普通,04,204,不限,物理,14,525,106018,5500,其他,否,eea.gd 官方
,,江西农业大学,普通,04,204,不限,物理,16,516,120706,5500,其他,否,eea.gd 官方
,,江西农业大学,普通,06,206,不限,物理,2,549,71495,5500,其他,否,eea.gd 官方
,,江西农业大学,普通,07,207,不限,物理,32,518,117434,5500,其他,否,eea.gd 官方
,,江西中医药大学,普通,02,202,不限,物理,3,516,120299,5500,其他,否,eea.gd 官方
,,江西中医药大学,普通,03,203,不限,物理,30,540,84137,5500,其他,否,eea.gd 官方
,,江西中医药大学,普通,04,204,不限,物理,7,527,103270,5500,其他,否,eea.gd 官方
,,江西中医药大学,普通,05,205,不限,物理,15,558,60483,5500,其他,否,eea.gd 官方
,,赣南医科大学,普通,02,202,不限,物理,31,507,135930,5500,其他,否,eea.gd 官方
,,赣南医科大学                                     ?,普通,03,203,不限,物理,4,519,115566,5500,其他,否,eea.gd 官方
,,井冈山大学,普通,05,205,不限,物理,26,502,143441,5500,其他,否,eea.gd 官方
,,江西财经大学,普通,03,203,不限,物理,1,551,68875,5500,其他,否,eea.gd 官方
,,江西财经大学,普通,04,204,不限,物理,60,546,76205,5500,其他,否,eea.gd 官方
,,中国石油大学(华东）,普通,05,205,不限,物理,15,591,28390,5500,其他,否,eea.gd 官方
,,青岛科技大学,普通,01,201,不限,物理,3,526,105271,5500,其他,否,eea.gd 官方
,,青岛科技大学,普通,02,202,不限,物理,15,537,88231,5500,其他,否,eea.gd 官方
,,青岛科技大学                                x,普通,03,203,不限,物理,24,536,89080,5500,其他,否,eea.gd 官方
,,青岛科技大学                                vn,普通,04,204,不限,物理,2,538,86728,5500,其他,否,eea.gd 官方
,,济南大学                                         T,普通,05,205,不限,物理,19,534,92712,5500,其他,否,eea.gd 官方
,,济南大学                              V&gt;,普通,06,206,不限,物理,4,531,97295,5500,其他,否,eea.gd 官方
,,济南大学                              X,普通,07,207,不限,物理,94,528,101159,5500,其他,否,eea.gd 官方
,,济南大学                   v   A       Y,普通,08,208,不限,物理,5,529,101015,5500,其他,否,eea.gd 官方
,,济南大学                  AX,普通,09,209,不限,物理,3,545,77693,5500,其他,否,eea.gd 官方
,,济南大学            1     1,普通,10,210,不限,物理,2,576,41602,5500,其他,否,eea.gd 官方
,,济南大学,普通,11,211,不限,物理,5,546,76015,5500,其他,否,eea.gd 官方
,,济南大学        ?,普通,15,215,不限,物理,20,532,95763,5500,其他,否,eea.gd 官方
,,青岛理工大学,普通,03,203,不限,物理,9,532,96138,5500,其他,否,eea.gd 官方
,,青岛理工大学,普通,04,204,不限,物理,23,538,86178,5500,其他,否,eea.gd 官方
,,山东建筑大学,普通,03,203,不限,物理,4,519,116350,5500,其他,否,eea.gd 官方
,,山东建筑大学,普通,04,204,不限,物理,15,504,139987,5500,其他,否,eea.gd 官方
,,山东建筑大学(中外合作办学),普通,05,205,不限,物理,30,505,139048,5500,其他,否,eea.gd 官方
,,山东建筑大学（中外合作办学）,普通,06,206,不限,物理,30,497,152293,5500,其他,否,eea.gd 官方
,,齐鲁工业大学,普通,03,203,不限,物理,12,508,134443,5500,其他,否,eea.gd 官方
,,中国石油大学(华东）,普通,07,207,不限,物理,2,586,32588,5500,其他,否,eea.gd 官方
,,中国石油大学（华东）,211,04,204,不限,物理,8,590,29261,5500,其他,否,eea.gd 官方
,,江西财经大学,普通,05,205,不限,物理,30,557,62327,5500,其他,否,eea.gd 官方
,,中国石油大学(华东）,普通,03,203,不限,物理,50,592,27846,5500,其他,否,eea.gd 官方
,,江西财经大学,普通,06,206,不限,物理,27,554,65057,5500,其他,否,eea.gd 官方
,,江西财经大学,普通,07,207,不限,物理,37,551,69088,5500,其他,否,eea.gd 官方
,,江西财经大学（中外合作办学）,普通,35,235,不限,物理,2,547,74755,5500,其他,否,eea.gd 官方
,,江西财经大学(中外合作办学),普通,37,237,不限,物理,2,551,69421,5500,其他,否,eea.gd 官方
,,山东大学                                      A,普通,02,202,不限,物理,6,609,16275,5500,其他,否,eea.gd 官方
,,山东大学                                 0,普通,03,203,不限,物理,113,616,13067,5500,其他,否,eea.gd 官方
,,山东大学,985,04,204,不限,物理,22,612,14824,5500,其他,否,eea.gd 官方
,,山东大学,985,05,205,不限,物理,4,636,5770,5500,其他,否,eea.gd 官方
,,中国海洋大学                        入,普通,05,205,不限,物理,8,599,22642,5500,其他,否,eea.gd 官方
,,中国海洋大学              XY,普通,06,206,不限,物理,6,606,18196,5500,其他,否,eea.gd 官方
,,中国海洋大学            WA,普通,07,207,不限,物理,57,606,18165,5500,其他,否,eea.gd 官方
,,中国海洋大学         N,普通,08,208,不限,物理,59,602,20388,5500,其他,否,eea.gd 官方
,,中国海洋大学     V&gt;,普通,09,209,不限,物理,9,616,13108,5500,其他,否,eea.gd 官方
,,中国海洋大学(中外合作办学),985,10,210,不限,物理,6,602,20526,5500,其他,否,eea.gd 官方
,,中国海洋大学（中外合作办学）,985,12,212,不限,物理,3,608,17266,5500,其他,否,eea.gd 官方
,,中国海洋大学(中外合作办学),985,13,213,不限,物理,4,601,21388,5500,其他,否,eea.gd 官方
,,中国海洋大学（中外合作办学）,985,14,214,不限,物理,4,598,23512,5500,其他,否,eea.gd 官方
,,山东科技大学,普通,02,202,不限,物理,8,550,70366,5500,其他,否,eea.gd 官方
,,中国石油大学（华东）,211,02,202,不限,物理,30,582,35261,5500,其他,否,eea.gd 官方
,,河南财经政法大学       V           Y&gt;,普通,03,203,不限,物理,10,520,114641,5500,其他,否,eea.gd 官方
,,周口师范学院,普通,02,202,不限,物理,5,495,156884,5500,其他,否,eea.gd 官方
,,郑州航空工业管理学院          &gt;,普通,03,203,不限,物理,8,525,106925,5500,其他,否,eea.gd 官方
,,湖南理工学院,普通,05,205,不限,物理,14,532,95753,5500,其他,否,eea.gd 官方
,,湖南师范大学,211,05,205,不限,物理,27,578,39234,5500,其他,否,eea.gd 官方
,,湖南师范大学,211,06,?206,不限,物理,2,588,30687,5500,其他,否,eea.gd 官方
,,湖南师范大学,211,07,207,不限,物理,2,593,26916,5500,其他,否,eea.gd 官方
,,湖南师范大学,211,08,208,不限,物理,4,596,24863,5500,其他,否,eea.gd 官方
,,湖南师范大学,211,09,209,不限,物理,32,593,26565,5500,其他,否,eea.gd 官方
,,湖南师范大学,211,10,210,不限,物理,39,577,40213,5500,其他,否,eea.gd 官方
,,湖南师范大学,211,12,212,不限,物理,2,603,19839,5500,其他,否,eea.gd 官方
,,湖南理工学院,普通,03,203,不限,物理,2,530,99371,5500,其他,否,eea.gd 官方
,,湖南理工学院,普通,04,204,不限,物理,1,504,141631,5500,其他,否,eea.gd 官方
,,湖南理工学院,普通,06,206,不限,物理,10,515,122043,5500,其他,否,eea.gd 官方
,,长沙理工大学,普通,07,207,不限,物理,9,551,69882,5500,其他,否,eea.gd 官方
,,湘南学院,普通,02,202,不限,物理,5,506,138174,5500,其他,否,eea.gd 官方
,,湘南学院,普通,03,203,不限,物理,10,514,124046,5500,其他,否,eea.gd 官方
,,湘南学院                                      A,普通,04,204,不限,物理,10,502,143771,5500,其他,否,eea.gd 官方
,,衡阳师范学院                           1,普通,04,204,不限,物理,2,513,126026,5500,其他,否,eea.gd 官方
,,衡阳师范学院,普通,05,205,不限,物理,9,508,133665,5500,其他,否,eea.gd 官方
,,衡阳师范学院,普通,06,206,不限,物理,3,541,82701,5500,其他,否,eea.gd 官方
,,衡阳师范学院,普通,07,207,不限,物理,5,520,115045,5500,其他,否,eea.gd 官方
,,衡阳师范学院              XY,普通,08,208,不限,物理,3,508,133300,5500,其他,否,eea.gd 官方
,,衡阳师范学院             WA,普通,09,209,不限,物理,3,531,96902,5500,其他,否,eea.gd 官方
,,湖南中医药大学,普通,05,205,不限,物理,72,547,74977,5500,其他,否,eea.gd 官方
,,湖南中医药大学,普通,04,204,不限,物理,2,549,71772,5500,其他,否,eea.gd 官方
,,湖南中医药大学,普通,03,203,不限,物理,2,527,103003,5500,其他,否,eea.gd 官方
,,湖南中医药大学,普通,02,202,不限,物理,30,544,78959,5500,其他,否,eea.gd 官方
,,长沙理工大学(中外合作办学),普通,09,209,不限,物理,2,538,86395,5500,其他,否,eea.gd 官方
,,长沙理工大学(中外合作办学),普通,11,211,不限,物理,5,582,35628,5500,其他,否,eea.gd 官方
,,长沙理工大学(中外合作办学),普通,12,212,不限,物理,4,561,57215,5500,其他,否,eea.gd 官方
,,湖南农业大学,普通,05,205,不限,物理,3,540,84074,5500,其他,否,eea.gd 官方
,,湖南农业大学                                x,普通,06,206,不限,物理,39,529,100686,5500,其他,否,eea.gd 官方
,,湖南农业大学                                vn,普通,07,207,不限,物理,4,535,91204,5500,其他,否,eea.gd 官方
,,湖南农业大学(中外合作办学),普通,08,208,不限,物理,5,523,109642,5500,其他,否,eea.gd 官方
,,湖南农业大学,普通,09,209,不限,物理,3,546,76326,5500,其他,否,eea.gd 官方
,,湖南农业大学,普通,10,210,不限,物理,73,530,98500,5500,其他,否,eea.gd 官方
,,湖南农业大学             v,普通,11,211,不限,物理,58,520,113520,5500,其他,否,eea.gd 官方
,,湖南农业大学,普通,12,212,不限,物理,12,549,71291,5500,其他,否,eea.gd 官方
,,湖南农业大学(中外合作办学),普通,13,213,不限,物理,30,510,129750,5500,其他,否,eea.gd 官方
,,湖南农业大学(中外合作办学）,普通,14,214,不限,物理,15,518,116818,5500,其他,否,eea.gd 官方
,,湖南农业大学?,普通,15,215,不限,物理,3,543,79659,5500,其他,否,eea.gd 官方
,,武汉大学,985,02,202,不限,物理,41,630,7509,5500,武汉,否,eea.gd 官方
,,中南林业科技大学,普通,05,205,不限,物理,4,550,70891,5500,其他,否,eea.gd 官方
,,中南林业科技大学,普通,06,206,不限,物理,139,523,109442,5500,其他,否,eea.gd 官方
,,中南林业科技大学,普通,07,207,不限,物理,2,541,82278,5500,其他,否,eea.gd 官方
,,湖南中医药大学,普通,01,201,不限,物理,30,537,87736,5500,其他,否,eea.gd 官方
,,邵阳学院,普通,04,204,不限,物理,3,499,150049,5500,其他,否,eea.gd 官方
,,邵阳学院,普通,05,205,不限,物理,6,499,150244,5500,其他,否,eea.gd 官方
,,邵阳学院,普通,06,206,不限,物理,4,502,144418,5500,其他,否,eea.gd 官方
,,暨南大学,211,03,203,不限,物理,342,584,34254,5500,广州,否,eea.gd 官方
,,暨南大学,211,05,205,不限,物理,243,583,34753,5500,广州,否,eea.gd 官方
,,暨南大学,211,06,206,不限,物理,203,593,26901,5500,广州,否,eea.gd 官方
,,暨南大学（中外合作办学）,211,07,207,不限,物理,30,594,25767,5500,广州,否,eea.gd 官方
,,暨南大学,211,08,208,不限,物理,9,591,28194,5500,广州,否,eea.gd 官方
,,暨南大学,211,20,220,不限,物理,173,595,25555,5500,广州,否,eea.gd 官方
,,暨南大学,211,21,221,不限,物理,540,597,23945,5500,广州,否,eea.gd 官方
,,暨南大学,211,22,222,不限,物理,145,590,28916,5500,广州,否,eea.gd 官方
,,汕头大学,普通,05,205,不限,物理,169,551,68892,5500,其他,否,eea.gd 官方
,,汕头大学,普通,06,206,不限,物理,367,550,70741,5500,其他,否,eea.gd 官方
,,汕头大学,普通,07,207,不限,物理,1319,555,63811,5500,其他,否,eea.gd 官方
,,汕头大学,普通,08,208,不限,物理,172,550,70026,5500,其他,否,eea.gd 官方
,,汕头大学(地方专项）,普通,09,209,不限,物理,36,535,90392,5500,其他,否,eea.gd 官方
,,华南理工大学,985,02,202,不限,物理,184,637,5640,5500,广州,否,eea.gd 官方
,,华南理工大学,985,03,203,不限,物理,1166,617,12608,5500,广州,否,eea.gd 官方
,,华南理工大学,985,04,204,不限,物理,1155,614,13907,5500,广州,否,eea.gd 官方
,,华南理工大学,985,05,205,不限,物理,304,610,15907,5500,广州,否,eea.gd 官方
,,华南农业大学,普通,10,210,不限,物理,311,569,48709,5500,其他,否,eea.gd 官方
,,华南农业大学,普通,11,211,不限,物理,124,566,51438,5500,其他,否,eea.gd 官方
,,华南农业大学,普通,13,213,不限,物理,82,564,54095,5500,其他,否,eea.gd 官方
,,暨南大学(中外合作办学),211,04,204,不限,物理,58,588,30523,5500,广州,否,eea.gd 官方
,,中山大学       1,普通,21,221,不限,物理,320,624,9420,5500,其他,否,eea.gd 官方
,,邵阳学院,普通,07,207,不限,物理,15,1497,153473,5500,其他,否,eea.gd 官方
,,中山大学,985,20,220,不限,物理,323,633,6728,5500,广州,否,eea.gd 官方
,,邵阳学院,普通,08,208,不限,物理,15,497,152670,5500,其他,否,eea.gd 官方
,,怀化学院,普通,03,203,不限,物理,7,507,135056,5500,其他,否,eea.gd 官方
,,湖南文理学院,普通,03,203,不限,物理,10,512,126370,5500,其他,否,eea.gd 官方
,,湖南科技学院,普通,03,203,不限,物理,18,510,131312,5500,其他,否,eea.gd 官方
,,湖南人文科技学院,普通,04,204,不限,物理,4,501,145365,5500,其他,否,eea.gd 官方
,,湖南人文科技学院（中外合作办学）,普通,05,205,不限,物理,3,493,160625,5500,其他,否,eea.gd 官方
,,湖南人文科技学院,普通,06,206√,不限,物理,9,501,146828,5500,其他,否,eea.gd 官方
,,湖南人文科技学院,普通,07,207,不限,物理,1,526,104706,5500,其他,否,eea.gd 官方
,,湖南工商大学,普通,03,203,不限,物理,1,538,87185,5500,其他,否,eea.gd 官方
,,湖南工商大学,普通,04,204,不限,物理,7,540,84105,5500,其他,否,eea.gd 官方
,,湖南工商大学,普通,05,205,不限,物理,1,561,56698,5500,其他,否,eea.gd 官方
,,南华大学,普通,02,202,不限,物理,80,524,108168,5500,其他,否,eea.gd 官方
,,南华大学                                       vX,普通,03,203,不限,物理,142,522,111824,5500,其他,否,eea.gd 官方
,,南华大学                               1       V,普通,04,204,不限,物理,282,524,108458,5500,其他,否,eea.gd 官方
,,中山大学                              V&gt;,普通,03,203,不限,物理,280,625,9394,5500,其他,否,eea.gd 官方
,,中山大学                              X,普通,05,205,不限,物理,268,638,5409,5500,其他,否,eea.gd 官方
,,中山大学                   V,普通,06,206,不限,物理,465,633,16535,5500,其他,否,eea.gd 官方
,,中山大学                  AX,普通,18,218,不限,物理,404,641,4607,5500,其他,否,eea.gd 官方
,,中山大学              /    V1  &gt;,普通,19,219,不限,物理,435,643,4019,5500,其他,否,eea.gd 官方
,,长沙理工大学,普通,08,208,不限,物理,9,581,36371,5500,其他,否,eea.gd 官方
,,中南林业科技大学,普通,04,204,不限,物理,40,529,100925,5500,其他,否,eea.gd 官方
,,长沙理工大学,普通,06,206,不限,物理,20,549,71912,5500,其他,否,eea.gd 官方
,,武汉理工大学,211,11,211,不限,物理,4,620,11248,5500,武汉,否,eea.gd 官方
,,武汉纺织大学                                M,普通,03,203,不限,物理,8,545,77646,5500,其他,否,eea.gd 官方
,,武汉纺织大学,普通,04,204,不限,物理,30,528,102122,5500,武汉,否,eea.gd 官方
,,武汉轻工大学,普通,03,203,不限,物理,12,540,83286,5500,武汉,否,eea.gd 官方
,,武汉理工大学(中外合作办学),211,04,204,不限,物理,3,587,31198,5500,武汉,否,eea.gd 官方
,,武汉理工大学,211,05,205,不限,物理,221,597,23630,5500,武汉,否,eea.gd 官方
,,长沙理工大学,普通,05,205,不限,物理,210,550,71043,5500,其他,否,eea.gd 官方
,,武汉理工大学（中外合作办学）,211,08,208,不限,物理,6,587,30997,5500,武汉,否,eea.gd 官方
,,武汉理工大学,211,09,209,不限,物理,3,622,10265,5500,武汉,否,eea.gd 官方
,,武汉理工大学,211,10,210,不限,物理,2,623,10128,5500,武汉,否,eea.gd 官方
,,武汉理工大学,211,12,212,不限,物理,2,1618,12146,5500,武汉,否,eea.gd 官方
,,湖北大学,普通,04,204,不限,物理,2,557,61813,5500,武汉,否,eea.gd 官方
,,湖北工业大学,普通,05,205,不限,物理,72,542,80436,5500,武汉,否,eea.gd 官方
,,湖北工业大学(中外合作办学),普通,06,206,不限,物理,57,527,103041,5500,武汉,否,eea.gd 官方
,,华中农业大学,211,03,203,不限,物理,11,581,36198,5500,武汉,否,eea.gd 官方
,,华中农业大学,211,04,204,不限,物理,48,585,32946,5500,武汉,否,eea.gd 官方
,,华中农业大学,211,06,206,不限,物理,3,588,30982,5500,武汉,否,eea.gd 官方
,,湖北中医药大学,普通,04,204√,不限,物理,2,533,94846,5500,武汉,否,eea.gd 官方
,,湖北中医药大学,普通,05,205,不限,物理,2,536,89604,5500,武汉,否,eea.gd 官方
,,湖北中医药大学,普通,06,206,不限,物理,61,516,120289,5500,武汉,否,eea.gd 官方
,,华中师范大学,211,04,204,不限,物理,32,588,30582,5500,武汉,否,eea.gd 官方
,,中国地质大学(武汉),211,09,209,不限,物理,8,593,26692,5500,其他,否,eea.gd 官方
,,中国地质大学(武汉)（中外合作办学),普通,06,206,不限,物理,2,572,44956,5500,其他,否,eea.gd 官方
,,中国地质大学(武汉),211,05,205,不限,物理,101,586,32264,5500,其他,否,eea.gd 官方
,,中国地质大学(武汉),211,04,204,不限,物理,7,582,35425,5500,其他,否,eea.gd 官方
,,武汉大学       1,普通,03,203,不限,物理,168,642,4350,5500,其他,否,eea.gd 官方
,,武汉大学,985,04,204,不限,物理,9,645,3639,5500,武汉,否,eea.gd 官方
,,武汉大学（中外合作办学）,985,05,205,不限,物理,10,603,20111,5500,武汉,否,eea.gd 官方
,,武汉大学（公共卫生类）,985,08,208,不限,物理,10,623,10042,5500,武汉,否,eea.gd 官方
,,华中科技大学,985,03,203,不限,物理,137,643,4089,5500,武汉,否,eea.gd 官方
,,华中科技大学,985,04,204,不限,物理,30,649,2884,5500,武汉,否,eea.gd 官方
,,华中科技大学（中外合作办学）,985,11,211,不限,物理,16,614,14159,5500,武汉,否,eea.gd 官方
,,华中科技大学,985,12,212,不限,物理,23,620,11083,5500,武汉,否,eea.gd 官方
,,武汉科技大学,普通,03,203,不限,物理,4,550,70126,5500,武汉,否,eea.gd 官方
,,武汉科技大学,普通,04,204,不限,物理,19,543,79245,5500,武汉,否,eea.gd 官方
,,武汉科技大学,普通,05,205,不限,物理,68,560,58636,5500,武汉,否,eea.gd 官方
,,长江大学,普通,02,202,不限,物理,5,539,85877,5500,荆州,否,eea.gd 官方
,,长江大学,普通,03,203,不限,物理,2,541,83119,5500,荆州,否,eea.gd 官方
,,长江大学,普通,04,204,不限,物理,1,539,85309,5500,荆州,否,eea.gd 官方
,,长江大学,普通,05,205,不限,物理,42,535,91014,5500,荆州,否,eea.gd 官方
,,长江大学(中外合作办学),普通,06,206,不限,物理,5,504,141712,5500,荆州,否,eea.gd 官方
,,武汉工程大学,普通,02,202,不限,物理,8,535,91534,5500,武汉,否,eea.gd 官方
,,武汉工程大学,普通,03,203,不限,物理,25,554,65585,5500,武汉,否,eea.gd 官方
,,武汉工程大学(中外合作办学),普通,04,204,不限,物理,4,537,88337,5500,武汉,否,eea.gd 官方
,,华中师范大学,211,05,205,不限,物理,33,605,18584,5500,武汉,否,eea.gd 官方
,,武汉理工大学（中外合作办学）?,普通,06,206,不限,物理,6,601,20998,5500,其他,否,eea.gd 官方
,,湖北大学                                       vn,普通,05,205,不限,物理,21,539,84941,5500,其他,否,eea.gd 官方
,,湖北工程学院,普通,04,204,不限,物理,6,517,119374,5500,孝感,否,eea.gd 官方
,,湘潭大学,普通,07,207,不限,物理,46,571,46592,5500,其他,否,eea.gd 官方
,,吉首大学,普通,03,203,不限,物理,14,533,94010,5500,其他,否,eea.gd 官方
,,吉首大学,普通,04,204,不限,物理,9,523,109813,5500,其他,否,eea.gd 官方
,,吉首大学,普通,05,205,不限,物理,5,527,103703,5500,其他,否,eea.gd 官方
,,吉首大学,普通,06,206,不限,物理,8,517,119853,5500,其他,否,eea.gd 官方
,,湖南大学,985,03,203,不限,物理,49,606,18133,5500,其他,否,eea.gd 官方
,,湖南大学,985,04,204,不限,物理,191,611,15579,5500,其他,否,eea.gd 官方
,,湖南大学（本科预科班）,985,06,206,不限,物理,2,578,38929,5500,其他,否,eea.gd 官方
,,中南大学                                  入,普通,02,202,不限,物理,269,620,11102,5500,其他,否,eea.gd 官方
,,中南大学(中外合作办学),985,03,203,不限,物理,18,605,18678,5500,其他,否,eea.gd 官方
,,中南大学,985,04,204,不限,物理,20,629,7946,5500,其他,否,eea.gd 官方
,,中南大学                    XY,普通,06,206,不限,物理,3,663,1177,5500,其他,否,eea.gd 官方
,,湖南科技大学              WA,普通,06,206,不限,物理,3,541,82478,5500,其他,否,eea.gd 官方
,,湖北大学                               ?       V,普通,06,206,不限,物理,91,546,75943,5500,其他,否,eea.gd 官方
,,湖南科技大学,普通,08,208,不限,物理,51,531,97751,5500,其他,否,eea.gd 官方
,,湖南科技大学,普通,09,209,不限,物理,3,554,65854,5500,其他,否,eea.gd 官方
,,湖南科技大学,普通,11,211,不限,物理,1,564,53903,5500,其他,否,eea.gd 官方
,,长沙理工大学,普通,03,203,不限,物理,23,544,78350,5500,其他,否,eea.gd 官方
,,长沙理工大学?,普通,04,204,不限,物理,18,551,68886,5500,其他,否,eea.gd 官方
,,湘潭大学,普通,05,205,不限,物理,21,574,43346,5500,其他,否,eea.gd 官方
,,湖南科技大学,普通,07,207,不限,物理,1,532,95407,5500,其他,否,eea.gd 官方
,,湖北工程学院,普通,03,203,不限,物理,1,516,119899,5500,孝感,否,eea.gd 官方
,,中南财经政法大学(中外合作办学),211,10,210,不限,物理,3,568,49135,5500,武汉,否,eea.gd 官方
,,湖北工程学院,普通,02,202,不限,物理,2,508,133907,5500,孝感,否,eea.gd 官方
,,湖北大学（中外合作办学）         V&gt;,普通,07,207,不限,物理,11,550,71088,5500,其他,否,eea.gd 官方
,,湖北师范大学                         K,普通,02,202,不限,物理,2,558,60896,5500,其他,否,eea.gd 官方
,,湖北师范大学             v            1,普通,03,203,不限,物理,4,549,72184,5500,其他,否,eea.gd 官方
,,湖北文理学院               ?1  &gt;,普通,04,204,不限,物理,7,513,125105,5500,其他,否,eea.gd 官方
,,中南财经政法大学,211,06,206,不限,物理,8,587,31655,5500,武汉,否,eea.gd 官方
,,中南财经政法大学,211,07,207,不限,物理,2,583,34529,5500,武汉,否,eea.gd 官方
,,中南财经政法大学,211,08,208,不限,物理,1,598,23519,5500,武汉,否,eea.gd 官方
,,中南财经政法大学,211,09,209,不限,物理,109,583,34734,5500,武汉,否,eea.gd 官方
,,湖北文理学院            AX,普通,03,203,不限,物理,3,508,134241,5500,其他,否,eea.gd 官方
,,中南财经政法大学,211,11,211,不限,物理,17,596,24467,5500,武汉,否,eea.gd 官方
,,武汉体育学院,普通,04,204,不限,物理,6,522,111083,5500,武汉,否,eea.gd 官方
,,中南民族大学,普通,03,203,不限,物理,7,538,86940,5500,武汉,否,eea.gd 官方
,,中南民族大学,普通,04,204,不限,物理,4,545,76840,5500,武汉,否,eea.gd 官方
,,中南民族大学,普通,05,205,不限,物理,14,541,82365,5500,武汉,否,eea.gd 官方
,,中南民族大学,普通,06,206,不限,物理,15,542,80657,5500,武汉,否,eea.gd 官方
,,湖北汽车工业学院,普通,01,201,不限,物理,2,526,105405,5500,其他,否,eea.gd 官方
,,武汉体育学院,普通,03,203,不限,物理,30,517,119172,5500,武汉,否,eea.gd 官方
,,湖北汽车工业学院(中外合作办学）,普通,02,202,不限,物理,4,521,113250,5500,其他,否,eea.gd 官方
,,广东财经大学,普通,442,,首选物理，再选不限,物理,30,564,54020,5500,其他,否,555edu 逐校
,,嘉应学院,普通,442,,（204）,物理,30,541,82821,5500,其他,否,555edu 逐校
,,广州体育学院,普通,74,,（203）专业组,物理,30,516,120589,5500,其他,否,555edu 逐校
,,广州体育学院,普通,67,,（202）专业组,物理,30,509,131727,5500,其他,否,555edu 逐校
,,星海音乐学院,普通,442,,（203）,物理,30,524,108278,5500,其他,否,555edu 逐校
,,广东技术师范大学,普通,1,,化学,物理|化学,30,547,74643,5500,其他,否,555edu 逐校
,,深圳大学,普通,442,,首选物理，再选化学,物理,30,628,8237,5500,其他,否,555edu 逐校
,,广州航海学院,普通,442,,(202),物理,30,511,129530,5500,其他,否,555edu 逐校
,,广东白云学院,普通,442,,（209）,物理,30,479,185414,5500,其他,否,555edu 逐校
,,广东轻工职业技术大学,普通,442,,（202）,物理,30,535,91785,5500,其他,否,555edu 逐校
,,广州大学,普通,442,,首选物理，再选地理,物理,30,562,55732,5500,其他,否,555edu 逐校
,,广东警官学院,普通,442,,（201）,物理,30,544,78727,5500,其他,否,555edu 逐校
,,仲恺农业工程学院,普通,442,,（204）,物理,30,510,130833,5500,其他,否,555edu 逐校
,,岭南师范学院,普通,442,,（207）,物理,30,530,98530,5500,其他,否,555edu 逐校
,,五邑大学,普通,442,,首选物理，再选不限,物理,30,531,97738,5500,其他,否,555edu 逐校
,,肇庆学院,普通,442,,（218）,物理,30,528,102219,5500,其他,否,555edu 逐校
,,广东医科大学,普通,1,,化学,物理|化学,30,549,71522,5500,其他,否,555edu 逐校
,,韩山师范学院,普通,442,,（201）,物理,30,523,109707,5500,其他,否,555edu 逐校
,,广州中医药大学,普通,1,,化学,物理|化学,30,603,19907,5500,其他,否,555edu 逐校
,,电子科技大学中山学院,普通,1,,化学,物理|化学,30,485,173966,5500,其他,否,555edu 逐校
,,汕头大学,普通,1,,不限,物理,30,551,68892,5500,其他,否,555edu 逐校
,,华南理工大学,985,1,,化学,物理|化学,30,637,5640,5500,广州,否,555edu 逐校
,,华南农业大学,普通,1,,不限,物理,30,569,48709,5500,其他,否,555edu 逐校
,,广东海洋大学,普通,1,,化学,物理|化学,30,543,79492,5500,其他,否,555edu 逐校
,,广州医科大学,普通,1,,化学,物理|化学,30,615,13250,5500,其他,否,555edu 逐校
,,广东药科大学,普通,112,,首选物理，再选化学,物理,30,554,65158,5500,其他,否,555edu 逐校
,,惠州学院,普通,442,,（226）,物理,30,543,79243,5500,其他,否,555edu 逐校
,,广东药科大学,普通,102,,首选物理，再选化学,物理,30,544,78409,5500,其他,否,555edu 逐校
,,广东药科大学,普通,80,,首选物理，再选化学,物理,30,522,111811,5500,其他,否,555edu 逐校
,,广东药科大学,普通,78,,首选物理，再选化学,物理,30,520,113816,5500,其他,否,555edu 逐校
,,广东药科大学,普通,63,,首选物理，再选不限,物理,30,505,138472,5500,其他,否,555edu 逐校
,,广东药科大学,普通,60,,首选物理，再选化学,物理,30,502,143557,5500,其他,否,555edu 逐校
,,广东药科大学,普通,77,,首选物理，再选化学,物理,30,519,116206,5500,其他,否,555edu 逐校
,,广东金融学院,普通,442,,（223）,物理,30,534,92181,5500,其他,否,555edu 逐校
,,暨南大学,211,1,,不限,物理,30,584,34254,5500,广州,否,555edu 逐校
,,广东石油化工学院,普通,442,,（206）,物理,30,514,124618,5500,其他,否,555edu 逐校
,,东莞城市学院,普通,442,,（207）,物理,30,466,210455,5500,其他,否,555edu 逐校
,,广州工商学院,普通,442,,(220),物理,30,446,245409,5500,其他,否,555edu 逐校
,,广州科技职业技术大学,普通,442,,（204）,物理,30,460,220926,5500,其他,否,555edu 逐校
,,广东科技学院,普通,442,,（215）,物理,30,457,226206,5500,其他,否,555edu 逐校
,,广东理工学院,普通,442,,（204),物理,30,442,253768,5500,其他,否,555edu 逐校
,,广东工商职业技术大学,普通,442,,（208),物理,30,450,239336,5500,其他,否,555edu 逐校
,,肇庆医学院,普通,442,,（201),物理,30,490,165744,5500,其他,否,555edu 逐校
,,广州新华学院,普通,442,,（205）,物理,30,485,174579,5500,其他,否,555edu 逐校
,,广州商学院,普通,442,,（205）,物理,30,464,213090,5500,其他,否,555edu 逐校
,,广东第二师范学院,普通,442,,首选物理，再选思想政治,物理,30,542,81233,5500,其他,否,555edu 逐校
,,北京师范大学-香港浸会大学联合国际学院,普通,442,,(205),物理,30,586,32105,5500,其他,否,555edu 逐校
,,深圳北理莫斯科大学,普通,1,,不限,物理,30,555,64634,5500,其他,否,555edu 逐校
,,深圳技术大学,普通,442,,（203）,物理,30,574,42938,5500,其他,否,555edu 逐校
,,广东以色列理工学院,普通,442,,（201）,物理,30,544,78455,5500,其他,否,555edu 逐校
,,哈尔滨工业大学(深圳),985,442,,（202）,物理,30,657,1860,5500,其他,否,555edu 逐校
,,珠海科技学院,普通,442,,(210),物理,30,494,159057,5500,其他,否,555edu 逐校
,,广州应用科技学院,普通,442,,（217）,物理,30,469,203836,5500,其他,否,555edu 逐校
,,东莞理工学院,普通,1,,化学,物理|化学,30,556,62720,5500,其他,否,555edu 逐校
,,广州城市理工学院,普通,1,,化学,物理|化学,30,491,163229,5500,其他,否,555edu 逐校
,,广东工业大学,普通,442,,首选物理，再选化学,物理,30,594,25873,5500,其他,否,555edu 逐校
,,广东外语外贸大学,普通,442,,首选物理，再选化学,物理,30,567,50802,5500,其他,否,555edu 逐校
,,佛山大学,普通,442,,首选物理，再选化学,物理,30,560,57825,5500,其他,否,555edu 逐校
,,广东培正学院,普通,1,,不限,物理,30,463,215525,5500,其他,否,555edu 逐校
,,南方医科大学,普通,442,,首选物理，再选化学,物理,30,649,2977,5500,其他,否,555edu 逐校
,,广东东软学院,普通,1,,化学,物理|化学,30,481,182356,5500,其他,否,555edu 逐校
,,广州软件学院,普通,442,,首选物理，再选化学,物理,30,475,192378,5500,其他,否,555edu 逐校
,,广州华立学院,普通,442,,（203）,物理,30,454,231103,5500,其他,否,555edu 逐校
,,广州南方学院,普通,1,,不限,物理,30,479,186465,5500,其他,否,555edu 逐校
,,广东外语外贸大学南国商学院,普通,442,,（221）,物理,30,483,178818,5500,其他,否,555edu 逐校
,,广州华商学院,普通,1,,不限,物理,30,452,235741,5500,其他,否,555edu 逐校
,,湛江科技学院,普通,1,,不限,物理,30,442,253755,5500,其他,否,555edu 逐校
,,华南农业大学珠江学院,普通,1,,不限,物理,30,472,199117,5500,其他,否,555edu 逐校
,,广州理工学院,普通,1,,化学,物理|化学,30,451,236694,5500,其他,否,555edu 逐校
,,中山大学,985,1,,不限,物理,30,625,9394,5500,广州,否,555edu 逐校
