school_code,school_name,group_code,group_id,plan_count,admitted,min_score,min_rank,year,subject,xuanke_req,is_special
10001,北京大学,203,03,24,28,689,85,2024,物理,不限,否
10002,中国人民大学,202,02,28,28,663,1215,2024,物理,不限,否
10002,中国人民大学,203,03,21,21,667,831,2024,物理,不限,否
10003,清华大学,202,02,10,10,692,53,2024,物理,不限,否
10003,清华大学,203,03,49,51,688,97,2024,物理,不限,否
10004,北京交通大学                                A,202,02,15,15,594,25890,2024,物理,不限,否
10004,北京交通大学                            一,204,04,74,74,615,13369,2024,物理,不限,否
10004,北京交通大学(中外合作办学)        X,205,05,5,5,606,18214,2024,物理,不限,否
10004,北京交通大学（中外合作办学）,206,06,2,2,606,18307,2024,物理,不限,否
10004,北京交通大学,207,07,7,7,627,8570,2024,物理,不限,否
10005,北京工业大学              XV,201,01,4,4,610,16132,2024,物理,不限,否
10005,北京工业大学            WA,202,02,5,5,600,21717,2024,物理,不限,否
10005,北京工业大学,203,03,3,3,617,12677,2024,物理,不限,否
10005,北京工业大学     V&gt;,204,04,4,4,613,14430,2024,物理,不限,否
10006,北京航空航天大学,202,02,108,108,657,1822,2024,物理,不限,否
10006,北京航空航天大学(中外合作办学),206,06,7,7,641,4528,2024,物理,不限,否
10007,北京理工大学,203,03,57,59,656,1983,2024,物理,不限,否
10007,北京理工大学(珠海校区),204,04,10,10,665,1031,2024,物理,不限,否
10008,北京科技大学,204,04,4,4,614,13928,2024,物理,不限,否
10008,北京科技大学,205,05,19,19,613,14438,2024,物理,不限,否
10008,北京科技大学,206,06,44,44,612,14724,2024,物理,不限,否
10010,北京化工大学,202,02,61,61,604,19455,2024,物理,不限,否
10010,北京化工大学,203,03,51,51,601,21313,2024,物理,不限,否
10010,北京化工大学(中外合作办学),204,04,8,8,589,29569,2024,物理,不限,否
10010,北京化工大学(中外合作办学),205,05,11,11,589,29646,2024,物理,不限,否
10011,北京工商大学                                     ?,201,01,10,10,568,49203,2024,物理,不限,否
10011,北京工商大学,202,02,15,15,550,70559,2024,物理,不限,否
10012,北京服装学院                                vn,202,02,1,1,538,87266,2024,物理,不限,否
10012,北京服装学院                         1       V,203,03,9,9,529,100249,2024,物理,不限,否
10013,北京邮电大学,201,01,8,8,651,2681,2024,物理,不限,否
10013,北京邮电大学,202,02,108,108,628,8242,2024,物理,不限,否
10015,北京印刷学院             V    ?,202,02,2,2,543,79037,2024,物理,不限,否
10015,北京印刷学院,203,03,3,3,540,83275,2024,物理,不限,否
10016,北京建筑大学        /    ?1,201,01,2,2,558,60428,2024,物理,不限,否
10016,北京建筑大学,202,02,2,2,569,47773,2024,物理,不限,否
10016,北京建筑大学,203,03,4,4,567,49883,2024,物理,不限,否
10017,北京石油化工学院,201,01,2,2,514,123780,2024,物理,不限,否
10017,北京石油化工学院,202,02,4,0,550,70044,2024,物理,不限,否
10017,北京石油化工学院,203,03,3,0,544,78746,2024,物理,不限,否
10019,中国农业大学,202,02,7,0,610,16237,2024,物理,不限,否
10019,中国农业大学(中外合作办学),203,03,30,0,593,27048,2024,物理,不限,否
10019,中国农业大学,204,04,69,69,610,15801,2024,物理,不限,否
10022,北京林业大学,207,07,17,17,580,37424,2024,物理,不限,否
10022,北京林业大学,208,08,9,9,582,35472,2024,物理,不限,否
10022,北京林业大学,211,11,5,5,590,29366,2024,物理,不限,否
10022,北京林业大学,212,12,12,12,578,39221,2024,物理,不限,否
10022,北京林业大学,?213,13,14,14,578,39416,2024,物理,不限,否
10022,北京林业大学,215,15,27,27,594,26094,2024,物理,不限,否
10022,北京林业大学(中外合作办学),216,16,5,5,573,44688,2024,物理,不限,否
10022,北京林业大学,217,17,2,2,581,36675,2024,物理,不限,否
10022,北京林业大学,219,19,8,8,592,27772,2024,物理,不限,否
10026,北京中医药大学,203,03,2,2,583,34968,2024,物理,不限,否
10026,北京中医药大学,204,04,28,29,592,27086,2024,物理,不限,否
10027,北京师范大学,204,04,8,8,637,5671,2024,物理,不限,否
10027,北京师范大学,206,06,27,27,642,4352,2024,物理,不限,否
10028,首都师范大学,203,03,10,10,594,25639,2024,物理,不限,否
10029,首都体育学院,202,02,5,5,539,84624,2024,物理,不限,否
10030,北京外国语大学,204,04,6,6,619,11520,2024,物理,不限,否
10030,北京外国语大学,205,05,11,11,605,18756,2024,物理,不限,否
10030,北京外国语大学,206,06,2,2,612,14729,2024,物理,不限,否
10030,北京外国语大学,207,07,2,2,615,13205,2024,物理,不限,否
10031,北京第二外国语学院,204,04,1,1,579,37918,2024,物理,不限,否
10031,北京第二外国语学院,205,05,9,9,551,68743,2024,物理,不限,否
10032,北京语言大学              XY,203,03,16,16,560,58696,2024,物理,不限,否
10032,北京语言大学             WA,204,04,4,4,530,99398,2024,物理,不限,否
10032,北京语言大学,205,05,15,15,576,41271,2024,物理,不限,否
10032,北京语言大学,206,06,3,3,568,49380,2024,物理,不限,否
10033,中国传媒大学,204,04,15,15,595,25017,2024,物理,不限,否
10033,中国传媒大学(中外合作办学),205,05,5,5,596,24675,2024,物理,不限,否
10033,中国传媒大学,206,06,31,0,604,19473,2024,物理,不限,否
10033,中国传媒大学(中外合作办学),207,07,12,12,580,37261,2024,物理,不限,否
10033,中国传媒大学,208,08,3,3,610,15867,2024,物理,不限,否
10034,中央财经大学,202,02,63,63,614,13853,2024,物理,不限,否
10034,中央财经大学（中外合作办学）,203,03,15,15,601,21505,2024,物理,不限,否
10036,对外经济贸易大学,203,03,35,35,611,15363,2024,物理,不限,否
10036,对外经济贸易大学,204,04,10,10,611,15357,2024,物理,不限,否
10037,北京物资学院,202,02,30,2,546,76243,2024,物理,不限,否
10037,北京物资学院,203,03,3,3,546,75028,2024,物理,不限,否
10038,首都经济贸易大学,202,02,6,6,576,41029,2024,物理,不限,否
10041,中国人民公安大学,201,01,3,3,608,17162,2024,物理,不限,否
10043,北京体育大学                                x,204,04,2,2,588,30768,2024,物理,不限,否
10043,北京体育大学,205,05,3,3,587,31463,2024,物理,不限,否
10043,北京体育大学(中外合作办学),206,06,2,2,547,74647,2024,物理,不限,否
10043,北京体育大学(中外合作办学),207,07,2,2,533,94685,2024,物理,不限,否
10043,北京体育大学                    &gt;,208,08,1,1,585,32762,2024,物理,不限,否
10043,北京体育大学             √ 1,209,09,2,2,588,30620,2024,物理,不限,否
10046,中国音乐学院              1X,202,02,1,1,586,32552,2024,物理,不限,否
10047,中央美术学院               ?,203,03,2,2,577,40208,2024,物理,不限,否
10047,中央美术学院(中外合作办学),204,04,4,4,577,39804,2024,物理,不限,否
10047,中央美术学院 ?,205,05,3,3,607,17794,2024,物理,不限,否
10050,北京电影学院,202,02,2,2,590,29195,2024,物理,不限,否
10050,北京电影学院,203,03,2,0,601,21271,2024,物理,不限,否
10050,北京电影学院,209,09,2,2,592,27700,2024,物理,不限,否
10050,北京电影学院,210,10,3,3,595,25117,2024,物理,不限,否
10050,北京电影学院,211,11,30,0,593,26790,2024,物理,不限,否
10052,中央民族大学,205,05,20,20,600,21985,2024,物理,不限,否
10052,中央民族大学,206,06,38,0,601,21410,2024,物理,不限,否
10052,中央民族大学（合作办学）,208,08,8,8,596,24774,2024,物理,不限,否
10053,中国政法大学,205,05,3,3,613,14448,2024,物理,不限,否
10053,中国政法大学,206,06,2,2,611,15372,2024,物理,不限,否
10053,中国政法大学,?207,07,36,36,628,8255,2024,物理,不限,否
10054,华北电力大学（北京）,203,03,14,14,590,29146,2024,物理,不限,否
10054,华北电力大学（北京）,204,04,82,82,601,21168,2024,物理,不限,否
10055,南开大学,202,02,10,10,642,4387,2024,物理,不限,否
10055,南开大学,203,03,61,61,641,4434,2024,物理,不限,否
10056,天津大学,203,03,38,38,632,6799,2024,物理,不限,否
10056,天津大学,204,04,35,35,628,8065,2024,物理,不限,否
10057,天津科技大学,203,03,3,3,546,75328,2024,物理,不限,否
10057,天津科技大学(中外合作办学),204,04,3,3,537,88316,2024,物理,不限,否
10057,天津科技大学,205,05,43,43,532,96192,2024,物理,不限,否
10057,天津科技大学(中外合作办学),206,06,3,3,549,71700,2024,物理,不限,否
10058,天津工业大学,202,02,4,4,555,64137,2024,物理,不限,否
10058,天津工业大学                                A,203,03,2,2,576,40754,2024,物理,不限,否
10058,天津工业大学,204,04,38,38,561,56721,2024,物理,不限,否
10058,天津工业大学,205,05,12,12,556,63244,2024,物理,不限,否
10058,天津工业大学,206,06,4,4,560,58401,2024,物理,不限,否
10058,天津工业大学,207,07,2,2,595,25421,2024,物理,不限,否
10058,天津工业大学（中外合作办学）,208,08,6,6,572,45570,2024,物理,不限,否
10059,中国民航大学              WA,205,05,21,21,550,71000,2024,物理,不限,否
10059,中国民航大学                 Y,208,08,167,167,552,67555,2024,物理,不限,否
10060,天津理工大学,201,01,16,16,535,91606,2024,物理,不限,否
10060,天津理工大学(中外合作办学),202,02,8,8,537,88248,2024,物理,不限,否
10061,天津农学院,201,01,4,4,507,136054,2024,物理,不限,否
10061,天津农学院&gt;,202,02,5,5,505,139118,2024,物理,不限,否
10061,天津农学院,203,03,26,0,496,155405,2024,物理,不限,否
10061,天津农学院,204,04,1,11,521,112071,2024,物理,不限,否
10063,天津中医药大学,203,03,30,1,545,76584,2024,物理,不限,否
10063,天津中医药大学,204,04,30,7,547,74090,2024,物理,不限,否
10063,天津中医药大学,205,05,13,13,569,48302,2024,物理,不限,否
10063,天津中医药大学,206,06,5,5,556,63130,2024,物理,不限,否
10063,天津中医药大学,207,07,4,4,544,77729,2024,物理,不限,否
10063,天津中医药大学,208,08,3,3,541,82520,2024,物理,不限,否
10065,天津师范大学,205,05,14,14,532,95089,2024,物理,不限,否
10065,天津师范大学                                vmn,207,07,1,1,566,51678,2024,物理,不限,否
10065,天津师范大学                                   H,208,08,9,9,538,87041,2024,物理,不限,否
10065,天津师范大学                        V&gt;,209,09,4,4,561,57076,2024,物理,不限,否
10065,天津师范大学                        X,210,10,2,2,569,48434,2024,物理,不限,否
10065,天津师范大学             v  公,211,11,10,10,552,67717,2024,物理,不限,否
10065,天津师范大学            AX,213,13,7,7,563,54804,2024,物理,不限,否
10065,天津师范大学                      ?,215,15,3,3,549,72038,2024,物理,不限,否
10065,天津师范大学,216,16,2,2,559,59650,2024,物理,不限,否
10066,天津职业技术师范大学,201,01,2,2,521,112022,2024,物理,不限,否
10066,天津职业技术师范大学,202,02,4,0,506,137525,2024,物理,不限,否
10066,天津职业技术师范大学,203,03,31,0,510,130128,2024,物理,不限,否
10068,天津外国语大学,207,07,11,11,536,89111,2024,物理,不限,否
10068,天津外国语大学,208,08,3,3,533,94533,2024,物理,不限,否
10068,天津外国语大学,211,11,1,0,567,50750,2024,物理,不限,否
10068,天津外国语大学,212,12,30,0,546,76001,2024,物理,不限,否
10069,天津商业大学,204,04,27,27,516,120495,2024,物理,不限,否
10069,天津商业大学(中外合作办学),205,05,6,6,529,100898,2024,物理,不限,否
10069,天津商业大学,206,06,28,28,520,114451,2024,物理,不限,否
10070,天津财经大学,203,03,13,13,550,70755,2024,物理,不限,否
10070,天津财经大学(中外合作办学),204,04,5,5,538,87123,2024,物理,不限,否
10070,天津财经大学,205,05,7,7,555,64189,2024,物理,不限,否
10070,天津财经大学,207,07,14,14,547,74953,2024,物理,不限,否
10071,天津体育学院,202,02,4,4,502,144666,2024,物理,不限,否
10076,河北工程大学,201,01,3,3,522,111719,2024,物理,不限,否
10076,河北工程大学,202,02,13,13,530,98638,2024,物理,不限,否
10076,河北工程大学,203,03,2,2,549,72239,2024,物理,不限,否
10076,河北工程大学,204,04,2,2,541,82282,2024,物理,不限,否
10076,河北工程大学,206,06,2,2,526,104689,2024,物理,不限,否
10077,河北地质大学,202,02,9,9,513,126282,2024,物理,不限,否
10077,河北地质大学,203,03,18,18,514,124006,2024,物理,不限,否
10078,华北水利水电大学,201,01,27,27,546,75758,2024,物理,不限,否
10078,华北水利水电大学(中外合作办学)      W,202,02,2,2,525,106059,2024,物理,不限,否
10079,华北电力大学（保定）                    1,203,03,15,15,584,34305,2024,物理,不限,否
10079,华北电力大学（保定）                    X,204,04,97,97,597,24010,2024,物理,不限,否
10080,河北工业大学                             人,201,01,17,17,600,21636,2024,物理,不限,否
10080,河北工业大学,202,02,6,6,591,28637,2024,物理,不限,否
10080,河北工业大学              XY,203,03,2,2,597,23607,2024,物理,不限,否
10080,河北工业大学              WA,204,04,3,3,604,19217,2024,物理,不限,否
10080,河北工业大学(联合培养),205,05,6,6,580,37396,2024,物理,不限,否
10080,河北工业大学(联合培养),206,06,2,2,589,30124,2024,物理,不限,否
10081,华北理工大学(中外合作办学),204,04,2,2,479,185964,2024,物理,不限,否
10081,华北理工大学,205,05,2,0,508,133212,2024,物理,不限,否
10081,华北理工大学1,206,06,8,0,524,108215,2024,物理,不限,否
10081,华北理工大学,207,07,8,8,526,105246,2024,物理,不限,否
10081,华北理工大学,208,08,4,4,526,104290,2024,物理,不限,否
10081,华北理工大学,211,11,2,0,560,57907,2024,物理,不限,否
10089,河北医科大学,202,02,30,6,532,96093,2024,物理,不限,否
10089,河北医科大学,203,03,12,12,534,92155,2024,物理,不限,否
10089,河北医科大学,204/,04,4,4,536,90062,2024,物理,不限,否
10092,河北北方学院,201,01,10,10,507,135935,2024,物理,不限,否
10093,承德医学院,201,01,3,3,553,66501,2024,物理,不限,否
10094,河北师范大学,202,02,3,3,551,68877,2024,物理,不限,否
10094,河北师范大学,203,03,2,2,550,70971,2024,物理,不限,否
10094,河北师范大学,204,04,4,4,558,60199,2024,物理,不限,否
10094,河北师范大学                                vx,205,05,2,2,548,73336,2024,物理,不限,否
10101,衡水学院                               1,202,02,4,4,494,158029,2024,物理,不限,否
10101,衡水学院                              PV&gt;,203,03,12,12,492,162181,2024,物理,不限,否
10101,衡水学院（中外合作办学）         K,204,04,2,2,489,168047,2024,物理,不限,否
10103,邯郸学院                                     Y,201,01,7,7,490,165802,2024,物理,不限,否
10103,邯郸学院                  AX,202,02,6,6,493,159677,2024,物理,不限,否
10104,邢台学院              /,202,02,2,2,500,148327,2024,物理,不限,否
10105,沧州师范学院,203,03,13,13,492,161651,2024,物理,不限,否
10107,石家庄铁道大学,202,02,1,1,532,95760,2024,物理,不限,否
10107,石家庄铁道大学,203,03,6,6,532,96285,2024,物理,不限,否
10107,石家庄铁道大学,204,04,2,0,563,55074,2024,物理,不限,否
10108,山西大学,202,02,12,0,545,76569,2024,物理,不限,否
10108,山西大学,203,03,11,11,569,48524,2024,物理,不限,否
10109,太原科技大学,201,01,30,12,525,106507,2024,物理,不限,否
10110,中北大学,203,03,5,5,534,92215,2024,物理,不限,否
10110,中北大学,204,04,9,9,525,106082,2024,物理,不限,否
10110,中北大学,205,05,104,104,544,78860,2024,物理,不限,否
10110,中北大学,206,06,40,40,528,102046,2024,物理,不限,否
10110,中北大学,207,07,6,6,530,99268,2024,物理,不限,否
10110,中北大学,208,08,3,3,554,65053,2024,物理,不限,否
10112,太原理工大学,201,01,84,84,584,33690,2024,物理,不限,否
10113,山西农业大学,203,03,7,7,510,130495,2024,物理,不限,否
10113,山西农业大学,204,04,4,4,504,141615,2024,物理,不限,否
10113,山西农业大学,205,05,7,7,506,136719,2024,物理,不限,否
10114,山西医科大学,201,01,8,8,521,112651,2024,物理,不限,否
10114,山西医科大学,202,02,12,12,534,92402,2024,物理,不限,否
10117,长治医学院,201,01,9,9,513,125833,2024,物理,不限,否
10117,长治医学院,202,02,1,1,526,104646,2024,物理,不限,否
10118,山西师范大学,202,02,1,1,537,88645,2024,物理,不限,否
10118,山西师范大学,203,03,6,6,516,121480,2024,物理,不限,否
10118,山西师范大学,204,04,8,8,507,136137,2024,物理,不限,否
10120,山西大同大学                                A,202,02,10,10,538,86678,2024,物理,不限,否
10124,忻州师范学院                            Y,201,01,1,1,496,154600,2024,物理,不限,否
10124,忻州师范学院                            入,202,02,4,4,496,154917,2024,物理,不限,否
10124,忻州师范学院                             人,203,03,2,2,492,161664,2024,物理,不限,否
10125,山西财经大学,202,02,13,13,519,115172,2024,物理,不限,否
10125,山西财经大学              XY,203,03,5,5,537,87651,2024,物理,不限,否
10126,内蒙古大学                 W,205,05,5,5,540,84001,2024,物理,不限,否
10126,内蒙古大学,206,06,5,5,551,69892,2024,物理,不限,否
10126,内蒙古大学,207,07,12,12,567,49972,2024,物理,不限,否
10126,内蒙古大学,208,08,16,16,543,79896,2024,物理,不限,否
10126,内蒙古大学,209,09,3,3,579,38197,2024,物理,不限,否
10126,内蒙古大学M,211,11,6,6,544,78298,2024,物理,不限,否
10126,内蒙古大学,212,12,12,12,543,80025,2024,物理,不限,否
10127,内蒙古科技大学,203,03,5,5,494,158088,2024,物理,不限,否
10127,内蒙古科技大学,204,04,38,38,493,161050,2024,物理,不限,否
10127,内蒙古科技大学,205,05,30,1,502,144905,2024,物理,不限,否
10128,内蒙古工业大学,201,01,30,4,496,154555,2024,物理,不限,否
10128,内蒙古工业大学,202,02,6,6,495,157037,2024,物理,不限,否
10128,内蒙古工业大学,203,03,19,19,500,148312,2024,物理,不限,否
10128,内蒙古工业大学,204,04,18,18,496,154615,2024,物理,不限,否
10128,内蒙古工业大学,205,05,4,4,531,97212,2024,物理,不限,否
10128,内蒙古工业大学                             X,206,06,4,4,527,102729,2024,物理,不限,否
10129,内蒙古农业大学                              vn,202,02,4,4,497,153238,2024,物理,不限,否
10129,内蒙古农业大学,203,03,8,8,490,165051,2024,物理,不限,否
10129,内蒙古农业大学,204,04,11,11,492,161825,2024,物理,不限,否
10132,内蒙古医科大学,201,01,13,13,493,160262,2024,物理,不限,否
10132,内蒙古医科大学          V   &gt;,202,02,2,2,545,77349,2024,物理,不限,否
10135,内蒙古师范大学,202,02,13,13,489,167609,2024,物理,不限,否
10135,内蒙古师范大学     /,203,03,4,4,519,115180,2024,物理,不限,否
10136,内蒙古民族大学,202,02,1,1,495,157180,2024,物理,不限,否
10136,内蒙古民族大学,203,03,10,10,489,167127,2024,物理,不限,否
10136,内蒙古民族大学,204,04,12,12,489,167074,2024,物理,不限,否
10136,内蒙古民族大学,205,05,1,0,496,155002,2024,物理,不限,否
10140,辽宁大学,211,11,8,0,564,53749,2024,物理,不限,否
10140,辽宁大学,212,12,5,5,575,42045,2024,物理,不限,否
10140,辽宁大学(中外合作办学),213,13,30,0,565,52364,2024,物理,不限,否
10140,辽宁大学(中外合作办学),214,14,3,0,544,78148,2024,物理,不限,否
10140,辽宁大学(中外合作办学),215,15,4,4,545,77221,2024,物理,不限,否
10140,辽宁大学,216,16,21,21,580,37281,2024,物理,不限,否
10140,辽宁大学（联合培养）,217,17,1,1,583,34852,2024,物理,不限,否
10141,大连理工大学,202,02,33,33,630,7482,2024,物理,不限,否
10141,大连理工大学(中外合作办学),?203,03,10,10,612,15196,2024,物理,不限,否
10142,沈阳工业大学,202,02,22,22,516,120183,2024,物理,不限,否
10142,沈阳工业大学,203,03,38,38,530,98781,2024,物理,不限,否
10142,沈阳工业大学,204,04,4,4,530,98117,2024,物理,不限,否
10142,沈阳工业大学,205,05,2,2,535,90647,2024,物理,不限,否
10143,沈阳航空航天大学,201,01,7,7,543,79727,2024,物理,不限,否
10144,沈阳理工大学,201,01,20,20,536,89968,2024,物理,不限,否
10144,沈阳理工大学,202,02,1,1,530,98541,2024,物理,不限,否
10144,沈阳理工大学,203,03,1,1,522,110721,2024,物理,不限,否
10144,沈阳理工大学,204,04,1,1,551,68930,2024,物理,不限,否
10145,东北大学,201,01,10,10,603,20204,2024,物理,不限,否
10145,东北大学,202,02,2,2,603,20061,2024,物理,不限,否
10145,东北大学                                      M,203,03,64,64,614,13747,2024,物理,不限,否
10145,东北大学,204,04,6,6,610,15756,2024,物理,不限,否
10145,东北大学                                  X,205,05,5,5,624,9454,2024,物理,不限,否
10145,东北大学                                   人,206,06,6,6,609,16599,2024,物理,不限,否
10145,东北大学,207,07,15,15,617,12246,2024,物理,不限,否
10145,东北大学（中外合作办学）XY,208,08,17,17,592,27591,2024,物理,不限,否
10145,东北大学(中外合作办学)W&gt;,209,09,18,18,595,25600,2024,物理,不限,否
10146,辽宁科技大学,201,01,12,12,512,127217,2024,物理,不限,否
10146,辽宁科技大学(中外合作办学),202,02,4,4,490,164774,2024,物理,不限,否
10147,辽宁工程技术大学,202,02,9,9,532,95162,2024,物理,不限,否
10147,辽宁工程技术大学,204,04,4,0,537,87899,2024,物理,不限,否
10148,辽宁石油化工大学,201,01,10,10,525,106600,2024,物理,不限,否
10148,辽宁石油化工大学(中外合作办学),202,02,5,5,515,122096,2024,物理,不限,否
10149,沈阳化工大学,201,01,1,0,523,109496,2024,物理,不限,否
10149,沈阳化工大学,202,02,30,6,529,100247,2024,物理,不限,否
10149,沈阳化工大学,203,03,12,12,515,122625,2024,物理,不限,否
10149,沈阳化工大学(中外合作办学),204&lt;,04,2,2,513,125206,2024,物理,不限,否
10150,大连交通大学(中外合作办学),202,02,2,2,529,100646,2024,物理,不限,否
10150,大连交通大学,203,03,3,3,522,110376,2024,物理,不限,否
10150,大连交通大学,204,04,18,18,528,101610,2024,物理,不限,否
10150,大连交通大学                                   Y,205,05,2,2,539,84831,2024,物理,不限,否
10150,大连交通大学(中外合作办学),206,06,7,7,526,105531,2024,物理,不限,否
10151,大连海事大学                                vn,203,03,19,19,576,41344,2024,物理,不限,否
10151,大连海事大学(中外合作办学)               V,204,04,2,2,596,24806,2024,物理,不限,否
10151,大连海事大学                        入,205,05,69,69,581,36665,2024,物理,不限,否
10151,大连海事大学（中外合作办学）   X,206,06,14,14,571,45862,2024,物理,不限,否
10152,大连工业大学                               ?,204,04,3,3,521,113122,2024,物理,不限,否
10152,大连工业大学            AX,205,05,5,5,537,88817,2024,物理,不限,否
10152,大连工业大学        /,206,06,1,1,517,118480,2024,物理,不限,否
10152,大连工业大学,207,07,4,4,521,113223,2024,物理,不限,否
10152,大连工业大学 1,208,08,3,3,520,114410,2024,物理,不限,否
10152,大连工业大学,210,10,1,0,527,102733,2024,物理,不限,否
10152,大连工业大学,211,11,2,0,530,99274,2024,物理,不限,否
10152,大连工业大学,212,12,2,2,526,104556,2024,物理,不限,否
10152,大连工业大学(学术互认）,213,13,30,0,539,84674,2024,物理,不限,否
10152,大连工业大学(中外合作办学),214,14,3,0,530,98741,2024,物理,不限,否
10153,沈阳建筑大学,201,01,2,0,544,78516,2024,物理,不限,否
10153,沈阳建筑大学,202,02,7,7,508,134641,2024,物理,不限,否
10153,沈阳建筑大学(中外合作办学),203,03,4,4,504,141029,2024,物理,不限,否
10153,沈阳建筑大学,204,04,17,17,506,138155,2024,物理,不限,否
10153,沈阳建筑大学(中外合作办学）,205,05,6,6,519,116156,2024,物理,不限,否
10158,大连海洋大学,201,01,4,4,505,138594,2024,物理,不限,否
10158,大连海洋大学,202,02,16,16,506,138145,2024,物理,不限,否
10158,大连海洋大学,203,03,9,9,503,142884,2024,物理,不限,否
10159,中国医科大学,201,01,19,19,574,42810,2024,物理,不限,否
10159,中国医科大学(中外合作办学),202,02,6,6,549,72258,2024,物理,不限,否
10160,锦州医科大学,201,01,11,11,545,76869,2024,物理,不限,否
10160,锦州医科大学,202,02,8,8,508,133544,2024,物理,不限,否
10160,锦州医科大学（中外合作办学）,203,03,5,5,490,165727,2024,物理,不限,否
10161,大连医科大学,201,01,2,2,572,45358,2024,物理,不限,否
10161,大连医科大学,202,02,3,3,601,20970,2024,物理,不限,否
10161,大连医科大学,203,03,12,12,585,33204,2024,物理,不限,否
10162,辽宁中医药大学,201,01,26,26,507,134930,2024,物理,不限,否
10163,沈阳药科大学                                A,202,02,3,3,536,89842,2024,物理,不限,否
10163,沈阳药科大学                           2,203,03,31,31,521,113319,2024,物理,不限,否
10164,沈阳医学院,201,01,4,4,550,70968,2024,物理,不限,否
10165,辽宁师范大学(中外合作办学),202,02,3,3,520,113861,2024,物理,不限,否
10167,渤海大学,203,03,1,1,491,164379,2024,物理,不限,否
10167,渤海大学                    XV,204,04,1,1,529,99846,2024,物理,不限,否
10169,鞍山师范学院            VWA,202,02,1,1,498,152189,2024,物理,不限,否
10172,大连外国语大学,203,03,1,1,546,76067,2024,物理,不限,否
10172,大连外国语大学,204,04,12,12,532,96431,2024,物理,不限,否
10172,大连外国语大学,205,05,2,2,544,78481,2024,物理,不限,否
10173,东北财经大学,209,09,23,23,555,64113,2024,物理,不限,否
10173,东北财经大学(中外合作办学),211,11,4,4,552,68214,2024,物理,不限,否
10173,东北财经大学(中外合作办学),212,12,3,3,574,43132,2024,物理,不限,否
10173,东北财经大学(中外合作办学),213,13,3,3,556,63481,2024,物理,不限,否
10173,东北财经大学(中外合作办学),214,14,30,2,537,88730,2024,物理,不限,否
10173,东北财经大学(中外合作办学),215,15,3,3,555,63945,2024,物理,不限,否
10177,沈阳音乐学院,202,02,30,1,499,150359,2024,物理,不限,否
10183,吉林大学,206,06,7,7,619,11407,2024,物理,不限,否
10183,吉林大学,207,07,28,28,603,19791,2024,物理,不限,否
10183,吉林大学,208,08,120,120,607,17900,2024,物理,不限,否
10183,吉林大学                                          Y,209,09,32,32,605,18795,2024,物理,不限,否
10183,吉林大学                                      x,210,10,15,15,618,12157,2024,物理,不限,否
10183,吉林大学                                      m,211,11,28,28,617,12262,2024,物理,不限,否
10183,吉林大学（联合培养）                          H,212,12,5,5,610,15953,2024,物理,不限,否
10183,吉林大学                              V&gt;,213,13,10,10,623,10077,2024,物理,不限,否
10183,吉林大学                              X,215,15,18,18,618,12002,2024,物理,不限,否
10183,吉林大学                   v  /,216,16,3,3,609,16282,2024,物理,不限,否
10184,延边大学                  AX,202,02,19,19,562,55335,2024,物理,不限,否
10184,延边大学                       1   ?,203,03,4,4,571,46601,2024,物理,不限,否
10186,长春理工大学,204,04,4,4,523,110109,2024,物理,不限,否
10186,长春理工大学 1,205,05,16,16,516,121426,2024,物理,不限,否
10186,长春理工大学,206,06,7,7,529,100052,2024,物理,不限,否
10186,长春理工大学        ?,207,07,117,117,547,74069,2024,物理,不限,否
10186,长春理工大学,208,08,8,8,560,58745,2024,物理,不限,否
10186,长春理工大学,209,09,16,16,524,108596,2024,物理,不限,否
10186,长春理工大学,210,10,30,18,532,95043,2024,物理,不限,否
10186,长春理工大学（中外合作办学）,211,11,13,13,554,65497,2024,物理,不限,否
10186,长春理工大学(中外合作办学),212,12,4,4,527,102842,2024,物理,不限,否
10186,长春理工大学(中外合作办学),213,13,27,27,531,97709,2024,物理,不限,否
10186,长春理工大学,214,14,2,2,535,91188,2024,物理,不限,否
10188,东北电力大学,202,02,3,3,548,73475,2024,物理,不限,否
10188,东北电力大学,? 203,03,39,39,566,51802,2024,物理,不限,否
10188,东北电力大学（中外合作办学）,205,05,3,3,574,43530,2024,物理,不限,否
10190,长春工业大学,201,01,7,7,513,126281,2024,物理,不限,否
10190,长春工业大学(中外合作办学),202,02,5,5,504,141214,2024,物理,不限,否
10190,长春工业大学,203,03,3,3,540,83274,2024,物理,不限,否
10190,长春工业大学,204,04,19,19,509,132187,2024,物理,不限,否
10190,长春工业大学,205,05,1,1,525,105851,2024,物理,不限,否
10190,长春工业大学,206,06,5,5,537,88183,2024,物理,不限,否
10190,长春工业大学（中外合作办学）,207,07,5,5,521,112293,2024,物理,不限,否
10191,吉林建筑大学,201,01,8,8,500,147353,2024,物理,不限,否
10191,吉林建筑大学(中外合作办学）,202,02,3,3,506,138127,2024,物理,不限,否
10191,吉林建筑大学,203,03,17,17,497,153047,2024,物理,不限,否
10191,吉林建筑大学（中外合作办学）           A,204,04,2,2,508,134481,2024,物理,不限,否
10193,吉林农业大学,201,01,2,2,509,131999,2024,物理,不限,否
10193,吉林农业大学,202,02,6,6,505,139885,2024,物理,不限,否
10193,吉林农业大学,203,03,3,3,510,131285,2024,物理,不限,否
10199,长春中医药大学,201,01,1,1,534,92484,2024,物理,不限,否
10199,长春中医药大学           XY,202,02,32,32,521,112724,2024,物理,不限,否
10200,东北师范大学            WA,204,04,13,13,588,30487,2024,物理,不限,否
10200,东北师范大学,205,05,3,3,596,24576,2024,物理,不限,否
10201,北华大学,203,03,2,2,497,153925,2024,物理,不限,否
10201,北华大学      A,204,04,2,2,512,127893,2024,物理,不限,否
10203,吉林师范大学,203,03,11,11,514,124702,2024,物理,不限,否
10205,长春师范大学,203,03,2,2,525,106831,2024,物理,不限,否
10205,长春师范大学,204,04,6,6,516,120397,2024,物理,不限,否
10206,白城师范学院,201,01,30,15,495,157066,2024,物理,不限,否
10207,吉林财经大学,206,06,10,10,527,103949,2024,物理,不限,否
10207,吉林财经大学（中外合作办学）,207&lt;,07,30,4,519,116397,2024,物理,不限,否
10207,吉林财经大学,208,08,30,7,525,106261,2024,物理,不限,否
10212,黑龙江大学,202,02,8,8,521,113074,2024,物理,不限,否
10212,黑龙江大学,203,03,126,126,510,129877,2024,物理,不限,否
10212,黑龙江大学,204,04,40,40,507,134831,2024,物理,不限,否
10212,黑龙江大学                                   x,205,05,2,2,552,67910,2024,物理,不限,否
10213,哈尔滨工业大学(中外合作办学)         m,201,01,3,3,626,8917,2024,物理,不限,否
10213,哈尔滨工业大学(中外合作办学)           T,202,02,5,5,605,18515,2024,物理,不限,否
10213,哈尔滨工业大学                     V入,203,03,29,29,664,1117,2024,物理,不限,否
10213,哈尔滨工业大学（中外合作办学）X,204,04,2,2,626,8878,2024,物理,不限,否
10213,哈尔滨工业大学(中外合作办学),207,07,3,3,617,12663,2024,物理,不限,否
10214,哈尔滨理工大学,203,03,23,23,527,103368,2024,物理,不限,否
10214,哈尔滨理工大学,204,04,10,10,511,128484,2024,物理,不限,否
10214,哈尔滨理工大学,205,05,36,36,538,86937,2024,物理,不限,否
10214,哈尔滨理工大学,206,06,42,42,527,103221,2024,物理,不限,否
10214,哈尔滨理工大学,207,07,24,0,554,65611,2024,物理,不限,否
10214,哈尔滨理工大学,208,08,64,64,538,86242,2024,物理,不限,否
10214,哈尔滨理工大学,209,09,72,72,539,85661,2024,物理,不限,否
10214,哈尔滨理工大学,210,10,30,20,525,106490,2024,物理,不限,否
10214,哈尔滨理工大学,211,11,8,8,532,95622,2024,物理,不限,否
10214,哈尔滨理工大学,212,12,8,0,555,64060,2024,物理,不限,否
10216,燕山大学,203,03,2,2,539,85665,2024,物理,不限,否
10216,燕山大学,204,04,38,38,554,66021,2024,物理,不限,否
10217,哈尔滨工程大学,203,03,46,46,609,16311,2024,物理,不限,否
10217,哈尔滨工程大学,204,04,2,2,620,11291,2024,物理,不限,否
10217,哈尔滨工程大学(中外合作办学),205,05,12,12,577,40385,2024,物理,不限,否
10217,哈尔滨工程大学(中外合作办学),206,06,8,8,601,21246,2024,物理,不限,否
10219,黑龙江科技大学,204,04,9,9,504,141117,2024,物理,不限,否
10219,黑龙江科技大学,205,05,58,58,511,128297,2024,物理,不限,否
10220,东北石油大学,203,03,2,2,521,113274,2024,物理,不限,否
10220,东北石油大学,204,04,11,11,529,100944,2024,物理,不限,否
10220,东北石油大学,205,05,7,7,526,105369,2024,物理,不限,否
10222,佳木斯大学,203,03,10,10,493,160965,2024,物理,不限,否
10222,佳木斯大学,204,04,33,33,491,163414,2024,物理,不限,否
10222,佳木斯大学,205,05,27,27,492,161776,2024,物理,不限,否
10222,佳木斯大学,206,06,5,5,504,140333,2024,物理,不限,否
10224,东北农业大学                                A,204,04,8,8,557,61275,2024,物理,不限,否
10224,东北农业大学,205,05,3,3,558,60589,2024,物理,不限,否
10224,东北农业大学,206,06,37,37,563,55214,2024,物理,不限,否
10224,东北农业大学,207,07,36,36,552,68339,2024,物理,不限,否
10224,东北农业大学,208,08,4,4,563,54228,2024,物理,不限,否
10224,东北农业大学(中外合作办学）,209,09,2,2,545,77490,2024,物理,不限,否
10224,东北农业大学(中外合作办学),210,10,2,2,555,63641,2024,物理,不限,否
10224,东北农业大学（中外合作办学）,211,11,2,2,548,72919,2024,物理,不限,否
10224,东北农业大学(中外合作办学),212,12,2,2,544,78361,2024,物理,不限,否
10225,东北林业大学,202,02,6,6,562,56098,2024,物理,不限,否
10225,东北林业大学(中外合作办学),206,06,2,2,559,59679,2024,物理,不限,否
10225,东北林业大学(中外合作办学),207,07,2,2,574,43552,2024,物理,不限,否
10226,哈尔滨医科大学,201,01,4,0,542,81101,2024,物理,不限,否
10226,哈尔滨医科大学,202,02,28,28,553,66992,2024,物理,不限,否
10226,哈尔滨医科大学,203,03,30,1,590,28970,2024,物理,不限,否
10228,黑龙江中医药大学,201/,01,2,2,511,128754,2024,物理,不限,否
10228,黑龙江中医药大学,202,02,26,26,509,131743,2024,物理,不限,否
10228,黑龙江中医药大学,203,03,27,27,556,62558,2024,物理,不限,否
10229,牡丹江医科大学,201,01,6,6,526,104443,2024,物理,不限,否
10229,牡丹江医科大学,202,02,7,7,538,87095,2024,物理,不限,否
10231,哈尔滨师范大学                             x,204,04,3,3,532,95958,2024,物理,不限,否
10231,哈尔滨师范大学                             vn,205,05,5,5,515,122484,2024,物理,不限,否
10231,哈尔滨师范大学                      1       V,206,06,5,5,545,76808,2024,物理,不限,否
10231,哈尔滨师范大学                     V&gt;,207,07,26,26,507,135733,2024,物理,不限,否
10232,齐齐哈尔大学                        X,204,04,3,3,496,154227,2024,物理,不限,否
10232,齐齐哈尔大学             v            ?,205,05,3,3,498,151583,2024,物理,不限,否
10232,齐齐哈尔大学            AX,206,06,38,38,497,153601,2024,物理,不限,否
10232,齐齐哈尔大学                 1  &gt;,207,07,45,45,490,166412,2024,物理,不限,否
10233,牡丹江师范学院,203,03,2,2,493,161003,2024,物理,不限,否
10233,牡丹江师范学院,204,04,20,20,491,163979,2024,物理,不限,否
10233,牡丹江师范学院,205,05,2,2,494,158407,2024,物理,不限,否
10234,哈尔滨学院,204,04,12,0,493,159252,2024,物理,不限,否
10240,哈尔滨商业大学,203,03,6,61,504,141605,2024,物理,不限,否
10240,哈尔滨商业大学,204,04,62,62,498,151126,2024,物理,不限,否
10240,哈尔滨商业大学,205,05,30,54,496,154294,2024,物理,不限,否
10242,哈尔滨体育学院,203,03,20,20,490,165386,2024,物理,不限,否
10245,哈尔滨金融学院,202,02,9,0,497,153693,2024,物理,不限,否
10246,复旦大学,203,03,4,4,674,457,2024,物理,不限,否
10246,复旦大学,204,04,4,4,687,111,2024,物理,不限,否
10246,复旦大学,205,05,34,34,677,316,2024,物理,不限,否
10246,复旦大学,206,06,25,25,672,538,2024,物理,不限,否
10247,同济大学,202,02,59,59,650,2722,2024,物理,不限,否
10247,同济大学,203,03,9,9,643,4165,2024,物理,不限,否
10247,同济大学(中外合作办学),204,04,7,7,642,4348,2024,物理,不限,否
10247,同济大学,207,07,22,22,643,4094,2024,物理,不限,否
10248,上海交通大学,202,02,4,4,687,104,2024,物理,不限,否
10248,上海交通大学,203,03,93,93,674,478,2024,物理,不限,否
10248,上海交通大学(中外合作办学),204,04,50,50,668,796,2024,物理,不限,否
10251,华东理工大学,202,02,4,4,605,18546,2024,物理,不限,否
10251,华东理工大学,203,03,38,38,609,16440,2024,物理,不限,否
10252,上海理工大学,203,03,21,21,588,30169,2024,物理,不限,否
10252,上海理工大学(中外合作办学),204,04,10,10,577,39975,2024,物理,不限,否
10254,上海海事大学                                A,202,02,8,8,575,41797,2024,物理,不限,否
10254,上海海事大学,203,03,93,93,553,67150,2024,物理,不限,否
10255,东华大学,204,04,33,33,595,25293,2024,物理,不限,否
10256,上海电力大学,201,01,8,8,602,20292,2024,物理,不限,否
10256,上海电力大学（中外合作办学）,202,02,2,2,603,19713,2024,物理,不限,否
10259,上海应用技术大学       XY,201,01,17,17,559,59546,2024,物理,不限,否
10259,上海应用技术大学       WA,203,03,5,5,563,54837,2024,物理,不限,否
10259,上海应用技术大学,204,04,2,2,558,60820,2024,物理,不限,否
10262,上海健康医学院X&gt;,201,01,20,20,518,116846,2024,物理,不限,否
10262,上海健康医学院,202,02,10,10,520,114893,2024,物理,不限,否
10264,上海海洋大学,204,04,24,24,568,48970,2024,物理,不限,否
10264,上海海洋大学,205,05,11,11,564,53448,2024,物理,不限,否
10269,华东师范大学,204,04,2,2,633,6502,2024,物理,不限,否
10269,华东师范大学,205,05,34,34,630,7430,2024,物理,不限,否
10270,上海师范大学(中外合作办学),202,02,30,3,547,74433,2024,物理,不限,否
10271,上海外国语大学(中外合作办学),205,05,2,2,600,21572,2024,物理,不限,否
10271,上海外国语大学,206&lt;,06,15,15,603,20051,2024,物理,不限,否
10272,上海财经大学,203,03,34,34,615,13602,2024,物理,不限,否
10272,上海财经大学,204,04,10,10,625,9258,2024,物理,不限,否
10274,上海海关学院,202,02,21,21,561,57149,2024,物理,不限,否
10274,上海海关学院,203,03,10,10,568,48989,2024,物理,不限,否
10276,华东政法大学,202,02,14,14,604,19638,2024,物理,不限,否
10277,上海体育大学                                 m,202,02,2,2,553,67282,2024,物理,不限,否
10277,上海体育大学                                   V,203,03,3,3,559,59351,2024,物理,不限,否
10280,上海大学(中外合作办学),201,01,6,6,606,18244,2024,物理,不限,否
10284,南京大学,202,02,3,3,665,1009,2024,物理,不限,否
10284,南京大学,203,03,91,91,667,894,2024,物理,不限,否
10284,南京大学（中外合作办学）,204,04,6,6,645,3701,2024,物理,不限,否
10285,苏州大学              /,205,05,4,4,586,32512,2024,物理,不限,否
10285,苏州大学,206,06,1,1,612,14816,2024,物理,不限,否
10285,苏州大学        L,207,07,20,20,610,16148,2024,物理,不限,否
10285,苏州大学,208,08,24,24,596,24393,2024,物理,不限,否
10285,苏州大学,209,09,1,0,621,10754,2024,物理,不限,否
10285,苏州大学,210,10,2,21,586,31886,2024,物理,不限,否
10286,东南大学,203,03,77,0,651,2614,2024,物理,不限,否
10287,南京航空航天大学,201,01,30,65,615,13550,2024,物理,不限,否
10287,南京航空航天大学(中外合作办学),203,03,2,0,606,17913,2024,物理,不限,否
10288,南京理工大学,202,02,8,8,601,20947,2024,物理,不限,否
10288,南京理工大学,203,03,62,62,610,15931,2024,物理,不限,否
10289,江苏科技大学,203,03,2,2,558,60626,2024,物理,不限,否
10289,江苏科技大学,204,04,3,3,563,54182,2024,物理,不限,否
10289,江苏科技大学,205,05,13,13,559,59686,2024,物理,不限,否
10289,江苏科技大学,206,06,17,17,543,79717,2024,物理,不限,否
10289,江苏科技大学,207,07,14,14,537,88631,2024,物理,不限,否
10290,中国矿业大学,203,03,12,12,581,36276,2024,物理,不限,否
10290,中国矿业大学,205,05,98,98,598,23052,2024,物理,不限,否
10290,中国矿业大学（中外合作办学）,207,07,3,3,572,45282,2024,物理,不限,否
10290,中国矿业大学(中外合作办学),209,09,3,3,577,40553,2024,物理,不限,否
10291,南京工业大学,202,02,28,28,566,50966,2024,物理,不限,否
10292,常州大学,202,02,1,1,565,53009,2024,物理,不限,否
10292,常州大学,203,03,14,14,534,92115,2024,物理,不限,否
10292,常州大学,204,04,8,8,541,83055,2024,物理,不限,否
10292,常州大学,205,05,5,5,534,93178,2024,物理,不限,否
10293,南京邮电大学                                M,201,01,146,146,603,20104,2024,物理,不限,否
10294,河海大学                                  一,204,04,9,9,589,30034,2024,物理,不限,否
10294,河海大学,205,05,140,140,581,36697,2024,物理,不限,否
10294,河海大学(中外合作办学),206,06,6,6,575,42160,2024,物理,不限,否
10295,江南大学（中外合作办学）,204,04,3,3,580,37097,2024,物理,不限,否
10295,江南大学                    XY,205,05,12,12,591,28478,2024,物理,不限,否
10295,江南大学                   WA,206,06,22,22,591,28518,2024,物理,不限,否
10295,江南大学,207,07,2,2,613,14236,2024,物理,不限,否
10295,江南大学（中外合作办学）,208,08,6,6,586,31987,2024,物理,不限,否
10298,南京林业大学,203,03,9,9,562,55576,2024,物理,不限,否
10298,南京林业大学,204,04,40,40,558,60388,2024,物理,不限,否
10298,南京林业大学,205,05,53,53,551,69387,2024,物理,不限,否
10299,江苏大学,202,02,3,3,569,47998,2024,物理,不限,否
10299,江苏大学,203,03,39,39,572,45491,2024,物理,不限,否
10300,南京信息工程大学,204,04,12,0,579,38062,2024,物理,不限,否
10300,南京信息工程大学(中外合作办学),205,05,30,3,563,55112,2024,物理,不限,否
10300,南京信息工程大学,206,06,62,62,583,34749,2024,物理,不限,否
10300,南京信息工程大学（中外合作办学）,207A,07,18,18,567,50365,2024,物理,不限,否
10304,南通大学,205,05,30,4,534,92770,2024,物理,不限,否
10304,南通大学,206,06,20,20,532,95327,2024,物理,不限,否
10304,南通大学,207,07,18,18,534,92549,2024,物理,不限,否
10305,盐城工学院                                       Y,201,01,2,2,530,98626,2024,物理,不限,否
10305,盐城工学院                                   x,202,02,3,3,502,145012,2024,物理,不限,否
10307,南京农业大学                                vn,204,04,18,18,576,40786,2024,物理,不限,否
10307,南京农业大学                                   V,205,05,73,73,580,37746,2024,物理,不限,否
10312,南京医科大学                        V&gt;,202,02,2,2,575,42688,2024,物理,不限,否
10312,南京医科大学                        X,203,03,11,11,578,39262,2024,物理,不限,否
10315,南京中医药大学          v,201,01,18,18,556,63237,2024,物理,不限,否
10316,中国药科大学            AX,203,03,22,22,605,18894,2024,物理,不限,否
10316,中国药科大学,204,04,11,11,602,20740,2024,物理,不限,否
10316,中国药科大学(中外合作办学),205,05,4,4,596,24848,2024,物理,不限,否
10319,南京师范大学 ?,202,02,4,4,587,31341,2024,物理,不限,否
10319,南京师范大学,203,03,11,11,583,34341,2024,物理,不限,否
10320,江苏师范大学(中外合作办学),205,05,2,0,531,96561,2024,物理,不限,否
10320,江苏师范大学,206,06,7,71,551,69382,2024,物理,不限,否
10320,江苏师范大学(中外合作办学),207,07,10,10,525,106173,2024,物理,不限,否
10324,盐城师范学院,202,02,30,10,497,152835,2024,物理,不限,否
10324,盐城师范学院,203,03,30,2,505,139681,2024,物理,不限,否
10324,盐城师范学院,204,04,16,16,498,150531,2024,物理,不限,否
10327,南京财经大学,204,04,19,19,551,69560,2024,物理,不限,否
10327,南京财经大学（中外合作办学）,205,05,2,2,535,91335,2024,物理,不限,否
10327,南京财经大学,206,06,6,6,552,67693,2024,物理,不限,否
10330,南京体育学院,201,01,6,6,508,134290,2024,物理,不限,否
10331,南京艺术学院,202,02,1,1,542,80513,2024,物理,不限,否
10332,苏州科技大学,203,03,4,4,546,76125,2024,物理,不限,否
10332,苏州科技大学(中外合作办学),204,04,2,2,527,103292,2024,物理,不限,否
10332,苏州科技大学,205,05,5,5,543,79590,2024,物理,不限,否
10332,苏州科技大学(中外合作办学),206,06,2,2,527,104045,2024,物理,不限,否
10333,常熟理工学院,201,01,10,10,528,102019,2024,物理,不限,否
10335,浙江大学,202,02,59,59,674,455,2024,物理,不限,否
10335,浙江大学,203,03,41,41,644,3968,2024,物理,不限,否
10336,杭州电子科技大学,202,02,32,32,544,78890,2024,物理,不限,否
10336,杭州电子科技大学,203,03,56,56,594,25965,2024,物理,不限,否
10336,杭州电子科技大学(中外合作办学),204,04,10,10,592,27446,2024,物理,不限,否
10337,浙江工业大学                                A,201,01,3,3,562,55318,2024,物理,不限,否
10337,浙江工业大学,202,02,27,27,558,61058,2024,物理,不限,否
10337,浙江工业大学                            入,203,03,5,5,565,52717,2024,物理,不限,否
10337,浙江工业大学                             人,204,04,70,70,576,41026,2024,物理,不限,否
10337,浙江工业大学,205,05,18,18,571,46497,2024,物理,不限,否
10337,浙江工业大学(中外合作办学）,206,06,5,5,579,38168,2024,物理,不限,否
10337,浙江工业大学（中外合作办学）,207,07,5,5,538,86022,2024,物理,不限,否
10337,浙江工业大学,208,08,5,5,556,62446,2024,物理,不限,否
10338,浙江理工大学,202,02,31,31,545,76647,2024,物理,不限,否
10338,浙江理工大学,203,03,10,10,550,71159,2024,物理,不限,否
10338,浙江理工大学(中外合作办学),204,04,9,9,536,89408,2024,物理,不限,否
10338,浙江理工大学,205,05,73,73,555,64322,2024,物理,不限,否
10338,浙江理工大学,206,06,17,17,554,65944,2024,物理,不限,否
10340,浙江海洋大学,201,01,33,33,520,114720,2024,物理,不限,否
10340,浙江海洋大学,202,02,8,8,530,99306,2024,物理,不限,否
10340,浙江海洋大学,203,03,30,3,534,93141,2024,物理,不限,否
10340,浙江海洋大学（中外合作办学）,204,04,4,4,523,110071,2024,物理,不限,否
10341,浙江农林大学,202,02,10,10,536,89688,2024,物理,不限,否
10341,浙江农林大学,203,03,44,44,522,110506,2024,物理,不限,否
10341,浙江农林大学(中外合作办学),204,04,3,3,534,92694,2024,物理,不限,否
10343,温州医科大学,201,01,3,3,533,93575,2024,物理,不限,否
10343,温州医科大学,202,02,19,19,586,32313,2024,物理,不限,否
10344,浙江中医药大学                             x,204,04,30,30,549,71589,2024,物理,不限,否
10344,浙江中医药大学                             vn,205,05,1,1,551,69256,2024,物理,不限,否
10345,浙江师范大学,206,06,10,10,540,84144,2024,物理,不限,否
10345,浙江师范大学                        PV&gt;,207,07,2,2,545,76946,2024,物理,不限,否
10345,浙江师范大学（中外合作办学）   K,208,08,5,5,526,104376,2024,物理,不限,否
10345,浙江师范大学                              Y,209,09,39,39,560,58488,2024,物理,不限,否
10345,浙江师范大学            AX,210,10,6,6,557,61251,2024,物理,不限,否
10345,浙江师范大学               √,211,11,5,5,552,68320,2024,物理,不限,否
10345,浙江师范大学（中外合作办学）,212,12,8,8,556,62545,2024,物理,不限,否
10346,杭州师范大学 ?,202,02,3,3,556,63315,2024,物理,不限,否
10346,杭州师范大学,203,03,4,0,550,70342,2024,物理,不限,否
10346,杭州师范大学,204,04,6,0,540,83497,2024,物理,不限,否
10346,杭州师范大学(中外合作办学),205,05,4,4,540,84264,2024,物理,不限,否
10346,杭州师范大学(中外合作办学),206,06,30,8,533,94229,2024,物理,不限,否
10347,湖州师范学院,202,02,6,6,530,98449,2024,物理,不限,否
10347,湖州师范学院,203,03,2,2,507,134871,2024,物理,不限,否
10351,温州大学,204,04,2,2,541,82615,2024,物理,不限,否
10351,温州大学,205,05,13,13,541,82128,2024,物理,不限,否
10351,温州大学,206,06,2,2,540,83490,2024,物理,不限,否
10351,温州大学（(中外合作办学）,207,07,5,5,536,89043,2024,物理,不限,否
10352,丽水学院,201,01,3,3,505,138978,2024,物理,不限,否
10352,丽水学院,202,02,9,9,507,135192,2024,物理,不限,否
10352,丽水学院,203,03,15,15,496,155688,2024,物理,不限,否
10352,丽水学院,204,04,3,3,521,112823,2024,物理,不限,否
10353,浙江工商大学,203,03,15,15,539,85047,2024,物理,不限,否
10353,浙江工商大学,204,04,4,4,539,85116,2024,物理,不限,否
10353,浙江工商大学,205,05,6,6,539,85173,2024,物理,不限,否
10354,嘉兴大学,201,01,55,55,538,86050,2024,物理,不限,否
10355,中国美术学院,202,02,7,7,588,30762,2024,物理,不限,否
10356,中国计量大学,201,01,7,7,563,54245,2024,物理,不限,否
10356,中国计量大学,202,02,63,63,563,55222,2024,物理,不限,否
10356,中国计量大学,203,03,5,5,553,67069,2024,物理,不限,否
10356,中国计量大学                                A,204,04,2,2,571,45770,2024,物理,不限,否
10357,安徽大学                                  2,203,03,2,2,597,23993,2024,物理,不限,否
10357,安徽大学                                  X,204,04,14,14,580,37622,2024,物理,不限,否
10357,安徽大学                                  人,205,05,46,46,595,25079,2024,物理,不限,否
10357,安徽大学（中外合作办学）,207,07,3,3,586,32067,2024,物理,不限,否
10357,安徽大学（中外合作办学）XY,208,08,1,1,596,24263,2024,物理,不限,否
10358,中国科学技术大学        WA,201,01,90,90,670,652,2024,物理,不限,否
10359,合肥工业大学                N,203,03,16,16,591,28362,2024,物理,不限,否
10359,合肥工业大学(中外合作办学),205,05,8,8,567,50256,2024,物理,不限,否
10359,合肥工业大学,206,06,81,81,605,18816,2024,物理,不限,否
10360,安徽工业大学,202,02,13,13,533,93763,2024,物理,不限,否
10361,安徽理工大学,201,01,14,14,526,104196,2024,物理,不限,否
10361,安徽理工大学,202,02,6,6,529,100662,2024,物理,不限,否
10361,安徽理工大学,203,03,68,68,531,97911,2024,物理,不限,否
10361,安徽理工大学,204,04,18,18,532,96047,2024,物理,不限,否
10361,安徽理工大学,205,05,4,4,529,101024,2024,物理,不限,否
10363,安徽工程大学,201,01,30,5,509,131565,2024,物理,不限,否
10363,安徽工程大学,202,02,5,5,511,128285,2024,物理,不限,否
10363,安徽工程大学(中外合作办学),203,03,2,2,532,95836,2024,物理,不限,否
10364,安徽农业大学,202,02,3,3,532,95946,2024,物理,不限,否
10364,安徽农业大学                                     ?,203,03,32,32,526,104760,2024,物理,不限,否
10364,安徽农业大学,204,04,3,3,535,91339,2024,物理,不限,否
10366,安徽医科大学                                vn,201,01,2,2,530,98343,2024,物理,不限,否
10366,安徽医科大学                         1       T,202,02,11,11,582,35940,2024,物理,不限,否
10369,安徽中医药大学,201,01,1,1,517,118639,2024,物理,不限,否
10369,安徽中医药大学,202,02,1,1,518,117594,2024,物理,不限,否
10369,安徽中医药大学          v            ??,203,03,8,8,527,104124,2024,物理,不限,否
10370,安徽师范大学,202,02,24,24,533,94271,2024,物理,不限,否
10372,安庆师范大学       人      1,202,02,10,10,522,110540,2024,物理,不限,否
10373,淮北师范大学,204,04,4,4,512,127317,2024,物理,不限,否
10373,淮北师范大学 1,205,05,4,4,523,109865,2024,物理,不限,否
10378,安徽财经大学,203,03,16,16,529,100521,2024,物理,不限,否
10378,安徽财经大学,204,04,13,13,536,89265,2024,物理,不限,否
10378,安徽财经大学（中外合作办学）,205,05,2,2,531,96669,2024,物理,不限,否
10383,铜陵学院,202,02,4,4,509,132390,2024,物理,不限,否
10383,铜陵学院,203,03,5,0,491,164470,2024,物理,不限,否
10384,厦门大学,205,05,11,11,620,11294,2024,物理,不限,否
10384,厦门大学,206,06,11,11,629,7968,2024,物理,不限,否
10384,厦门大学,207,07,92,92,623,9968,2024,物理,不限,否
10384,厦门大学(马来西亚分校),208,08,6,6,599,22846,2024,物理,不限,否
10384,厦门大学(马来西亚分校),209,09,36,36,599,22843,2024,物理,不限,否
10385,华侨大学,?205,05,35,35,535,91113,2024,物理,不限,否
10385,华侨大学,208,08,90,90,540,83511,2024,物理,不限,否
10385,华侨大学,209,09,5,5,561,56748,2024,物理,不限,否
10385,华侨大学,212,12,33,33,544,78414,2024,物理,不限,否
10386,福州大学(闽台合作),202,02,7,7,566,51704,2024,物理,不限,否
10386,福州大学,203,03,24,24,597,24063,2024,物理,不限,否
10386,福州大学,204,04,7,7,592,27352,2024,物理,不限,否
10386,福州大学(闽台合作),206,06,8,8,599,22674,2024,物理,不限,否
10388,福建理工大学,202,02,18,18,518,117470,2024,物理,不限,否
10388,福建理工大学,203,03,21,21,533,94264,2024,物理,不限,否
10389,福建农林大学,204,04,3,3,541,82435,2024,物理,不限,否
10389,福建农林大学,205,05,2,2,539,84822,2024,物理,不限,否
10389,福建农林大学(中外合作办学)           A,206,06,5,5,491,164178,2024,物理,不限,否
10389,福建农林大学(中外合作办学)       一,207,07,5,5,484,175644,2024,物理,不限,否
10389,福建农林大学,208,08,33,33,528,101297,2024,物理,不限,否
10389,福建农林大学,209,09,72,72,530,98844,2024,物理,不限,否
10389,福建农林大学,210,10,2,2,548,72957,2024,物理,不限,否
10390,集美大学                    XY,203,03,2,2,543,80178,2024,物理,不限,否
10390,集美大学                   WA,204,04,6,6,558,60231,2024,物理,不限,否
10390,集美大学,205,05,14,14,549,72223,2024,物理,不限,否
10390,集美大学,206,06,3,3,550,70104,2024,物理,不限,否
10390,集美大学,207,07,5,5,551,69125,2024,物理,不限,否
10392,福建医科大学,201,01,2,0,527,104080,2024,物理,不限,否
10392,福建医科大学/,202,02,2,2,549,72416,2024,物理,不限,否
10392,福建医科大学,203,03,18,18,547,74754,2024,物理,不限,否
10393,福建中医药大学,201,01,7,0,544,78545,2024,物理,不限,否
10393,福建中医药大学,202,02,30,6,576,41330,2024,物理,不限,否
10393,福建中医药大学(中外合作办学),203,03,8,8,511,129475,2024,物理,不限,否
10394,福建师范大学,206,06,10,10,561,57109,2024,物理,不限,否
10394,福建师范大学,207,07,53,53,531,97216,2024,物理,不限,否
10394,福建师范大学,208,08,43,43,556,62432,2024,物理,不限,否
10394,福建师范大学(中外合作办学),209,09,15,15,545,76662,2024,物理,不限,否
10395,闽江学院,202,02,2,2,528,102384,2024,物理,不限,否
10395,闽江学院                                      x,203,03,4,4,528,101568,2024,物理,不限,否
10397,武夷学院                                       X,202,02,4,4,502,143672,2024,物理,不限,否
10397,武夷学院                               Y   V,203,03,6,6,504,141356,2024,物理,不限,否
10397,武夷学院                              PV&gt;,204,04,5,5,498,151016,2024,物理,不限,否
10399,泉州师范学院                        K,203,03,2,2,516,120877,2024,物理,不限,否
10399,泉州师范学院              v,204,04,3,3,502,143939,2024,物理,不限,否
10399,泉州师范学院            AX,205,05,8,8,517,119469,2024,物理,不限,否
10399,泉州师范学院,206,06,4,4,503,141902,2024,物理,不限,否
10399,泉州师范学院,207,07,2,2,503,142927,2024,物理,不限,否
10399,泉州师范学院  1,208,08,2,2,532,95653,2024,物理,不限,否
10399,泉州师范学院,209,09,2,2,519,115105,2024,物理,不限,否
10402,闽南师范大学(联合培养),201,01,3,0,514,124644,2024,物理,不限,否
10402,闽南师范大学,202,02,2,0,516,120466,2024,物理,不限,否
10402,闽南师范大学(联合培养),203,03,3,3,488,168204,2024,物理,不限,否
10402,闽南师范大学,204,04,30,12,533,94231,2024,物理,不限,否
10403,南昌大学,203,03,6,6,586,32007,2024,物理,不限,否
10403,南昌大学,204,04,11,11,583,34914,2024,物理,不限,否
10403,南昌大学,205,05,41,41,591,28043,2024,物理,不限,否
10403,南昌大学,206,06,23,23,577,39834,2024,物理,不限,否
10403,南昌大学,207,07,3,3,605,18644,2024,物理,不限,否
10403,南昌大学（中外合作办学）,? 208,08,12,12,590,28878,2024,物理,不限,否
10403,南昌大学,209,09,2,2,606,18062,2024,物理,不限,否
10403,南昌大学,210,10,5,5,570,47419,2024,物理,不限,否
10404,华东交通大学,204,04,4,4,541,82825,2024,物理,不限,否
10404,华东交通大学,205,05,9,9,541,81864,2024,物理,不限,否
10404,华东交通大学,206,06,6,6,547,74167,2024,物理,不限,否
10404,华东交通大学(联合培养),207,07,2,2,534,93186,2024,物理,不限,否
10404,华东交通大学(中外合作办学),208,08,9,9,528,101359,2024,物理,不限,否
10404,华东交通大学,209,09,109,109,542,81727,2024,物理,不限,否
10404,华东交通大学,210,10,6,6,555,63886,2024,物理,不限,否
10404,华东交通大学（联合培养）,211,11,5,5,539,85492,2024,物理,不限,否
10404,华东交通大学,212,12,4,4,541,82143,2024,物理,不限,否
10405,东华理工大学(联合培养)                 A,203,03,6,6,455,230476,2024,物理,不限,否
10405,东华理工大学,204,04,49,49,528,102556,2024,物理,不限,否
10406,南昌航空大学,202,02,7,7,547,74912,2024,物理,不限,否
10406,南昌航空大学,203,03,96,96,545,77494,2024,物理,不限,否
10406,南昌航空大学(中外合作办学）,204,04,8,8,547,74070,2024,物理,不限,否
10407,江西理工大学              XY,203,03,3,3,535,90988,2024,物理,不限,否
10407,江西理工大学            WA,204,04,23,23,530,99395,2024,物理,不限,否
10407,江西理工大学                N,205,05,4,4,557,61386,2024,物理,不限,否
10407,江西理工大学,206,06,106,106,530,98138,2024,物理,不限,否
10407,江西理工大学(中外合作办学),207,07,2,2,548,73243,2024,物理,不限,否
10408,景德镇陶瓷大学,204,04,14,14,525,106018,2024,物理,不限,否
10410,江西农业大学,204,04,16,16,516,120706,2024,物理,不限,否
10410,江西农业大学,206,06,2,2,549,71495,2024,物理,不限,否
10410,江西农业大学,207,07,32,32,518,117434,2024,物理,不限,否
10412,江西中医药大学,202,02,3,3,516,120299,2024,物理,不限,否
10412,江西中医药大学,203,03,30,2,540,84137,2024,物理,不限,否
10412,江西中医药大学,204,04,7,7,527,103270,2024,物理,不限,否
10412,江西中医药大学,205,05,15,15,558,60483,2024,物理,不限,否
10413,赣南医科大学,202,02,31,31,507,135930,2024,物理,不限,否
10413,赣南医科大学                                     ?,203,03,4,4,519,115566,2024,物理,不限,否
10414,江西师范大学                                x,205,05,42,42,495,155947,2024,物理,不限,否
10414,江西师范大学                                m,206,06,8,8,566,51296,2024,物理,不限,否
10414,江西师范大学                                  T,207,07,103,103,524,108495,2024,物理,不限,否
10414,江西师范大学,213,13,1,1,524,107983,2024,物理,不限,否
10416,上饶师范学院,208,08,2,2,509,132983,2024,物理,不限,否
10416,上饶师范学院             v,209,09,4,4,501,145966,2024,物理,不限,否
10416,上饶师范学院            AX,210,10,11,11,494,158339,2024,物理,不限,否
10416,上饶师范学院               ?,211,11,5,5,508,133245,2024,物理,不限,否
10416,上饶师范学院,212,12,4,4,493,160705,2024,物理,不限,否
10416,上饶师范学院 ?,213,13,4,4,503,142073,2024,物理,不限,否
10417,宜春学院,204,04,3,3,499,150229,2024,物理,不限,否
10417,宜春学院,205,05,7,72,504,141526,2024,物理,不限,否
10417,宜春学院,206,06,7,0,499,149544,2024,物理,不限,否
10417,宜春学院,207,07,14,14,517,119171,2024,物理,不限,否
10417,宜春学院,208,08,30,5,510,131139,2024,物理,不限,否
10418,赣南师范大学,208,08,14,14,492,162371,2024,物理,不限,否
10418,赣南师范大学,209,09,4,4,537,88672,2024,物理,不限,否
10418,赣南师范大学,210,10,4,4,525,105905,2024,物理,不限,否
10418,赣南师范大学,211,11,12,12,534,92074,2024,物理,不限,否
10418,赣南师范大学,212,12,12,12,522,110717,2024,物理,不限,否
10418,赣南师范大学,?213,13,4,4,540,83611,2024,物理,不限,否
10419,井冈山大学,202,02,2,2,522,111364,2024,物理,不限,否
10419,井冈山大学,203,03,6,6,514,123252,2024,物理,不限,否
10419,井冈山大学,204,04,14,14,517,118405,2024,物理,不限,否
10419,井冈山大学,205,05,26,26,502,143441,2024,物理,不限,否
10421,江西财经大学,203,03,1,1,551,68875,2024,物理,不限,否
10421,江西财经大学,204,04,60,60,546,76205,2024,物理,不限,否
10421,江西财经大学,205,05,30,30,557,62327,2024,物理,不限,否
10421,江西财经大学,206,06,27,27,554,65057,2024,物理,不限,否
10421,江西财经大学,207,07,37,37,551,69088,2024,物理,不限,否
10421,江西财经大学（中外合作办学）,235,35,2,2,547,74755,2024,物理,不限,否
10421,江西财经大学(中外合作办学),237,37,2,2,551,69421,2024,物理,不限,否
10422,山东大学                                      A,202,02,6,6,609,16275,2024,物理,不限,否
10422,山东大学                                 0,203,03,113,113,616,13067,2024,物理,不限,否
10422,山东大学,204,04,22,22,612,14824,2024,物理,不限,否
10422,山东大学,205,05,4,4,636,5770,2024,物理,不限,否
10423,中国海洋大学                        入,205,05,8,8,599,22642,2024,物理,不限,否
10423,中国海洋大学              XY,206,06,6,6,606,18196,2024,物理,不限,否
10423,中国海洋大学            WA,207,07,57,57,606,18165,2024,物理,不限,否
10423,中国海洋大学         N,208,08,59,59,602,20388,2024,物理,不限,否
10423,中国海洋大学     V&gt;,209,09,9,9,616,13108,2024,物理,不限,否
10423,中国海洋大学(中外合作办学),210,10,6,6,602,20526,2024,物理,不限,否
10423,中国海洋大学（中外合作办学）,212,12,3,0,608,17266,2024,物理,不限,否
10423,中国海洋大学(中外合作办学),213,13,4,4,601,21388,2024,物理,不限,否
10423,中国海洋大学（中外合作办学）,214,14,4,4,598,23512,2024,物理,不限,否
10424,山东科技大学,202,02,8,8,550,70366,2024,物理,不限,否
10425,中国石油大学（华东）,202,02,30,4,582,35261,2024,物理,不限,否
10425,中国石油大学(华东）,203,03,50,50,592,27846,2024,物理,不限,否
10425,中国石油大学（华东）,204,04,8,8,590,29261,2024,物理,不限,否
10425,中国石油大学(华东）,205,05,15,5,591,28390,2024,物理,不限,否
10425,中国石油大学(华东）,207,07,2,2,586,32588,2024,物理,不限,否
10426,青岛科技大学,201,01,3,3,526,105271,2024,物理,不限,否
10426,青岛科技大学,202,02,15,15,537,88231,2024,物理,不限,否
10426,青岛科技大学                                x,203,03,24,24,536,89080,2024,物理,不限,否
10426,青岛科技大学                                vn,204,04,2,2,538,86728,2024,物理,不限,否
10427,济南大学                                         T,205,05,19,19,534,92712,2024,物理,不限,否
10427,济南大学                              V&gt;,206,06,4,4,531,97295,2024,物理,不限,否
10427,济南大学                              X,207,07,94,94,528,101159,2024,物理,不限,否
10427,济南大学                   v   A       Y,208,08,5,5,529,101015,2024,物理,不限,否
10427,济南大学                  AX,209,09,3,3,545,77693,2024,物理,不限,否
10427,济南大学            1     1,210,10,2,2,576,41602,2024,物理,不限,否
10427,济南大学,211,11,5,5,546,76015,2024,物理,不限,否
10427,济南大学        ?,215,15,20,20,532,95763,2024,物理,不限,否
10429,青岛理工大学,203,03,9,0,532,96138,2024,物理,不限,否
10429,青岛理工大学,204,04,23,23,538,86178,2024,物理,不限,否
10430,山东建筑大学,203,03,4,4,519,116350,2024,物理,不限,否
10430,山东建筑大学,204,04,15,15,504,139987,2024,物理,不限,否
10430,山东建筑大学(中外合作办学),205,05,30,2,505,139048,2024,物理,不限,否
10430,山东建筑大学（中外合作办学）,206,06,30,0,497,152293,2024,物理,不限,否
10431,齐鲁工业大学,203,03,12,12,508,134443,2024,物理,不限,否
10431,齐鲁工业大学,205,05,65,65,515,122996,2024,物理,不限,否
10433,山东理工大学,201,01,2,2,536,90293,2024,物理,不限,否
10433,山东理工大学,202,02,16,16,533,93837,2024,物理,不限,否
10433,山东理工大学,203,03,2,2,532,96358,2024,物理,不限,否
10434,山东农业大学,202,02,95,95,514,123116,2024,物理,不限,否
10435,青岛农业大学,201,01,22,22,501,146613,2024,物理,不限,否
10435,青岛农业大学,202,02,36,36,504,141358,2024,物理,不限,否
10435,青岛农业大学(中外合作办学),203,03,1,1,506,137730,2024,物理,不限,否
10435,青岛农业大学(中外合作办学),204,04,1,1,501,145366,2024,物理,不限,否
10438,山东第二医科大学,201,01,16,16,510,131223,2024,物理,不限,否
10439,山东第一医科大学,202,02,2,2,534,91863,2024,物理,不限,否
10439,山东第一医科大学,203,03,3,3,542,80754,2024,物理,不限,否
10439,山东第一医科大学,204,04,2,2,593,27003,2024,物理,不限,否
10439,山东第 医科大学,205,05,2,2,581,36631,2024,物理,不限,否
10439,山东第 医科大学,206,06,5,5,530,98801,2024,物理,不限,否
10439,山东第一医科大学                          A,207,07,6,6,528,102359,2024,物理,不限,否
10439,山东第一医科大学,208,08,12,12,515,121734,2024,物理,不限,否
10440,滨州医学院,201,01,10,10,497,153497,2024,物理,不限,否
10441,山东中医药大学,202,02,19,19,511,129138,2024,物理,不限,否
10443,济宁医学院,201,01,6,6,536,90033,2024,物理,不限,否
10445,山东师范大学              XY,207,07,1,1,565,52872,2024,物理,不限,否
10445,山东师范大学             WA,208,08,12,12,538,86190,2024,物理,不限,否
10445,山东师范大学,209,09,2,2,559,59774,2024,物理,不限,否
10445,山东师范大学,210,10,7,7,529,100593,2024,物理,不限,否
10445,山东师范大学,211,11,4,4,555,64245,2024,物理,不限,否
10445,山东师范大学,213,13,17,17,529,100503,2024,物理,不限,否
10445,山东师范大学(中外合作办学),214,14,3,3,525,106912,2024,物理,不限,否
10447,聊城大学&gt;,201,01,2,2,533,94367,2024,物理,不限,否
10447,聊城大学,202,02,3,3,507,135933,2024,物理,不限,否
10449,山东航空学院,202,02,30,1,512,127807,2024,物理,不限,否
10449,山东航空学院,203,03,3,3,522,110790,2024,物理,不限,否
10451,鲁东大学,202√,02,10,10,508,133084,2024,物理,不限,否
10452,临沂大学,202,02,26,26,513,125814,2024,物理,不限,否
10452,临沂大学,203,03,4,4,513,126300,2024,物理,不限,否
10453,泰山学院,201,01,10,10,494,158836,2024,物理,不限,否
10455,菏泽学院,202,02,2,2,502,144346,2024,物理,不限,否
10455,菏泽学院,203,03,3,3,497,152557,2024,物理,不限,否
10456,山东财经大学                                vn,202,02,14,14,542,80763,2024,物理,不限,否
10456,山东财经大学                         1      V,203,03,8,8,546,75139,2024,物理,不限,否
10459,郑州大学                              V&gt;,202,02,7,7,585,33301,2024,物理,不限,否
10459,郑州大学                              X,203,03,14,14,597,23654,2024,物理,不限,否
10459,郑州大学                   v            ?,204,04,12,12,589,29773,2024,物理,不限,否
10460,河南理工大学            AX,203,03,3,3,534,92485,2024,物理,不限,否
10460,河南理工大学               1,204,04,23,23,533,94117,2024,物理,不限,否
10460,河南理工大学(中外合作办学),205,05,8,8,534,92556,2024,物理,不限,否
10460,河南理工大学（中外合作办学）,206,06,6,6,533,93434,2024,物理,不限,否
10462,郑州轻工业大学,202,02,96,96,513,125434,2024,物理,不限,否
10462,郑州轻工业大学(中外合作办学),203,03,7,0,530,98792,2024,物理,不限,否
10463,河南工业大学,203,03,13,13,528,101369,2024,物理,不限,否
10463,河南工业大学,204,04,24,24,527,102793,2024,物理,不限,否
10463,河南工业大学,205,05,30,25,522,110378,2024,物理,不限,否
10463,河南工业大学(豫台合作办学),206,06,2,2,540,83199,2024,物理,不限,否
10463,河南工业大学(中外合作办学),207,07,4,0,513,125671,2024,物理,不限,否
10464,河南科技大学,202,02,5,5,536,88889,2024,物理,不限,否
10464,河南科技大学,203,03,43,43,542,81445,2024,物理,不限,否
10464,河南科技大学,204,04,19,19,507,135261,2024,物理,不限,否
10464,河南科技大学,205,05,4,4,539,85638,2024,物理,不限,否
10464,河南科技大学(中外合作办学),206,06,6,6,523,109901,2024,物理,不限,否
10464,河南科技大学(中外合作办学),208,08,4,4,528,101257,2024,物理,不限,否
10465,中原工学院,202,02,10,10,492,162180,2024,物理,不限,否
10466,河南农业大学,203,03,5,5,526,104273,2024,物理,不限,否
10466,河南农业大学,204,04,11,11,533,93531,2024,物理,不限,否
10466,河南农业大学,205,05,6,6,526,104464,2024,物理,不限,否
10466,河南农业大学(中外合作办学),206,06,5,5,490,165313,2024,物理,不限,否
10467,河南科技学院,203,03,8,8,495,157137,2024,物理,不限,否
10467,河南科技学院,204,04,25,25,490,164607,2024,物理,不限,否
10471,河南中医药大学,201,01,17,17,521,113418,2024,物理,不限,否
10471,河南中医药大学,202,02,3,3,529,99571,2024,物理,不限,否
10472,新乡医学院                                   1,201,01,23,23,544,77730,2024,物理,不限,否
10475,河南大学,205,05,15,15,543,79902,2024,物理,不限,否
10475,河南大学                                  X,206,06,4,4,558,61011,2024,物理,不限,否
10475,河南大学                                   人,207,07,7,7,554,65257,2024,物理,不限,否
10475,河南大学                                    Y,208,08,18,18,541,82109,2024,物理,不限,否
10475,河南大学                    XV,209,09,35,35,543,80196,2024,物理,不限,否
10475,河南大学                     W,210,10,85,85,558,60587,2024,物理,不限,否
10475,河南大学,212,12,4,4,578,39447,2024,物理,不限,否
10476,河南师范大学,203,03,3,3,553,66492,2024,物理,不限,否
10476,河南师范大学,204,04,12,12,519,116662,2024,物理,不限,否
10477,信阳师范大学（中外合作办学）,201,01,7,7,484,176689,2024,物理,不限,否
10478,周口师范学院,202,02,5,5,495,156884,2024,物理,不限,否
10478,周口师范学院,203,03,8,8,496,155243,2024,物理,不限,否
10481,南阳师范学院,204,04,3,0,508,134671,2024,物理,不限,否
10481,南阳师范学院,205,05,30,19,496,155347,2024,物理,不限,否
10481,南阳师范学院,206,06,17,17,500,148621,2024,物理,不限,否
10481,南阳师范学院,207,07,6,6,492,161617,2024,物理,不限,否
10481,南阳师范学院(中外合作办学）,208,08,30,6,488,169858,2024,物理,不限,否
10481,南阳师范学院（中外合作办学）,209,09,5,5,485,175046,2024,物理,不限,否
10481,南阳师范学院,210,10,20,20,496,154584,2024,物理,不限,否
10482,洛阳师范学院,202,02,18,18,512,127160,2024,物理,不限,否
10483,商丘师范学院                                双,202,02,2,2,495,156393,2024,物理,不限,否
10483,商丘师范学院                                m,203,03,5,5,497,153701,2024,物理,不限,否
10483,商丘师范学院                            V,204,04,1,1,499,149886,2024,物理,不限,否
10483,商丘师范学院                       PV&gt;,205,05,2,2,492,162199,2024,物理,不限,否
10484,河南财经政法大学                  K,202,02,5,5,544,77922,2024,物理,不限,否
10484,河南财经政法大学       V           Y&gt;,203,03,10,10,520,114641,2024,物理,不限,否
10485,郑州航空工业管理学院  X,202,02,8,8,513,125893,2024,物理,不限,否
10485,郑州航空工业管理学院          &gt;,203,03,8,8,525,106925,2024,物理,不限,否
10486,武汉大学,202,02,41,41,630,7509,2024,物理,不限,否
10486,武汉大学       1,203,03,168,168,642,4350,2024,物理,不限,否
10486,武汉大学,204,04,9,0,645,3639,2024,物理,不限,否
10486,武汉大学（中外合作办学）,205,05,10,10,603,20111,2024,物理,不限,否
10486,武汉大学（公共卫生类）,208,08,10,10,623,10042,2024,物理,不限,否
10487,华中科技大学,203,03,137,137,643,4089,2024,物理,不限,否
10487,华中科技大学,204,04,30,8,649,2884,2024,物理,不限,否
10487,华中科技大学（中外合作办学）,211,11,16,16,614,14159,2024,物理,不限,否
10487,华中科技大学,212,12,23,23,620,11083,2024,物理,不限,否
10488,武汉科技大学,203,03,4,4,550,70126,2024,物理,不限,否
10488,武汉科技大学,204,04,19,19,543,79245,2024,物理,不限,否
10488,武汉科技大学,205,05,68,68,560,58636,2024,物理,不限,否
10489,长江大学,202,02,5,5,539,85877,2024,物理,不限,否
10489,长江大学,203,03,2,2,541,83119,2024,物理,不限,否
10489,长江大学,204,04,1,1,539,85309,2024,物理,不限,否
10489,长江大学,205,05,42,42,535,91014,2024,物理,不限,否
10489,长江大学(中外合作办学),206,06,5,5,504,141712,2024,物理,不限,否
10490,武汉工程大学,202,02,8,8,535,91534,2024,物理,不限,否
10490,武汉工程大学,203,03,25,25,554,65585,2024,物理,不限,否
10490,武汉工程大学(中外合作办学),204,04,4,4,537,88337,2024,物理,不限,否
10491,中国地质大学(武汉),204,04,7,7,582,35425,2024,物理,不限,否
10491,中国地质大学(武汉),205,05,101,101,586,32264,2024,物理,不限,否
10491,中国地质大学(武汉)（中外合作办学),206,06,2,2,572,44956,2024,物理,不限,否
10491,中国地质大学(武汉),209,09,8,8,593,26692,2024,物理,不限,否
10495,武汉纺织大学                                M,203,03,8,8,545,77646,2024,物理,不限,否
10495,武汉纺织大学,204,04,30,30,528,102122,2024,物理,不限,否
10496,武汉轻工大学,203,03,12,12,540,83286,2024,物理,不限,否
10497,武汉理工大学(中外合作办学),204,04,3,3,587,31198,2024,物理,不限,否
10497,武汉理工大学,205,05,221,221,597,23630,2024,物理,不限,否
10497,武汉理工大学（中外合作办学）?,206,06,6,6,601,20998,2024,物理,不限,否
10497,武汉理工大学（中外合作办学）,208,08,6,6,587,30997,2024,物理,不限,否
10497,武汉理工大学,209,09,3,3,622,10265,2024,物理,不限,否
10497,武汉理工大学,210,10,2,2,623,10128,2024,物理,不限,否
10497,武汉理工大学,211,11,4,4,620,11248,2024,物理,不限,否
10497,武汉理工大学,212,12,2,2,1618,12146,2024,物理,不限,否
10500,湖北工业大学,205,05,72,72,542,80436,2024,物理,不限,否
10500,湖北工业大学(中外合作办学),206,06,57,57,527,103041,2024,物理,不限,否
10504,华中农业大学,203,03,11,11,581,36198,2024,物理,不限,否
10504,华中农业大学,204,04,48,48,585,32946,2024,物理,不限,否
10504,华中农业大学,206,06,3,3,588,30982,2024,物理,不限,否
10507,湖北中医药大学,204√,04,2,2,533,94846,2024,物理,不限,否
10507,湖北中医药大学,205,05,2,2,536,89604,2024,物理,不限,否
10507,湖北中医药大学,206,06,61,61,516,120289,2024,物理,不限,否
10511,华中师范大学,204,04,32,32,588,30582,2024,物理,不限,否
10511,华中师范大学,205,05,33,33,605,18584,2024,物理,不限,否
10512,湖北大学,204,04,2,2,557,61813,2024,物理,不限,否
10512,湖北大学                                       vn,205,05,21,21,539,84941,2024,物理,不限,否
10512,湖北大学                               ?       V,206,06,91,91,546,75943,2024,物理,不限,否
10512,湖北大学（中外合作办学）         V&gt;,207,07,11,11,550,71088,2024,物理,不限,否
10513,湖北师范大学                         K,202,02,2,2,558,60896,2024,物理,不限,否
10513,湖北师范大学             v            1,203,03,4,4,549,72184,2024,物理,不限,否
10519,湖北文理学院            AX,203,03,3,3,508,134241,2024,物理,不限,否
10519,湖北文理学院               ?1  &gt;,204,04,7,7,513,125105,2024,物理,不限,否
10520,中南财经政法大学,206,06,8,8,587,31655,2024,物理,不限,否
10520,中南财经政法大学,207,07,2,2,583,34529,2024,物理,不限,否
10520,中南财经政法大学,208,08,1,1,598,23519,2024,物理,不限,否
10520,中南财经政法大学,209,09,109,109,583,34734,2024,物理,不限,否
10520,中南财经政法大学(中外合作办学),210,10,3,31,568,49135,2024,物理,不限,否
10520,中南财经政法大学,211,11,17,0,596,24467,2024,物理,不限,否
10522,武汉体育学院,203,03,30,8,517,119172,2024,物理,不限,否
10522,武汉体育学院,204,04,6,6,522,111083,2024,物理,不限,否
10524,中南民族大学,203,03,7,0,538,86940,2024,物理,不限,否
10524,中南民族大学,204,04,4,4,545,76840,2024,物理,不限,否
10524,中南民族大学,205,05,14,14,541,82365,2024,物理,不限,否
10524,中南民族大学,206,06,15,15,542,80657,2024,物理,不限,否
10525,湖北汽车工业学院,201,01,2,2,526,105405,2024,物理,不限,否
10525,湖北汽车工业学院(中外合作办学）,202,02,4,4,521,113250,2024,物理,不限,否
10528,湖北工程学院,202,02,2,2,508,133907,2024,物理,不限,否
10528,湖北工程学院,203,03,1,1,516,119899,2024,物理,不限,否
10528,湖北工程学院,204,04,6,6,517,119374,2024,物理,不限,否
10530,湘潭大学,205,05,21,21,574,43346,2024,物理,不限,否
10530,湘潭大学,207,07,46,46,571,46592,2024,物理,不限,否
10531,吉首大学,203,03,14,14,533,94010,2024,物理,不限,否
10531,吉首大学,204,04,9,9,523,109813,2024,物理,不限,否
10531,吉首大学,205,05,5,5,527,103703,2024,物理,不限,否
10531,吉首大学,206,06,8,8,517,119853,2024,物理,不限,否
10532,湖南大学,203,03,49,49,606,18133,2024,物理,不限,否
10532,湖南大学,204,04,191,191,611,15579,2024,物理,不限,否
10532,湖南大学（本科预科班）,206,06,2,2,578,38929,2024,物理,不限,否
10533,中南大学                                  入,202,02,269,269,620,11102,2024,物理,不限,否
10533,中南大学(中外合作办学),203,03,18,18,605,18678,2024,物理,不限,否
10533,中南大学,204,04,20,20,629,7946,2024,物理,不限,否
10533,中南大学                    XY,206,06,3,3,663,1177,2024,物理,不限,否
10534,湖南科技大学              WA,206,06,3,3,541,82478,2024,物理,不限,否
10534,湖南科技大学,207,07,1,1,532,95407,2024,物理,不限,否
10534,湖南科技大学,208,08,51,51,531,97751,2024,物理,不限,否
10534,湖南科技大学,209,09,3,3,554,65854,2024,物理,不限,否
10534,湖南科技大学,211,11,1,0,564,53903,2024,物理,不限,否
10536,长沙理工大学,203,03,23,23,544,78350,2024,物理,不限,否
10536,长沙理工大学?,204,04,18,18,551,68886,2024,物理,不限,否
10536,长沙理工大学,205,05,210,210,550,71043,2024,物理,不限,否
10536,长沙理工大学,206,06,20,20,549,71912,2024,物理,不限,否
10536,长沙理工大学,207,07,9,9,551,69882,2024,物理,不限,否
10536,长沙理工大学,208,08,9,9,581,36371,2024,物理,不限,否
10536,长沙理工大学(中外合作办学),209,09,2,2,538,86395,2024,物理,不限,否
10536,长沙理工大学(中外合作办学),211,11,5,5,582,35628,2024,物理,不限,否
10536,长沙理工大学(中外合作办学),212,12,4,4,561,57215,2024,物理,不限,否
10537,湖南农业大学,205,05,3,3,540,84074,2024,物理,不限,否
10537,湖南农业大学                                x,206,06,39,39,529,100686,2024,物理,不限,否
10537,湖南农业大学                                vn,207,07,4,4,535,91204,2024,物理,不限,否
10537,湖南农业大学(中外合作办学),208,08,5,5,523,109642,2024,物理,不限,否
10537,湖南农业大学,209,09,3,3,546,76326,2024,物理,不限,否
10537,湖南农业大学,210,10,73,73,530,98500,2024,物理,不限,否
10537,湖南农业大学             v,211,11,58,58,520,113520,2024,物理,不限,否
10537,湖南农业大学,212,12,12,12,549,71291,2024,物理,不限,否
10537,湖南农业大学(中外合作办学),213,13,30,30,510,129750,2024,物理,不限,否
10537,湖南农业大学(中外合作办学）,214,14,15,15,518,116818,2024,物理,不限,否
10537,湖南农业大学?,215,15,3,3,543,79659,2024,物理,不限,否
10538,中南林业科技大学,204,04,40,40,529,100925,2024,物理,不限,否
10538,中南林业科技大学,205,05,4,0,550,70891,2024,物理,不限,否
10538,中南林业科技大学,206,06,139,139,523,109442,2024,物理,不限,否
10538,中南林业科技大学,207,07,2,2,541,82278,2024,物理,不限,否
10541,湖南中医药大学,201,01,30,2,537,87736,2024,物理,不限,否
10541,湖南中医药大学,202,02,30,0,544,78959,2024,物理,不限,否
10541,湖南中医药大学,203,03,2,2,527,103003,2024,物理,不限,否
10541,湖南中医药大学,204,04,2,2,549,71772,2024,物理,不限,否
10541,湖南中医药大学,205,05,72,72,547,74977,2024,物理,不限,否
10542,湖南师范大学,205,05,27,27,578,39234,2024,物理,不限,否
10542,湖南师范大学,?206,06,2,2,588,30687,2024,物理,不限,否
10542,湖南师范大学,207,07,2,2,593,26916,2024,物理,不限,否
10542,湖南师范大学,208,08,4,4,596,24863,2024,物理,不限,否
10542,湖南师范大学,209,09,32,32,593,26565,2024,物理,不限,否
10542,湖南师范大学,210,10,39,39,577,40213,2024,物理,不限,否
10542,湖南师范大学,212,12,2,2,603,19839,2024,物理,不限,否
10543,湖南理工学院,203,03,2,2,530,99371,2024,物理,不限,否
10543,湖南理工学院,204,04,1,1,504,141631,2024,物理,不限,否
10543,湖南理工学院,205,05,14,14,532,95753,2024,物理,不限,否
10543,湖南理工学院,206,06,10,10,515,122043,2024,物理,不限,否
10545,湘南学院,202,02,5,5,506,138174,2024,物理,不限,否
10545,湘南学院,203,03,10,10,514,124046,2024,物理,不限,否
10545,湘南学院                                      A,204,04,10,10,502,143771,2024,物理,不限,否
10546,衡阳师范学院                           1,204,04,2,2,513,126026,2024,物理,不限,否
10546,衡阳师范学院,205,05,9,9,508,133665,2024,物理,不限,否
10546,衡阳师范学院,206,06,3,3,541,82701,2024,物理,不限,否
10546,衡阳师范学院,207,07,5,5,520,115045,2024,物理,不限,否
10546,衡阳师范学院              XY,208,08,3,3,508,133300,2024,物理,不限,否
10546,衡阳师范学院             WA,209,09,3,3,531,96902,2024,物理,不限,否
10547,邵阳学院,204,04,3,3,499,150049,2024,物理,不限,否
10547,邵阳学院,205,05,6,6,499,150244,2024,物理,不限,否
10547,邵阳学院,206,06,4,4,502,144418,2024,物理,不限,否
10547,邵阳学院,207,07,15,15,1497,153473,2024,物理,不限,否
10547,邵阳学院,208,08,15,15,497,152670,2024,物理,不限,否
10548,怀化学院,203,03,7,7,507,135056,2024,物理,不限,否
10549,湖南文理学院,203,03,10,10,512,126370,2024,物理,不限,否
10551,湖南科技学院,203,03,18,18,510,131312,2024,物理,不限,否
10553,湖南人文科技学院,204,04,4,74,501,145365,2024,物理,不限,否
10553,湖南人文科技学院（中外合作办学）,205,05,3,3,493,160625,2024,物理,不限,否
10553,湖南人文科技学院,206√,06,9,9,501,146828,2024,物理,不限,否
10553,湖南人文科技学院,207,07,1,1,526,104706,2024,物理,不限,否
10554,湖南工商大学,203,03,1,1,538,87185,2024,物理,不限,否
10554,湖南工商大学,204,04,7,7,540,84105,2024,物理,不限,否
10554,湖南工商大学,205,05,1,1,561,56698,2024,物理,不限,否
10555,南华大学,202,02,80,80,524,108168,2024,物理,不限,否
10555,南华大学                                       vX,203,03,142,142,522,111824,2024,物理,不限,否
10555,南华大学                               1       V,204,04,282,282,524,108458,2024,物理,不限,否
10558,中山大学                              V&gt;,203,03,280,280,625,9394,2024,物理,不限,否
10558,中山大学                              X,205,05,268,268,638,5409,2024,物理,不限,否
10558,中山大学                   V,206,06,465,465,633,16535,2024,物理,不限,否
10558,中山大学                  AX,218,18,404,404,641,4607,2024,物理,不限,否
10558,中山大学              /    V1  &gt;,219,19,435,435,643,4019,2024,物理,不限,否
10558,中山大学,220,20,323,323,633,6728,2024,物理,不限,否
10558,中山大学       1,221,21,320,320,624,9420,2024,物理,不限,否
10559,暨南大学,203,03,342,342,584,34254,2024,物理,不限,否
10559,暨南大学(中外合作办学),204,04,58,58,588,30523,2024,物理,不限,否
10559,暨南大学,205,05,243,243,583,34753,2024,物理,不限,否
10559,暨南大学,206,06,203,203,593,26901,2024,物理,不限,否
10559,暨南大学（中外合作办学）,207,07,30,58,594,25767,2024,物理,不限,否
10559,暨南大学,208,08,9,9,591,28194,2024,物理,不限,否
10559,暨南大学,220,20,173,173,595,25555,2024,物理,不限,否
10559,暨南大学,221,21,540,540,597,23945,2024,物理,不限,否
10559,暨南大学,222,22,145,145,590,28916,2024,物理,不限,否
10560,汕头大学,205,05,169,169,551,68892,2024,物理,不限,否
10560,汕头大学,206,06,367,367,550,70741,2024,物理,不限,否
10560,汕头大学,207,07,1319,1319,555,63811,2024,物理,不限,否
10560,汕头大学,208,08,172,172,550,70026,2024,物理,不限,否
10560,汕头大学(地方专项）,209,09,36,36,535,90392,2024,物理,不限,否
10561,华南理工大学,202,02,184,184,637,5640,2024,物理,不限,否
10561,华南理工大学,203,03,1166,1166,617,12608,2024,物理,不限,否
10561,华南理工大学,204,04,1155,1155,614,13907,2024,物理,不限,否
10561,华南理工大学,205,05,304,304,610,15907,2024,物理,不限,否
10564,华南农业大学,210,10,311,311,569,48709,2024,物理,不限,否
10564,华南农业大学,211,11,124,124,566,51438,2024,物理,不限,否
10564,华南农业大学,213,13,82,82,564,54095,2024,物理,不限,否
10564,华南农业大学,214,14,34,34,564,53739,2024,物理,不限,否
10564,华南农业大学                                A,215,15,87,87,561,57338,2024,物理,不限,否
10564,华南农业大学,216,16,578,578,574,43607,2024,物理,不限,否
10564,华南农业大学,217,17,456,456,571,46082,2024,物理,不限,否
10564,华南农业大学,218,18,454,454,585,33470,2024,物理,不限,否
10564,华南农业大学,219,19,476,476,580,37202,2024,物理,不限,否
10564,华南农业大学              XY,220,20,170,170,567,50393,2024,物理,不限,否
10564,华南农业大学             WA,221,21,131,131,569,48091,2024,物理,不限,否
10564,华南农业大学,222,22,174,174,566,51573,2024,物理,不限,否
10564,华南农业大学,223,23,154,154,562,56126,2024,物理,不限,否
10564,华南农业大学,230,30,37,37,586,32008,2024,物理,不限,否
10564,华南农业大学,233,33,63,63,563,54535,2024,物理,不限,否
10564,华南农业大学(国际班),251,51,50,50,544,78822,2024,物理,不限,否
10564,华南农业大学（国际班）,252,52,180,180,537,88276,2024,物理,不限,否
10564,华南农业大学（中外合作办学）,253,53,138,138,542,80535,2024,物理,不限,否
10564,华南农业大学(地方专项）,271,71,450,450,529,100360,2024,物理,不限,否
10566,广东海洋大学,201√,01,346,346,543,79492,2024,物理,不限,否
10566,东海洋大学,202,02,189,189,524,108463,2024,物理,不限,否
10566,广东海洋大学,203,03,488,488,506,136679,2024,物理,不限,否
10566,广东海洋大学,204,04,445,445,507,135599,2024,物理,不限,否
10566,广东海洋大学,205,05,889,889,534,92479,2024,物理,不限,否
10566,广东海洋大学,206,06,831,831,514,123358,2024,物理,不限,否
10566,东海洋大学,207,07,130,130,534,93143,2024,物理,不限,否
10566,东海洋大学                                   V,208,08,117,117,509,131573,2024,物理,不限,否
10566,广东海洋大学                        V&gt;,209,09,107,107,507,136202,2024,物理,不限,否
10566,广广东海洋大学                        X,210,10,490,490,505,139369,2024,物理,不限,否
10566,广东海洋大学             v            ?,211,11,281,281,508,133868,2024,物理,不限,否
10566,广东海洋大学           AX,212,12,187,187,525,106726,2024,物理,不限,否
10566,东海洋大学       /          &gt;,213,13,134,134,523,110208,2024,物理,不限,否
10566,东海洋大学,214,14,1021,1021,510,130851,2024,物理,不限,否
10566,广东海洋大学,215,15,13,13,529,99737,2024,物理,不限,否
10566,广东海洋大学(地方专项）,216,16,48,48,525,106037,2024,物理,不限,否
10566,广东海洋大学(地方专项),217,17,36,36,535,91438,2024,物理,不限,否
10566,广东海洋大学(地方专项),218,18,8,8,514,124373,2024,物理,不限,否
10566,东海洋大学,219,19,108,108,511,128208,2024,物理,不限,否
10566,东海洋大学,220,20,30,56,509,131845,2024,物理,不限,否
10566,广东海洋大学,221,21,112,112,541,82948,2024,物理,不限,否
10566,广东海洋大学,222,22,58,58,533,94643,2024,物理,不限,否
10566,广东海洋大学,223,23,276,276,531,97667,2024,物理,不限,否
10566,广东海洋大学,224,24,138,138,511,128517,2024,物理,不限,否
10566,东海洋大学（中外合作办学）,225,25,16,16,518,116799,2024,物理,不限,否
10570,广州医科大学,201,01,23,23,615,13250,2024,物理,不限,否
10570,广州医科大学,202,02,1452,1452,557,62058,2024,物理,不限,否
10570,广州医科大学(地方专项),205,05,50,50,525,106336,2024,物理,不限,否
10571,广东医科大学,201,01,1083,1083,549,71522,2024,物理,不限,否
10571,广东医科大学,202,02,1333,1333,509,132150,2024,物理,不限,否
10571,东医科大学,203,03,591,591,520,114506,2024,物理,不限,否
10571,广东医科大学,204,04,450,450,523,109148,2024,物理,不限,否
10571,广东医科大学,205,05,384,384,518,117201,2024,物理,不限,否
10571,广东医科大学(地方专项),208,08,72,72,528,101105,2024,物理,不限,否
10571,广东医科大学(地方专项),209,09,28,28,523,110160,2024,物理,不限,否
10571,广东医科大学,210,10,60,60,535,90874,2024,物理,不限,否
10571,东医科大学,211,11,30,30,543,80198,2024,物理,不限,否
10571,东医科大学(协同培养)                  A,212,12,105,105,507,135597,2024,物理,不限,否
10571,广东医科大学(协同培养),213,13,35,35,510,131086,2024,物理,不限,否
10572,广州中医药大学                         X,201,01,135,135,603,19907,2024,物理,不限,否
10572,广州中医药大学                         人,202,02,630,630,559,59522,2024,物理,不限,否
10572,广州中医药大学,203,03,120,120,564,53284,2024,物理,不限,否
10572,州中医药大学           XV,204,04,374,374,547,74220,2024,物理,不限,否
10572,广州中医药大学         WA,205,05,388,388,549,71740,2024,物理,不限,否
10572,广州中医药大学,206,06,69,69,548,72683,2024,物理,不限,否
10572,广州中医药大学,207,07,88,88,547,74202,2024,物理,不限,否
10572,广州中医药大学(地方专项),210,10,30,30,559,59606,2024,物理,不限,否
10572,广州中医药大学(地方专项),211,11,20,20,540,83738,2024,物理,不限,否
10572,州中医药大学(地方专项）,212,12,5,0,542,80992,2024,物理,不限,否
10573,上东药科大学,201,01,260,260,554,65158,2024,物理,不限,否
10573,广东药科大学,202,02,1070,1070,522,111811,2024,物理,不限,否
10573,广东药科大学,203,03,361,361,520,113816,2024,物理,不限,否
10573,广东药科大学,204,04,144,144,544,78409,2024,物理,不限,否
10573,广东药科大学,205,05,2628,2628,502,143557,2024,物理,不限,否
10573,广东药科大学（国际班）,206,06,64,64,519,116206,2024,物理,不限,否
10573,广东药科大学,207,07,510,510,505,138472,2024,物理,不限,否
10574,华南师范大学,216,16,8,8,613,14654,2024,物理,不限,否
10574,华南师范大学,217,17,123,123,608,16887,2024,物理,不限,否
10574,华南师范大学,218,18,244,244,599,22739,2024,物理,不限,否
10574,华南师范大学                                双,219,19,27,27,602,20693,2024,物理,不限,否
10574,华南师范大学,220,20,180,180,603,19984,2024,物理,不限,否
10574,华南师范大学,221,21,220,220,591,28119,2024,物理,不限,否
10574,华南师范大学,222,22,35,35,600,21517,2024,物理,不限,否
10574,华南师范大学,223,23,30,30,600,21550,2024,物理,不限,否
10574,华南师范大学             √,224,24,132,132,580,37529,2024,物理,不限,否
10574,华南师范大学               X,225,25,371,371,582,35890,2024,物理,不限,否
10574,华南师范大学               1,226,26,67,67,589,30121,2024,物理,不限,否
10574,华南师范大学,227,27,20,20,590,29067,2024,物理,不限,否
10574,华南师范大学 人,228,28,836,836,596,24479,2024,物理,不限,否
10574,华南师范大学,229,29,208,208,586,32091,2024,物理,不限,否
10574,华南师范大学(中外合作办学),230,30,300,300,572,45510,2024,物理,不限,否
10574,华南师范大学(中外合作办学),231,31,50,50,575,42093,2024,物理,不限,否
10574,华南师范大学(联合培养),232,32,230,230,555,64306,2024,物理,不限,否
10574,华南师范大学(联合培养),233,33,100,100,587,31359,2024,物理,不限,否
10574,华南师范大学(地方专项),234,34,5,5,571,46422,2024,物理,不限,否
10574,华南师范大学(地方专项),235,35,10,10,547,73731,2024,物理,不限,否
10574,华南师范大学(地方专项）,236,36,5,5,573,44566,2024,物理,不限,否
10574,华南师范大学(地方专项),237,37,5,5,566,51699,2024,物理,不限,否
10574,华南师范大学(地方专项）,238,38,10,10,573,43959,2024,物理,不限,否
10574,华南师范大学(地方专项）,?239,39,20,20,592,27786,2024,物理,不限,否
10574,华南师范大学(地方专项),240,40,15,15,585,32724,2024,物理,不限,否
10574,华南师范大学(地方专项),241,41,5,5,586,32152,2024,物理,不限,否
10576,韶关学院,214,14,135,135,499,150084,2024,物理,不限,否
10576,韶关学院,215,15,76,76,509,131803,2024,物理,不限,否
10576,韶关学院,217,17,110,110,501,145428,2024,物理,不限,否
10576,韶关学院,218,18,305,305,493,160299,2024,物理,不限,否
10576,韶关学院,219,19,150,150,495,157477,2024,物理,不限,否
10576,韶关学院（协同培养),220,20,50,50,488,168364,2024,物理,不限,否
10576,韶关学院,221,21,100,100,510,130370,2024,物理,不限,否
10576,韶关学院,222,22,25,25,521,112637,2024,物理,不限,否
10576,韶关学院,223,23,258,258,506,137672,2024,物理,不限,否
10576,韶关学院                                      个,224,24,207,207,500,148138,2024,物理,不限,否
10576,韶关学院,225,25,45,45,501,146576,2024,物理,不限,否
10576,韶关学院                                  X,226,26,25,25,499,150371,2024,物理,不限,否
10576,韶关学院（协同培养)                    人,227,27,50,50,495,156107,2024,物理,不限,否
10576,韶关学院（协同培养）,228,28,40,40,504,140599,2024,物理,不限,否
10576,韶关学院（学分互认）     XV,229,29,15,15,500,148151,2024,物理,不限,否
10576,韶关学院（学分互认）     WA,230,30,30,30,497,152924,2024,物理,不限,否
10576,韶关学院（校企联合培养）,232,32,147,147,510,130645,2024,物理,不限,否
10576,韶关学院,233,33,70,70,510,131019,2024,物理,不限,否
10576,韶关学院,234,34,50,50,503,142424,2024,物理,不限,否
10576,韶关学院,250,50,80,0,507,135894,2024,物理,不限,否
10576,韶关学院,252,52,88,88,541,82372,2024,物理,不限,否
10576,韶关学院,253,53,235,235,499,149278,2024,物理,不限,否
10576,韶关学院,254,54,130,130,512,127820,2024,物理,不限,否
10576,韶关学院,255,55,152,152,500,146940,2024,物理,不限,否
10576,韶关学院,256,56,465,465,497,153236,2024,物理,不限,否
10576,韶关学院,257,57,499,499,505,139013,2024,物理,不限,否
10576,韶关学院,258,58,274,274,493,160258,2024,物理,不限,否
10576,韶关学院,261,61,111,111,493,159718,2024,物理,不限,否
10576,韶关学院,262,62,122,122,493,160114,2024,物理,不限,否
10576,韶关学院,263,63,40,40,499,149992,2024,物理,不限,否
10577,惠州学院                                      双,220,20,15,15,538,86643,2024,物理,不限,否
10577,惠州学院                                      vn,221,21,113,113,521,113112,2024,物理,不限,否
10577,惠州学院                              1      V,222,22,176,176,503,143304,2024,物理,不限,否
10577,惠州学院,223,23,451,451,499,149479,2024,物理,不限,否
10577,惠州学院,224,24,23,23,509,132109,2024,物理,不限,否
10577,惠州学院,225,25,25,25,530,98270,2024,物理,不限,否
10577,惠州学院,226,26,40,40,543,79243,2024,物理,不限,否
10577,惠州学院              /,227,27,40,40,534,92638,2024,物理,不限,否
10577,惠州学院,228,28,183,183,526,105410,2024,物理,不限,否
10577,惠州学院,229,29,90,90,525,106105,2024,物理,不限,否
10577,惠州学院,230,30,134,134,501,146663,2024,物理,不限,否
10577,惠州学院,231,31,43,43,525,106823,2024,物理,不限,否
10577,惠州学院,232,32,32,321,520,113619,2024,物理,不限,否
10577,惠州学院,233,33,15,15,504,140125,2024,物理,不限,否
10577,惠州学院,234,34,30,145,500,148207,2024,物理,不限,否
10577,惠州学院,235,35,489,489,518,117196,2024,物理,不限,否
10577,惠州学院,236,36,182,182,512,126443,2024,物理,不限,否
10577,惠州学院,237,37,474,474,519,116246,2024,物理,不限,否
10577,惠州学院,238,38,176,176,497,152692,2024,物理,不限,否
10577,惠州学院,239,39,67,67,523,108858,2024,物理,不限,否
10577,惠州学院,?240,40,192,192,509,132509,2024,物理,不限,否
10577,惠州学院,241,41,28,28,504,140185,2024,物理,不限,否
10577,惠州学院(中外合作办学),242,42,60,60,470,201970,2024,物理,不限,否
10578,韩山师范学院,201,01,40,40,523,109707,2024,物理,不限,否
10578,韩山师范学院,202,02,56,56,517,118752,2024,物理,不限,否
10578,韩山师范学院,203,03,430,430,501,146574,2024,物理,不限,否
10578,韩山师范学院,204,04,148,148,502,144055,2024,物理,不限,否
10578,韩山师范学院,205,05,483,483,504,140539,2024,物理,不限,否
10578,韩山师范学院,206,06,444,444,492,162681,2024,物理,不限,否
10578,韩山师范学院,207,07,345,345,490,164836,2024,物理,不限,否
10578,韩山师范学院,208,08,489,489,498,150485,2024,物理,不限,否
10578,韩山师范学院,209,09,257,257,503,142689,2024,物理,不限,否
10578,韩山师范学院                                2,210,10,364,364,499,149849,2024,物理,不限,否
10578,韩山师范学院(协同培养),213,13,25,25,501,145794,2024,物理,不限,否
10578,韩山师范学院(协同培养),214,14,50,50,497,153669,2024,物理,不限,否
10578,韩山师范学院(协同培养),215,15,40,40,490,165905,2024,物理,不限,否
10578,韩山师范学院(中外合作办学）,216,16,45,45,482,180282,2024,物理,不限,否
10579,岭南师范学院              XY,207,07,34,34,530,98530,2024,物理,不限,否
10579,岭南师范学院             WA,208,08,175,175,520,114345,2024,物理,不限,否
10579,岭南师范学院,209,09,362,362,490,165082,2024,物理,不限,否
10579,岭南师范学院,210,10,633,633,498,151745,2024,物理,不限,否
10579,岭南师范学院,211,11,969,969,502,143485,2024,物理,不限,否
10579,岭南师范学院,213,13,766,766,499,149376,2024,物理,不限,否
10579,岭南师范学院,214,14,108,108,506,137572,2024,物理,不限,否
10579,岭南师范学院,215,15,397,397,504,141434,2024,物理,不限,否
10579,岭南师范学院,216,16,361,361,503,141861,2024,物理,不限,否
10579,岭南师范学院,217,17,25,25,502,144374,2024,物理,不限,否
10579,岭南师范学院,218,18,50,50,509,132244,2024,物理,不限,否
10579,岭南师范学院,219,19,40,40,503,142625,2024,物理,不限,否
10579,岭南师范学院,220,20,25,25,501,146322,2024,物理,不限,否
10579,岭南师范学院,221,21,40,40,504,140570,2024,物理,不限,否
10579,岭南师范学院,222,22,40,40,517,119399,2024,物理,不限,否
10579,岭南师范学院,223,23,50,50,515,121887,2024,物理,不限,否
10579,岭南师范学院,224,24,50,50,514,124010,2024,物理,不限,否
10579,岭南师范学院                                n,225,25,50,50,506,137654,2024,物理,不限,否
10579,岭南师范学院                                   V,226,26,40,40,519,115305,2024,物理,不限,否
10579,岭南师范学院                        PV&gt;,227,27,60,60,519,116398,2024,物理,不限,否
10579,岭南师范学院                        X,228,28,50,50,511,128420,2024,物理,不限,否
10579,岭南师范学院,229,29,30,30,519,115320,2024,物理,不限,否
10579,岭南师范学院（协同培养）IX,230,30,40,40,501,146761,2024,物理,不限,否
10579,岭南师范学院(协同培养),231,31,40,40,503,141962,2024,物理,不限,否
10579,岭南师范学院（中外合作办学）,232,32,75,75,478,186761,2024,物理,不限,否
10580,肇庆学院        1,208,08,225,225,502,143718,2024,物理,不限,否
10580,肇庆学院           1,209,09,134,0,504,140590,2024,物理,不限,否
10580,肇庆学院,210,10,25,25,506,137097,2024,物理,不限,否
10580,肇庆学院,211,11,280,280,508,134232,2024,物理,不限,否
10580,肇庆学院,212,12,422,422,508,134624,2024,物理,不限,否
10580,肇庆学院,213,13,598,598,506,136602,2024,物理,不限,否
10580,肇庆学院,214,14,464,464,495,157241,2024,物理,不限,否
10580,肇庆学院,215,15,370,370,495,156368,2024,物理,不限,否
10580,肇庆学院,216,16,103,103,519,115677,2024,物理,不限,否
10580,肇庆学院,217,17,40,40,519,116542,2024,物理,不限,否
10580,肇庆学院,218,18,30,30,528,102219,2024,物理,不限,否
10580,肇庆学院,?219,19,92,92,499,149860,2024,物理,不限,否
10582,嘉应学院,201,01,842,842,495,156681,2024,物理,不限,否
10582,嘉应学院,202,02,516,516,490,165240,2024,物理,不限,否
10582,嘉应学院,203,03,1149,1149,490,165415,2024,物理,不限,否
10582,嘉应学院,204,04,30,30,541,82821,2024,物理,不限,否
10582,嘉应学院（协同培养）,205,05,50,50,490,165498,2024,物理,不限,否
10582,嘉应学院,206,06,91,91,512,126816,2024,物理,不限,否
10582,嘉应学院,207,07,75,75,510,131188,2024,物理,不限,否
10582,嘉应学院,208,08,45,45,507,135068,2024,物理,不限,否
10582,嘉应学院,209,09,21,21,520,113491,2024,物理,不限,否
10582,嘉应学院,210,10,253,253,496,154486,2024,物理,不限,否
10582,嘉应学院,211,11,351,351,497,153612,2024,物理,不限,否
10582,嘉应学院                                      A,212,12,411,411,496,154222,2024,物理,不限,否
10582,嘉应学院                                  2,213,13,49,49,500,147315,2024,物理,不限,否
10582,嘉应学院（联合培养）,214,14,15,15,492,162079,2024,物理,不限,否
10582,嘉应学院（联合培养）,215,15,15,15,492,162528,2024,物理,不限,否
10585,广州体育学院,202,02,15,15,509,131727,2024,物理,不限,否
10585,广州体育学院              XY,203,03,20,20,516,120589,2024,物理,不限,否
10586,广州美术学院             WA,205,05,100,100,520,114605,2024,物理,不限,否
10586,广州美术学院,206,06,137,137,526,104470,2024,物理,不限,否
10587,星海音乐学院,203,03,6,6,524,108278,2024,物理,不限,否
10588,广东技术师范大学,201,01,217,217,547,74643,2024,物理,不限,否
10588,东技术师范大学,203,03,79,79,550,70828,2024,物理,不限,否
10588,东技术师范大学,204,04,120,120,543,79657,2024,物理,不限,否
10588,东技术师范大学(地方专项）,205,05,20,20,541,82127,2024,物理,不限,否
10588,广东技术师范大学,206,06,331,331,536,89410,2024,物理,不限,否
10588,广东技术师范大学,207,07,332,332,530,99249,2024,物理,不限,否
10588,广东技术师范大学,208,08,386,386,537,88077,2024,物理,不限,否
10588,东技术师范大学,209,09,243,243,525,106941,2024,物理,不限,否
10588,东技术师范大学,210,10,343,343,535,91023,2024,物理,不限,否
10588,东技术师范大学,211,11,115,115,533,94405,2024,物理,不限,否
10588,东技术师范大学,212,12,48,48,532,96406,2024,物理,不限,否
10588,广东技术师范大学,213,13,21,21,525,106901,2024,物理,不限,否
10588,广东技术师范大学                          x,214,14,72,72,534,92287,2024,物理,不限,否
10588,东技术师范大学,215,15,35,35,512,127809,2024,物理,不限,否
10588,东技术师范大学                             H,216,16,5,5,545,77193,2024,物理,不限,否
10588,东技术师范大学                  &gt;,217,17,68,68,531,96600,2024,物理,不限,否
10588,东技术师范大学                  K,218,18,91,91,531,97846,2024,物理,不限,否
10588,广东技术师范大学       v  公,219,19,76,76,527,102615,2024,物理,不限,否
10588,东技术师范大学      AX,220,20,59,59,525,107023,2024,物理,不限,否
10588,东技术师范大学             &gt;,221,21,170,170,530,98447,2024,物理,不限,否
10588,东技术师范大学,222,22,99,99,537,87626,2024,物理,不限,否
10588,东技术师范大学,223,23,104,104,520,113582,2024,物理,不限,否
10588,东技术师范大学,224,24,37,0,519,116104,2024,物理,不限,否
10588,广东技术师范大学(国际班),225,25,100,100,507,135518,2024,物理,不限,否
10588,广东技术师范大学（国际班）,226,26,50,50,505,138583,2024,物理,不限,否
10588,东技术师范大学(国际班),227,27,52,52,499,148871,2024,物理,不限,否
10588,东技术师范大学(少数民族班),228,28,30,15,433,267886,2024,物理,不限,否
10588,东技术师范大学(少数民族班),229,29,30,15,422,286797,2024,物理,不限,否
10588,广东技术师范大学(少数民族班),230,30,15,15,442,252780,2024,物理,不限,否
10588,广东技术师范大学(少数民族班),231,31,10,10,433,268402,2024,物理,不限,否
10588,东技术师范大学(少数民族班),232,32,15,15,460,219789,2024,物理,不限,否
10588,东技术师范大学(少数民族班),233,33,5,5,457,226278,2024,物理,不限,否
10588,东技术师范大学(少数民族班),234,34,10,10,485,174832,2024,物理,不限,否
10588,东技术师范大学(少数民族班),235,35,5,5,457,225189,2024,物理,不限,否
10588,东技术师范大学(少数民族班),236,36,5,5,433,268188,2024,物理,不限,否
10588,东技术师范大学(少数民族班),237,37,5,5,445,247821,2024,物理,不限,否
10588,广东技术师范大学(少数民族班),238,38,10,10,447,244961,2024,物理,不限,否
10588,东技术师范大学(少数民族班),239,39,15,15,452,235022,2024,物理,不限,否
10588,东技术师范大学(少数民族班),240,40,5,5,461,218007,2024,物理,不限,否
10588,广东技术师范大学(少数民族班),241,41,5,5,421,288551,2024,物理,不限,否
10588,广东技术师范大学(少数民族班),242,42,20,20,426,279212,2024,物理,不限,否
10589,海南大学,207,07,4,4,567,50625,2024,物理,不限,否
10589,海南大学（中外合作办学）,208,08,8,8,540,84284,2024,物理,不限,否
10589,海南大学,209,09,42,42,577,40614,2024,物理,不限,否
10589,海南大学                                      A,210,10,27,27,567,50804,2024,物理,不限,否
10589,海南大学,211,11,14,14,570,47219,2024,物理,不限,否
10589,海南大学,212,12,2,2,594,26058,2024,物理,不限,否
10589,海南大学,213,13,15,15,596,24752,2024,物理,不限,否
10589,海南大学（中外合作办学）,214,14,5,5,571,46335,2024,物理,不限,否
10590,深圳大学                    XY,221,21,15,15,628,8237,2024,物理,不限,否
10590,深圳大学                   WA,222,22,144,144,600,21989,2024,物理,不限,否
10590,深圳大学,223,23,31,31,597,23727,2024,物理,不限,否
10590,深圳大学,224,24,425,425,610,15759,2024,物理,不限,否
10590,深圳大学,225,25,647,647,604,19452,2024,物理,不限,否
10590,深圳大学IN,227,27,29,29,610,16114,2024,物理,不限,否
10590,深圳大学,228,28,16,16,610,16162,2024,物理,不限,否
10590,深圳大学&gt;,229,29,183,183,596,24428,2024,物理,不限,否
10590,深圳大学,230,30,57,57,594,26086,2024,物理,不限,否
10590,深圳大学,231,31,145,145,595,25235,2024,物理,不限,否
10590,深圳大学,232,32,189,189,618,12064,2024,物理,不限,否
10590,深圳大学,233/,33,25,25,613,14657,2024,物理,不限,否
10590,深圳大学,234,34,75,75,589,29998,2024,物理,不限,否
10590,深圳大学,235,35,34,34,591,28592,2024,物理,不限,否
10590,深圳大学,236,36,51,51,593,26360,2024,物理,不限,否
10590,深圳大学,237,37,166,166,588,30502,2024,物理,不限,否
10590,深圳大学,238,38,77,77,589,29849,2024,物理,不限,否
10590,深圳大学                                       m,239,39,22,22,596,24701,2024,物理,不限,否
10590,深圳大学                                         V,240,40,122,122,595,25110,2024,物理,不限,否
10590,深圳大学,241,41,101,101,605,18639,2024,物理,不限,否
10590,深圳大学,242,42,271,271,591,28089,2024,物理,不限,否
10590,深圳大学（中外合作办学）,243,43,180,180,578,39128,2024,物理,不限,否
10590,深圳大学(地方专项)      X,251,51,70,70,578,38998,2024,物理,不限,否
10590,深圳大学（地方专项）,252,52,15,15,572,45408,2024,物理,不限,否
10590,深圳大学(地方专项),253,53,20,20,587,31338,2024,物理,不限,否
10590,深圳大学(地方专项),254,54,15,15,557,61446,2024,物理,不限,否
10590,深圳大学(地方专项),255,55,75,75,567,49788,2024,物理,不限,否
10592,广东财经大学,202,02,933,933,543,79414,2024,物理,不限,否
10592,东财经大学,204,04,1411,1411,538,86634,2024,物理,不限,否
10592,东财经大学,206,06,156,156,564,54020,2024,物理,不限,否
10592,东财经大学,208,08,120,120,544,78460,2024,物理,不限,否
10592,广东财经大学,210,10,75,75,544,78330,2024,物理,不限,否
10592,广东财经大学,212,12,729,729,550,71086,2024,物理,不限,否
10592,广东财经大学,213,13,30,30,546,75989,2024,物理,不限,否
10592,广东财经大学（联合培养）,214,14,135,135,533,93683,2024,物理,不限,否
10592,东财经大学（联合培养）,216,16,40,40,535,91788,2024,物理,不限,否
10592,东财经大学(地方专项),?219,19,20,20,551,68770,2024,物理,不限,否
10592,东财经大学(地方专项),220,20,10,10,533,93510,2024,物理,不限,否
10593,广西大学,201,01,20,20,566,51130,2024,物理,不限,否
10593,广西大学,202,02,45,45,584,33599,2024,物理,不限,否
10593,广西大学,203,03,20,20,567,50257,2024,物理,不限,否
10594,西科技大学,201,01,3,3,522,110912,2024,物理,不限,否
10594,西科技大学,202,02,7,7,511,128565,2024,物理,不限,否
10594,广西科技大学,203,03,43,43,513,125981,2024,物理,不限,否
10595,桂林电子科技大学,201,01,21,21,540,83439,2024,物理,不限,否
10595,桂林电子科技大学,202,02,99,99,563,54735,2024,物理,不限,否
10595,桂林电子科技大学(本科预科班),205,05,5,5,456,228598,2024,物理,不限,否
10596,桂林理工大学,204,04,16,16,520,113683,2024,物理,不限,否
10596,桂林理工大学                                A,205,05,42,42,520,114042,2024,物理,不限,否
10596,桂林理工大学(中外合作办学),206,06,6,6,522,111256,2024,物理,不限,否
10598,广西医科大学                            入,201,01,7,7,522,111888,2024,物理,不限,否
10598,广西医科大学                            人,202,02,16,16,553,66235,2024,物理,不限,否
10598,广西医科大学,203,03,5,5,541,82091,2024,物理,不限,否
10599,右江民族医学院           XY,203,03,1,1,502,144830,2024,物理,不限,否
10599,右江民族医学院           N,204,04,2,2,497,153990,2024,物理,不限,否
10599,右江民族医学院,205,05,27,27,501,145922,2024,物理,不限,否
10599,右江民族医学院,206,06,1,1,514,124368,2024,物理,不限,否
10600,广西中医药大学,201,01,19,19,552,67681,2024,物理,不限,否
10600,广西中医药大学,203,03,5,5,539,85494,2024,物理,不限,否
10600,广西中医药大学(联合培养),205,05,4,4,503,142285,2024,物理,不限,否
10601,桂林医学院,201,01,12,12,532,95877,2024,物理,不限,否
10601,桂林医学院(联合培养),202,02,5,0,494,157699,2024,物理,不限,否
10602,广西师范大学,205,05,30,12,572,45420,2024,物理,不限,否
10602,广西师范大学,206,06,11,11,534,92671,2024,物理,不限,否
10602,西师范大学(联合培养),207,07,30,1,516,120695,2024,物理,不限,否
10602,广广西师范大学,208,08,30,2,564,53551,2024,物理,不限,否
10602,广西师范大学,209,09,4,4,567,49981,2024,物理,不限,否
10602,广西师范大学,210,10,5,5,551,68609,2024,物理,不限,否
10602,广西师范大学,211,11,10,10,549,71863,2024,物理,不限,否
10602,广西师范大学（联合培养）,212,12,1,1,503,143106,2024,物理,不限,否
10603,南宁师范大学                                 vn,203,03,12,12,516,121145,2024,物理,不限,否
10603,南宁师范大学                         1       T,204,04,4,4,549,72005,2024,物理,不限,否
10603,南宁师范大学,205,05,13,13,530,99458,2024,物理,不限,否
10603,南宁师范大学(桂台合作办学),206,06,3,3,521,113063,2024,物理,不限,否
10605,河池学院,201,01,5,5,501,145403,2024,物理,不限,否
10605,河池学院,202,02,5,5,494,157709,2024,物理,不限,否
10606,玉林师范学院        /,205,05,7,7,496,155187,2024,物理,不限,否
10606,玉林师范学院,206,06,25,25,499,150450,2024,物理,不限,否
10606,玉林师范学院 1,207,07,23,23,491,163305,2024,物理,不限,否
10606,玉林师范学院,208,08,18,18,489,166663,2024,物理,不限,否
10606,玉林师范学院,209,09,5,0,496,155723,2024,物理,不限,否
10607,上西艺术学院,203,03,8,0,498,151331,2024,物理,不限,否
10608,西民族大学,204,04,3,3,528,101372,2024,物理,不限,否
10608,西民族大学,205,05,30,0,507,135766,2024,物理,不限,否
10608,西民族大学,206,06,30,0,541,83029,2024,物理,不限,否
10608,广西民族大学（联合培养）,207,07,3,3,510,131292,2024,物理,不限,否
10608,广西民族大学,208,08,9,9,512,126627,2024,物理,不限,否
10608,西民族大学,209,09,10,10,507,134764,2024,物理,不限,否
10608,西民族大学（联合培养）,210,10,5,5,527,103102,2024,物理,不限,否
10608,西民族大学,?211,11,6,6,506,136648,2024,物理,不限,否
10608,广西民族大学,215,15,1,1,506,136775,2024,物理,不限,否
10610,四川大学,202,02,4,4,614,13691,2024,物理,不限,否
10610,四川大学（中外合作办学）,203,03,6,6,612,14904,2024,物理,不限,否
10610,四川大学,204,04,84,84,618,12055,2024,物理,不限,否
10610,四川大学（中外合作办学）,205,05,18,18,615,13322,2024,物理,不限,否
10610,四川大学,210,10,8,8,646,3432,2024,物理,不限,否
10610,四川大学(中外合作办学),211,11,4,4,615,13380,2024,物理,不限,否
10611,重庆大学,203,03,90,93,616,13017,2024,物理,不限,否
10611,重庆大学(中外合作办学),204,04,10,10,608,16889,2024,物理,不限,否
10613,西南交通大学,203,03,108,108,586,32283,2024,物理,不限,否
10613,西南交通大学(中外合作办学),207,07,19,19,594,26315,2024,物理,不限,否
10613,西南交通大学(中外合作办学)            M,208,08,10,10,573,43749,2024,物理,不限,否
10614,电子科技大学,202,02,122,122,640,4697,2024,物理,不限,否
10615,西南石油大学,206,06,11,11,557,61983,2024,物理,不限,否
10615,西南石油大学,207,07,53,53,564,53320,2024,物理,不限,否
10615,西南石油大学,208,08,17,17,561,56755,2024,物理,不限,否
10615,西南石油大学              XY,209,09,4,4,568,49639,2024,物理,不限,否
10615,西南石油大学             VWA,210,10,5,5,578,39044,2024,物理,不限,否
10616,成都理工大学,205,05,13,13,556,62507,2024,物理,不限,否
10616,成都理工大学,206,06,3,3,566,51643,2024,物理,不限,否
10616,成都理工大学(中外合作办学),207,07,3,3,542,80709,2024,物理,不限,否
10616,成都理工大学,210,10,41,41,555,64432,2024,物理,不限,否
10616,成都理工大学?,211,11,13,13,568,49107,2024,物理,不限,否
10616,成都理工大学,212,12,22,0,581,36806,2024,物理,不限,否
10616,成都理工大学(中外合作办学),213,13,30,74,570,46869,2024,物理,不限,否
10616,成都理工大学,215,15,12,12,579,38598,2024,物理,不限,否
10617,重庆邮电大学,202&lt;,02,133,133,571,46401,2024,物理,不限,否
10617,重庆邮电大学,203,03,18,18,583,34509,2024,物理,不限,否
10617,重庆邮电大学(中外合作办学),207,07,30,30,572,45174,2024,物理,不限,否
10618,重庆交通大学,204,04,3,3,547,74476,2024,物理,不限,否
10618,重庆交通大学,205,05,14,14,538,86607,2024,物理,不限,否
10618,重庆交通大学,206,06,12,12,542,81739,2024,物理,不限,否
10618,重庆交通大学                                m,207,07,79,79,542,81489,2024,物理,不限,否
10618,重庆交通大学                         1      V,208,08,3,3,568,49357,2024,物理,不限,否
10619,西南科技大学,204,04,11,11,536,89585,2024,物理,不限,否
10619,西南科技大学,205,05,47,47,527,103843,2024,物理,不限,否
10619,西南科技大学(中外合作办学),206,06,4,4,507,136303,2024,物理,不限,否
10621,成都信息工程大学,202,02,2,2,559,59894,2024,物理,不限,否
10621,成都信息工程大学           1,203,03,1,1,563,55194,2024,物理,不限,否
10621,成都信息工程大学,204,04,55,55,561,57416,2024,物理,不限,否
10622,四川轻化工大学,202,02,2,2,535,91494,2024,物理,不限,否
10622,四川轻化工大学,203,03,11,0,536,89587,2024,物理,不限,否
10622,四川轻化工大学,204,04,11,112,529,99517,2024,物理,不限,否
10623,西华大学,202,02,6,61,535,91237,2024,物理,不限,否
10623,西华大学,203,03,22,22,545,76570,2024,物理,不限,否
10623,西华大学,204,04,30,5,556,62587,2024,物理,不限,否
10623,西华大学(本科预科班),205,05,3,3,470,202167,2024,物理,不限,否
10624,中国民用航空飞行学院,204,04,5,5,528,102113,2024,物理,不限,否
10624,中国民用航空飞行学院,205,05,18,18,519,116082,2024,物理,不限,否
10624,中国民用航空飞行学院,206,06,15,15,532,95524,2024,物理,不限,否
10624,中国民用航空飞行学院,207,07,136,136,530,98032,2024,物理,不限,否
10624,中国民用航空飞行学院,?208,08,1,1,530,98347,2024,物理,不限,否
10626,四川农业大学,201,01,28,29,558,60376,2024,物理,不限,否
10626,四川农业大学,202,02,77,77,558,60537,2024,物理,不限,否
10628,西昌学院,201,01,2,2,520,114745,2024,物理,不限,否
10631,重庆医科大学（中外合作办学）,202,02,4,4,588,30391,2024,物理,不限,否
10631,重庆医科大学,203,03,7,7,601,21424,2024,物理,不限,否
10631,重庆医科大学,204,04,9,9,563,54891,2024,物理,不限,否
10632,西南医科大学,201,01,25,25,526,104188,2024,物理,不限,否
10633,成都中医药大学,202,02,2,2,544,78585,2024,物理,不限,否
10633,成都中医药大学(中外合作办学),203,03,2,2,533,93773,2024,物理,不限,否
10633,成都中医药大学,207,07,6,6,546,75924,2024,物理,不限,否
10633,成都中医药大学,208,08,8,8,582,35619,2024,物理,不限,否
10633,成都中医药大学,209,09,11,11,557,61260,2024,物理,不限,否
10633,成都中医药大学,210,10,2,2,552,68230,2024,物理,不限,否
10633,成都中医药大学（中外合作办学）    X,211,11,5,5,532,95239,2024,物理,不限,否
10634,川北医学院                             入,202,02,10,10,554,65019,2024,物理,不限,否
10634,川北医学院,203,03,5,5,549,71752,2024,物理,不限,否
10634,川北医学院                 XV,204,04,5,5,526,104597,2024,物理,不限,否
10635,西南大学                   WA,205,05,7,7,576,40789,2024,物理,不限,否
10635,西南大学,206,06,2,2,574,43701,2024,物理,不限,否
10635,西南大学(中外合作办学),207,07,1,1,592,27372,2024,物理,不限,否
10635,西南大学（中外合作办学）,208,08,3,3,588,30184,2024,物理,不限,否
10635,西南大学,211,11,6,6,592,27539,2024,物理,不限,否
10635,西南大学&gt;,212,12,2,2,613,14383,2024,物理,不限,否
10635,西南大学（中外合作办学）,213,13,24,24,567,50167,2024,物理,不限,否
10635,西南大学（中外合作办学）,214,14,8,8,574,42846,2024,物理,不限,否
10635,西南大学,215,15,30,1,605,18766,2024,物理,不限,否
10635,西南大学,216,16,30,1,587,31083,2024,物理,不限,否
10636,四川师范大学,206,06,31,31,533,94919,2024,物理,不限,否
10636,四川师范大学,207,07,3,3,548,73137,2024,物理,不限,否
10636,四川师范大学,208,08,3,3,556,62388,2024,物理,不限,否
10636,四川师范大学,209,09,3,3,552,67671,2024,物理,不限,否
10636,四川师范大学                                双,210,10,28,28,546,75945,2024,物理,不限,否
10636,四川师范大学,211,11,6,6,532,95228,2024,物理,不限,否
10636,四川师范大学                         Y,212,12,2,2,534,92940,2024,物理,不限,否
10636,四川师范大学,213,13,5,5,545,76487,2024,物理,不限,否
10637,重庆师范大学,203,03,9,9,542,81585,2024,物理,不限,否
10637,重庆师范大学             v   &gt;,204,04,7,7,549,71209,2024,物理,不限,否
10637,重庆师范大学,205,05,7,7,539,84675,2024,物理,不限,否
10637,重庆师范大学        /    ?1,206,06,1,1,568,49473,2024,物理,不限,否
10638,西华师范大学,203,03,5,5,522,110950,2024,物理,不限,否
10638,西华师范大学,205,05,5,5,530,99393,2024,物理,不限,否
10640,内江师范学院,203,03,3,0,521,113283,2024,物理,不限,否
10640,内江师范学院,204,04,1,1,525,106612,2024,物理,不限,否
10640,内江师范学院,205,05,8,8,515,121831,2024,物理,不限,否
10640,内江师范学院,206,06,30,4,512,127277,2024,物理,不限,否
10642,重庆文理学院,201,01,11,11,504,141042,2024,物理,不限,否
10643,重庆三峡学院,203,03,5,0,523,110033,2024,物理,不限,否
10643,重庆三峡学院,204,04,4,4,502,143763,2024,物理,不限,否
10644,四川文理学院,202,02,3,3,503,141964,2024,物理,不限,否
10644,四川文理学院,203,03,3,3,503,142676,2024,物理,不限,否
10647,长江师范学院,?202,02,3,3,512,126628,2024,物理,不限,否
10647,长江师范学院(中外合作办学),203,03,8,8,484,175735,2024,物理,不限,否
10649,乐山师范学院,202,02,6,6,500,148351,2024,物理,不限,否
10649,乐山师范学院,203,03,6,6,498,151649,2024,物理,不限,否
10650,四川外国语大学,206,06,8,8,548,73487,2024,物理,不限,否
10650,四川外国语大学(中外合作办学),207,07,2,2,535,90897,2024,物理,不限,否
10650,四川外国语大学,208,08,13,13,534,92828,2024,物理,不限,否
10650,四川外国语大学(中外合作办学),209,09,1,1,525,106363,2024,物理,不限,否
10650,四川外国语大学,210,10,1,1,549,71372,2024,物理,不限,否
10651,西南财经大学,203,03,30,30,602,20470,2024,物理,不限,否
10651,西南财经大学(中外合作办学),204,04,22,22,578,39521,2024,物理,不限,否
10651,西南财经大学,205,05,14,14,606,18010,2024,物理,不限,否
10652,西南政法大学,204,04,4,4,583,34814,2024,物理,不限,否
10652,西南政法大学,205,05,92,92,583,34530,2024,物理,不限,否
10652,西南政法大学(中外合作办学),206,06,4,4,613,14575,2024,物理,不限,否
10654,四川音乐学院,202,02,2,2,521,112167,2024,物理,不限,否
10654,四川音乐学院(中外合作办学）,211,11,2,2,516,121032,2024,物理,不限,否
10655,四川美术学院              XY,202,02,8,8,519,116451,2024,物理,不限,否
10655,四川美术学院             VWA,203,03,3,3,551,69216,2024,物理,不限,否
10656,西南民族大学,203,03,15,15,532,95157,2024,物理,不限,否
10656,西南民族大学,204,04,4,4,534,93254,2024,物理,不限,否
10656,西南民族大学,205,05,17,17,543,80262,2024,物理,不限,否
10656,西南民族大学,207,07,11,11,531,96975,2024,物理,不限,否
10657,贵州大学,203,03,2,2,577,40402,2024,物理,不限,否
10657,贵州大学&gt;,204,04,15,15,578,39495,2024,物理,不限,否
10657,贵州大学,205,05,2,2,576,41131,2024,物理,不限,否
10657,贵州大学(中外合作办学),206,06,5,5,570,47099,2024,物理,不限,否
10657,贵州大学(中外合作办学),207,07,3,3,552,67620,2024,物理,不限,否
10657,贵州大学（中外合作办学）,208,08,3,3,551,68963,2024,物理,不限,否
10660,贵州医科大学,201,01,13,13,563,54772,2024,物理,不限,否
10660,贵州医科大学（联合培养）,202,02,4,4,472,197873,2024,物理,不限,否
10660,贵州医科大学(中外合作办学),203,03,3,3,516,120190,2024,物理,不限,否
10660,贵州医科大学（联合培养）,205,05,5,5,510,131089,2024,物理,不限,否
10660,贵州医科大学                                双,206,06,6,6,513,125001,2024,物理,不限,否
10661,遵义医科大学                                vn,204,04,2,2,510,130327,2024,物理,不限,否
10661,遵义医科大学                                   T,205,05,79,79,534,92425,2024,物理,不限,否
10661,遵义医科大学,206,06,2,2,515,123050,2024,物理,不限,否
10661,遵义医科大学,209,09,114,114,562,56337,2024,物理,不限,否
10661,遵义医科大学             v   &gt;,210,10,61,61,519,115437,2024,物理,不限,否
10661,遵义医科大学           AX,211,11,18,18,521,113090,2024,物理,不限,否
10661,遵义医科大学       人          ?,212,12,52,52,518,118035,2024,物理,不限,否
10662,贵州中医药大学,203,03,2,2,531,97420,2024,物理,不限,否
10662,贵州中医药大学,204,04,2,2,522,111434,2024,物理,不限,否
10662,贵州中医药大学,205,05,7,0,487,171785,2024,物理,不限,否
10662,贵州中医药大学,206,06,28,28,515,122943,2024,物理,不限,否
10662,贵州中医药大学（中外合作办学）,207,07,5,57,503,142549,2024,物理,不限,否
10663,贵州师范大学,204,04,5,0,554,65258,2024,物理,不限,否
10663,贵州师范大学,205,05,30,5,527,103494,2024,物理,不限,否
10663,贵州师范大学,206,06,3,3,537,88326,2024,物理,不限,否
10667,安顺学院,204,04,1,0,502,144598,2024,物理,不限,否
10667,安顺学院,205,05,2,2,495,157224,2024,物理,不限,否
10667,安顺学院,206,06,1,1,493,160402,2024,物理,不限,否
10668,贵州工程应用技术学院,204,04,3,3,497,153867,2024,物理,不限,否
10669,凯里学院,?202,02,8,8,493,159581,2024,物理,不限,否
10669,凯里学院,203,03,4,4,496,154611,2024,物理,不限,否
10669,凯里学院(中外合作办学),204,04,10,10,488,169869,2024,物理,不限,否
10671,贵州财经大学,202,02,8,8,524,108109,2024,物理,不限,否
10671,贵州财经大学（中外合作办学）,203,03,3,3,521,112569,2024,物理,不限,否
10673,云南大学,204,04,15,15,559,59814,2024,物理,不限,否
10673,云南大学,205,05,4,4,578,38861,2024,物理,不限,否
10673,云南大学,206,06,38,38,575,42347,2024,物理,不限,否
10673,云南大学(中外合作办学),207,07,5,5,557,61326,2024,物理,不限,否
10673,云南大学,208,08,19,19,589,29989,2024,物理,不限,否
10673,云南大学,209,09,2,2,596,24307,2024,物理,不限,否
10674,昆明理工大学,202,02,12,12,539,84760,2024,物理,不限,否
10674,昆明理工大学                                 A,203,03,44,44,546,76041,2024,物理,不限,否
10676,云南农业大学,201,01,3,3,528,101689,2024,物理,不限,否
10676,云南农业大学                            X,202,02,3,3,525,106357,2024,物理,不限,否
10676,云南农业大学(中外合作办学)        入,203,03,2,2,500,148349,2024,物理,不限,否
10676,云南农业大学,204,04,31,31,513,125169,2024,物理,不限,否
10676,云南农业大学（中外合作办学）,205,05,1,1,517,118991,2024,物理,不限,否
10677,西南林业大学            VNA,201,01,2,2,523,109052,2024,物理,不限,否
10677,西南林业大学,202,02,14,14,514,124380,2024,物理,不限,否
10677,西南林业大学,203,03,2,2,520,115062,2024,物理,不限,否
10677,西南林业大学(中外合作办学),204,04,1,1,522,110951,2024,物理,不限,否
10678,昆明医科大学(中外合作办学),202,02,7,7,507,135659,2024,物理,不限,否
10679,大理大学&gt;,202,02,4,4,523,109996,2024,物理,不限,否
10679,大理大学,203,03,8,18,515,121690,2024,物理,不限,否
10679,大理大学,204,04,2,12,525,106330,2024,物理,不限,否
10680,云南中医药大学,201,01,6,6,516,120768,2024,物理,不限,否
10681,云南师范大学,204,04,30,3,555,64188,2024,物理,不限,否
10681,云南师范大学,205,05,30,9,525,106660,2024,物理,不限,否
10681,云南师范大学,207,07,3,3,559,58886,2024,物理,不限,否
10685,普洱学院,201,01,5,5,490,164964,2024,物理,不限,否
10687,红河学院,202,02,8,8,496,155171,2024,物理,不限,否
10687,红河学院                                      x,203,03,8,8,495,156913,2024,物理,不限,否
10689,云南财经大学                                v,204,04,32,32,517,118809,2024,物理,不限,否
10689,云南财经大学（中外合作办学）,205,05,29,29,511,129336,2024,物理,不限,否
10689,云南财经大学,206,06,14,14,522,111646,2024,物理,不限,否
10689,云南财经大学,207,07,2,2,522,110669,2024,物理,不限,否
10689,云南财经大学(中外合作办学),209,09,6,6,497,153809,2024,物理,不限,否
10691,云南民族大学,203,03,1,0,544,78197,2024,物理,不限,否
10694,西藏大学             1      1,206,06,7,7,533,93976,2024,物理,不限,否
10694,西藏大学,207,07,1,1,542,80402,2024,物理,不限,否
10694,西藏大学       ?,208,08,13,13,529,100604,2024,物理,不限,否
10694,西藏大学,209,09,3,0,543,79544,2024,物理,不限,否
10694,西藏大学,211,11,4,0,539,85028,2024,物理,不限,否
10697,西北大学,203,03,2,21,592,27486,2024,物理,不限,否
10697,西北大学,204,04,18,18,603,19707,2024,物理,不限,否
10697,西北大学,205,05,2,2,602,20424,2024,物理,不限,否
10697,西北大学（中外合作办学）,206,06,3,0,567,50369,2024,物理,不限,否
10698,西安交通大学,202,02,9,9,640,4861,2024,物理,不限,否
10698,西安交通大学,203,03,145,145,648,3031,2024,物理,不限,否
10698,西安交通大学（中外合作办学）,207,07,24,24,605,18729,2024,物理,不限,否
10699,西北工业大学,202,02,87,87,635,6020,2024,物理,不限,否
10700,西安理工大学,?201,01,34,34,555,64511,2024,物理,不限,否
10700,西安理工大学(中外合作办学),202,02,8,8,546,76224,2024,物理,不限,否
10701,西安电子科技大学,201,01,7,7,611,15314,2024,物理,不限,否
10701,西安电子科技大学(中外合作办学),202,02,11,11,604,19520,2024,物理,不限,否
10701,西安电子科技大学,203,03,100,100,625,9355,2024,物理,不限,否
10701,西安电子科技大学(中外合作办学),204,04,18,18,610,16188,2024,物理,不限,否
10702,西安工业大学,202,02,2,2,551,69012,2024,物理,不限,否
10702,西安工业大学,203,03,8,8,551,69681,2024,物理,不限,否
10702,西安工业大学(中外合作办学),204,04,4,4,546,75908,2024,物理,不限,否
10703,西安建筑科技大学,202,02,3,3,566,50884,2024,物理,不限,否
10703,西安建筑科技大学(中外合作办学),203,03,2,2,536,89550,2024,物理,不限,否
10703,西安建筑科技大学,204,04,41,41,539,85323,2024,物理,不限,否
10703,西安建筑科技大学（中外合作办学）,206,06,4,4,537,88249,2024,物理,不限,否
10703,西安建筑科技大学                      一,207,07,3,3,553,66814,2024,物理,不限,否
10704,西安科技大学                            入,201,01,6,6,543,80201,2024,物理,不限,否
10704,西安科技大学                            人,202,02,2,2,557,61376,2024,物理,不限,否
10704,西安科技大学,203,03,53,53,539,84711,2024,物理,不限,否
10705,西安石油大学              XV,203,03,2,2,534,93122,2024,物理,不限,否
10705,西安石油大学             WA,204,04,12,12,533,94770,2024,物理,不限,否
10705,西安石油大学,205,05,3,3,542,81109,2024,物理,不限,否
10705,西安石油大学     V&gt;,206,06,3,3,562,56383,2024,物理,不限,否
10708,陕西科技大学,202,02,19,19,548,72963,2024,物理,不限,否
10708,陕西科技大学(中外合作办学),203,03,7,7,542,80853,2024,物理,不限,否
10709,西安工程大学,201,01,2,0,549,71682,2024,物理,不限,否
10709,西安工程大学,202,02,15,15,525,105708,2024,物理,不限,否
10710,长安大学&gt;,202,02,29,29,567,50458,2024,物理,不限,否
10710,长安大学,203,03,158,158,579,38341,2024,物理,不限,否
10710,长安大学(中外合作办学),204,04,15,15,573,44719,2024,物理,不限,否
10710,长安大学（中外合作办学）,205,05,10,10,578,39742,2024,物理,不限,否
10712,西北农林科技大学,203,03,30,7,593,26831,2024,物理,不限,否
10712,西北农林科技大学,204,04,2,2,598,22923,2024,物理,不限,否
10712,西北农林科技大学,205,05,26,26,599,22584,2024,物理,不限,否
10712,西北农林科技大学,206,06,23,23,589,29731,2024,物理,不限,否
10712,西北农林科技大学(中外合作办学),207,07,4,4,577,39859,2024,物理,不限,否
10712,西北农林科技大学(中外合作办学)      x,208,08,5,5,579,38705,2024,物理,不限,否
10712,西北农林科技大学                           vX,209,09,2,2,602,20336,2024,物理,不限,否
10716,陕西中医药大学,201,01,22,22,520,113896,2024,物理,不限,否
10718,陕西师范大学,205,05,2,2,607,17692,2024,物理,不限,否
10718,陕西师范大学,206,06,7,7,581,36489,2024,物理,不限,否
10718,陕西师范大学             V,207,07,1,1,582,36079,2024,物理,不限,否
10718,陕西师范大学                X,208,08,15,15,590,29108,2024,物理,不限,否
10718,陕西师范大学        /    V1,209,09,26,26,596,24398,2024,物理,不限,否
10718,陕西师范大学,210,10,27,27,591,28259,2024,物理,不限,否
10718,陕西师范大学 ?,211,11,30,30,590,28929,2024,物理,不限,否
10718,陕西师范大学,212,12,7,0,587,31671,2024,物理,不限,否
10719,延安大学,203,03,2,0,520,114081,2024,物理,不限,否
10719,延安大学,204,04,2,0,521,112963,2024,物理,不限,否
10719,延安大学,205,05,4,4,516,120692,2024,物理,不限,否
10720,陕西理工大学,202,02,30,0,523,109746,2024,物理,不限,否
10720,陕西理工大学,203,03,3,0,529,99506,2024,物理,不限,否
10720,陕西理工大学(中外合作办学),204,04,15,15,511,128953,2024,物理,不限,否
10721,宝鸡文理学院,201,01,5,5,497,153915,2024,物理,不限,否
10722,咸阳师范学院,202,02,2,2,502,143525,2024,物理,不限,否
10722,咸阳师范学院,203,03,2,2,509,132951,2024,物理,不限,否
10722,咸阳师范学院,?204,04,2,2,514,124256,2024,物理,不限,否
10724,西安外国语大学,203,03,5,5,549,72260,2024,物理,不限,否
10724,西安外国语大学,204,04,10,10,540,83647,2024,物理,不限,否
10724,西安外国语大学,205,05,1,1,539,85349,2024,物理,不限,否
10726,西北政法大学,203,03,2,2,609,16745,2024,物理,不限,否
10726,西北政法大学,204,04,3,3,582,35470,2024,物理,不限,否
10730,兰州大学,204,04,2,2,599,22441,2024,物理,不限,否
10730,兰州大学,205,05,12,12,600,21715,2024,物理,不限,否
10730,兰州大学,206,06,30,30,609,16362,2024,物理,不限,否
10730,兰州大学,207,07,8,8,612,14690,2024,物理,不限,否
10730,兰州大学,208,08,43,43,601,21510,2024,物理,不限,否
10730,兰州大学,209,09,9,9,609,16624,2024,物理,不限,否
10730,兰州大学（中外合作办学）                 A,210,10,10,10,605,18956,2024,物理,不限,否
10731,兰州理工大学                           2,202,02,4,4,510,130496,2024,物理,不限,否
10731,兰州理工大学                            X,203,03,56,56,527,103989,2024,物理,不限,否
10731,兰州理工大学                            人,204,04,4,4,521,112163,2024,物理,不限,否
10731,兰州理工大学,205,05,2,2,519,115230,2024,物理,不限,否
10731,兰州理工大学              XY,206,06,2,2,547,73803,2024,物理,不限,否
10731,兰州理工大学              N,207,07,3,3,542,80954,2024,物理,不限,否
10732,兰州交通大学,203,03,22,22,537,87456,2024,物理,不限,否
10732,兰州交通大学,204,04,7,7,534,92616,2024,物理,不限,否
10732,兰州交通大学,205,05,3,3,556,63181,2024,物理,不限,否
10733,甘肃农业大学,202,02,23,23,494,158288,2024,物理,不限,否
10735,甘肃中医药大学,201,01,3,0,505,138670,2024,物理,不限,否
10735,甘肃中医药大学,202,02,4,4,506,136551,2024,物理,不限,否
10735,甘肃中医药大学,203,03,33,33,535,90958,2024,物理,不限,否
10736,西北师范大学,206,06,5,0,531,97511,2024,物理,不限,否
10736,西北师范大学,207,07,3,3,544,78603,2024,物理,不限,否
10736,西北师范大学,208,08,17,17,538,86726,2024,物理,不限,否
10738,陇东学院,203,03,6,6,495,156085,2024,物理,不限,否
10738,陇东学院,204,04,6,6,496,154787,2024,物理,不限,否
10738,陇东学院,205,05,16,16,491,163716,2024,物理,不限,否
10739,天水师范学院,205,05,3,3,499,150360,2024,物理,不限,否
10739,天水师范学院,206,06,3,3,499,149727,2024,物理,不限,否
10739,天水师范学院,207,07,5,5,501,146493,2024,物理,不限,否
10739,天水师范学院                                vn,208,08,3,3,491,163808,2024,物理,不限,否
10741,兰州财经大学                         1       V,203,03,22,22,505,138441,2024,物理,不限,否
10741,兰州财经大学,204,04,8,8,515,122191,2024,物理,不限,否
10741,兰州财经大学（联合培养）,208,08,6,6,493,160032,2024,物理,不限,否
10742,西北民族大学                               ?,204,04,8,8,502,143498,2024,物理,不限,否
10742,西北民族大学,205,05,2,2,506,137910,2024,物理,不限,否
10743,青海大学              /,201,01,7,7,547,73807,2024,物理,不限,否
10743,青海大学,202,02,42,42,544,78443,2024,物理,不限,否
10743,青海大学,203,03,16,16,543,80055,2024,物理,不限,否
10743,青海大学,204,04,8,0,565,52505,2024,物理,不限,否
10743,青海大学              ?,205,05,7,0,550,70073,2024,物理,不限,否
10746,青海师范大学,203,03,4,4,504,141607,2024,物理,不限,否
10746,青海师范大学,204,04,6,6,523,108896,2024,物理,不限,否
10746,青海师范大学,205,05,30,0,518,117211,2024,物理,不限,否
10748,青海民族大学,201,01,30,0,506,137235,2024,物理,不限,否
10749,宁夏大学,202,02,11,0,569,48618,2024,物理,不限,否
10749,宁夏大学,203,03,5,5,577,39990,2024,物理,不限,否
10749,宁夏大学（中外合作办学）,204,04,3,3,537,87649,2024,物理,不限,否
10752,宁夏医科大学,201,01,1,1,501,145427,2024,物理,不限,否
10752,宁夏医科大学,?202,02,1,1,520,114453,2024,物理,不限,否
10752,宁夏医科大学,203,03,44,44,511,128935,2024,物理,不限,否
10752,宁夏医科大学,204,04,6,6,502,143786,2024,物理,不限,否
10755,新疆大学,204,04,2,2,561,56820,2024,物理,不限,否
10755,新疆大学,205,05,2,2,557,61252,2024,物理,不限,否
10755,新疆大学,206,06,21,21,548,72613,2024,物理,不限,否
10755,新疆大学,207,07,24,24,553,66144,2024,物理,不限,否
10755,新疆大学,208,08,4,4,560,58180,2024,物理,不限,否
10755,新疆大学,209,09,1,1,555,63810,2024,物理,不限,否
10757,塔里木大学,201,01,5,5,495,156209,2024,物理,不限,否
10757,塔里木大学,202,02,18,18,492,161357,2024,物理,不限,否
10757,塔里木大学,203,03,12,12,491,163052,2024,物理,不限,否
10757,塔里木大学,204,04,5,5,495,156240,2024,物理,不限,否
10758,新疆农业大学,204,04,2,2,498,151455,2024,物理,不限,否
10758,新疆农业大学                           X,205,05,2,2,496,154869,2024,物理,不限,否
10758,新疆农业大学,206,06,8,8,485,175226,2024,物理,不限,否
10758,新疆农业大学,207,07,100,100,489,168038,2024,物理,不限,否
10758,新疆农业大学              XV,208,08,20,20,500,147599,2024,物理,不限,否
10758,新疆农业大学              WA,209,09,6,6,496,154943,2024,物理,不限,否
10758,新疆农业大学（中外合作办学）,210,10,5,5,488,168419,2024,物理,不限,否
10759,石河子大学,201,01,4,4,544,78110,2024,物理,不限,否
10759,石河子大学,202,02,8,8,538,86311,2024,物理,不限,否
10759,石河子大学            X,203,03,10,10,549,71903,2024,物理,不限,否
10759,石河子大学A,204,04,10,10,556,63327,2024,物理,不限,否
10759,石河子大学M,205,05,2,2,560,57711,2024,物理,不限,否
10759,石河子大学,206,06,4,4,550,69977,2024,物理,不限,否
10760,新疆医科大学,201,01,8,8,511,129079,2024,物理,不限,否
10760,新疆医科大学,202,02,62,62,507,135929,2024,物理,不限,否
10762,新疆师范大学,203,03,2,2,517,118905,2024,物理,不限,否
10762,新疆师范大学,204,04,9,9,493,159931,2024,物理,不限,否
10762,新疆师范大学,205,05,6,6,504,140899,2024,物理,不限,否
10762,新疆师范大学,206,06,5,5,507,136164,2024,物理,不限,否
10763,喀什大学,204,04,8,8,493,159606,2024,物理,不限,否
10763,喀什大学                                           ?,205,05,2,2,505,138265,2024,物理,不限,否
10763,喀什大学                                      双,206,06,51,51,488,169169,2024,物理,不限,否
10763,喀什大学                                       m,207,07,3,3,496,155041,2024,物理,不限,否
10764,伊型师范大学                         1      H,203,03,8,8,491,163321,2024,物理,不限,否
10764,伊型师范大学,204,04,3,3,492,161591,2024,物理,不限,否
10764,伊犁师范大学,205,05,19,19,488,168193,2024,物理,不限,否
10764,伊型师范大学             v,206,06,3,3,491,163891,2024,物理,不限,否
10765,新疆和田学院,203,03,2,2,495,156873,2024,物理,不限,否
10765,新疆和田学院       人      1,204,04,9,9,487,170100,2024,物理,不限,否
10766,新疆财经大学,203,03,1,1,499,150405,2024,物理,不限,否
10766,新疆财经大学 ?,204,04,11,11,503,142435,2024,物理,不限,否
10766,新疆财经大学,205,05,4,0,504,141665,2024,物理,不限,否
10766,新疆财经大学,206,06,1,1,502,144765,2024,物理,不限,否
10768,新疆艺术学院,202,02,5,0,486,172710,2024,物理,不限,否
10792,天津城建大学,206,06,4,4,510,130881,2024,物理,不限,否
10792,天津城建大学(中外合作办学),207,07,4,0,501,146808,2024,物理,不限,否
10792,天津城建大学,208,08,31,31,509,132066,2024,物理,不限,否
10792,天津城建大学,209,09,5,5,506,137881,2024,物理,不限,否
10792,天津城建大学,210,10,3,3,518,117634,2024,物理,不限,否
10809,山西中医药大学,201,01,3,3,510,130818,2024,物理,不限,否
10809,山西中医药大学,202,02,15,15,543,79718,2024,物理,不限,否
10812,吕梁学院,?202,02,1,1,494,159094,2024,物理,不限,否
10812,吕梁学院,203,03,3,3,496,154424,2024,物理,不限,否
10822,广东白云学院,201,01,519,519,471,200862,2024,物理,不限,否
10822,广东白云学院(校企联合培养）,202,02,400,400,465,211773,2024,物理,不限,否
10822,广东白云学院,203,03,462,462,468,205104,2024,物理,不限,否
10822,广东白云学院,204,04,603,603,471,200196,2024,物理,不限,否
10822,广东白云学院,205,05,114,114,457,226378,2024,物理,不限,否
10822,广东白云学院,206,06,238,238,459,222472,2024,物理,不限,否
10822,广东白云学院,207,07,210,210,478,187426,2024,物理,不限,否
10822,广东白云学院,208,08,90,90,479,185331,2024,物理,不限,否
10822,东白云学院,209,09,40,40,479,185414,2024,物理,不限,否
10822,东白云学院,?210,10,220,220,461,218740,2024,物理,不限,否
10822,东白云学院                                A,211,11,214,214,463,214365,2024,物理,不限,否
10822,东白云学院                           2,212,12,465,465,468,204951,2024,物理,不限,否
10822,广东白云学院（校企联合培养）,213,13,156,156,459,222889,2024,物理,不限,否
10822,广东白云学院(校企联合培养),214,14,50,50,449,240059,2024,物理,不限,否
10822,东白云学院（学分互认）         &gt;,215,15,95,95,459,222003,2024,物理,不限,否
10822,东白云学院（学分互认）XV,216,16,25,25,458,223361,2024,物理,不限,否
10822,广东白云学院            WA,217,17,64,64,469,203403,2024,物理,不限,否
10823,长沙医学院,201,01,130,130,489,167625,2024,物理,不限,否
10833,广东轻工职业技术大学,201,01,70,70,523,108749,2024,物理,不限,否
10833,广东轻工职业技术大学,202,02,70,70,535,91785,2024,物理,不限,否
10841,辽宁对外经贸学院,202,02,4,0,474,195426,2024,物理,不限,否
10846,江西科技学院,202,02,3,3,484,177067,2024,物理,不限,否
10850,南京工业职业技术大学,202,02,45,45,526,104750,2024,物理,不限,否
10856,上海工程技术大学,203,03,8,8,540,83376,2024,物理,不限,否
10856,上海工程技术大学,204,04,37,37,541,81884,2024,物理,不限,否
10876,浙江万里学院,203,03,3,3,500,147629,2024,物理,不限,否
10876,浙江万里学院,204,04,10,10,511,129207,2024,物理,不限,否
10878,安徽建筑大学,201,01,8,8,528,101577,2024,物理,不限,否
10878,安徽建筑大学,202,02,12,12,514,123746,2024,物理,不限,否
10895,萍乡学院,202,02,2,2,498,151866,2024,物理,不限,否
10895,萍乡学院,203,03,7,7,492,161068,2024,物理,不限,否
10904,枣庄学院                                      x,201,01,5,5,494,158293,2024,物理,不限,否
10908,山东工艺美术学院                          m,202,02,5,5,509,132159,2024,物理,不限,否
10918,黄淮学院                                         T,201,01,5,5,495,156536,2024,物理,不限,否
10918,黄淮学院,202,02,10,10,490,164727,2024,物理,不限,否
10918,黄淮学院,203,03,10,10,491,162851,2024,物理,不限,否
10918,黄淮学院（中外合作办学）      &gt;,204,04,5,5,490,164889,2024,物理,不限,否
10918,黄淮学院                     X,205,05,5,5,495,157286,2024,物理,不限,否
10919,平顶山学院           /      1,202,02,2,2,492,162390,2024,物理,不限,否
10919,平顶山学院       Y,203,03,2,2,502,144578,2024,物理,不限,否
10920,湖北理工学院 1,203,03,11,11,515,121625,2024,物理,不限,否
10927,湖北科技学院,201,01,2,0,522,110533,2024,物理,不限,否
10927,湖北科技学院,202,02,8,0,521,113254,2024,物理,不限,否
10927,湖北科技学院（中外合作办学）,203,03,2,21,515,122149,2024,物理,不限,否
10929,湖北医药学院,201,01,8,8,517,119569,2024,物理,不限,否
10964,吉林外国语大学,203,03,30,0,486,173599,2024,物理,不限,否
10964,吉林外国语大学,204,04,91,9,483,179144,2024,物理,不限,否
10964,吉林外国语大学(中外合作办学),205,05,2,2,477,190091,2024,物理,不限,否
10994,新疆工程学院,201,01,39,39,488,169332,2024,物理,不限,否
10994,新疆工程学院,202,02,6,6,487,170528,2024,物理,不限,否
10994,新疆工程学院,203,03,5,5,488,169361,2024,物理,不限,否
10997,昌吉学院,?203,03,1,1,491,163680,2024,物理,不限,否
10997,昌吉学院,204,04,4,4,488,168836,2024,物理,不限,否
10997,昌吉学院(校企联合培养）,205,05,7,7,487,170660,2024,物理,不限,否
11035,沈阳大学（中外合作办学）,201,01,2,2,513,126250,2024,物理,不限,否
11035,沈阳大学,202,02,31,31,516,120020,2024,物理,不限,否
11035,沈阳大学(中外合作办学),203,03,2,2,522,111525,2024,物理,不限,否
11047,上海立信会计金融学院,202,02,12,12,541,82194,2024,物理,不限,否
11047,上海立信会计金融学院,203,03,6,6,549,71479,2024,物理,不限,否
11048,金陵科技学院,202,02,3,3,527,103993,2024,物理,不限,否
11048,金陵科技学院,203,03,10,10,522,110486,2024,物理,不限,否
11048,金陵科技学院,204,04,1,1,523,109962,2024,物理,不限,否
11049,淮阴工学院,201,01,6,6,501,145303,2024,物理,不限,否
11049,淮阴工学院                                   M,202,02,2,2,512,126411,2024,物理,不限,否
11049,淮阴工学院                              2,203,03,2,2,510,129844,2024,物理,不限,否
11053,徐州工程学院,203,03,3,3,513,126315,2024,物理,不限,否
11055,常州工学院,201,01,5,5,503,142798,2024,物理,不限,否
11055,常州工学院                           &gt;,202,02,10,10,502,143854,2024,物理,不限,否
11057,浙江科技大学              XY,202,02,34,34,538,85938,2024,物理,不限,否
11057,浙江科技大学（联合培养）WA,203,03,5,5,543,79921,2024,物理,不限,否
11058,宁波工程学院                 N  1,201,01,6,6,521,113080,2024,物理,不限,否
11058,宁波工程学院   入&gt;,202,02,20,20,529,100411,2024,物理,不限,否
11058,宁波工程学院,203,03,2,2,522,110725,2024,物理,不限,否
11059,合肥大学,201,01,2,0,524,107857,2024,物理,不限,否
11059,合肥大学,202,02,2,2,527,102872,2024,物理,不限,否
11059,合肥大学&gt;,203,03,9,9,516,121478,2024,物理,不限,否
11059,合肥大学,204,04,3,3,521,111980,2024,物理,不限,否
11062,厦门理工学院(中外合作办学),203,03,30,3,548,73088,2024,物理,不限,否
11062,厦门理工学院,204,04,25,25,547,74769,2024,物理,不限,否
11065,青岛大学,202,02,10,10,543,80145,2024,物理,不限,否
11065,青岛大学,203,03,25,25,541,82417,2024,物理,不限,否
11065,青岛大学,204,04,13,13,550,70558,2024,物理,不限,否
11065,青岛大学,205,05,2,2,532,95170,2024,物理,不限,否
11066,烟台大学,203,03,4,4,529,100731,2024,物理,不限,否
11066,烟台大学                                      x,204,04,10,10,528,101620,2024,物理,不限,否
11066,烟台大学（本科预科班）                     v,205,05,3,3,470,202818,2024,物理,不限,否
11067,潍坊学院,203,03,4,4,497,152716,2024,物理,不限,否
11067,潍坊学院,204,04,5,5,492,162781,2024,物理,不限,否
11067,潍坊学院                         &gt;,205,05,3,3,488,168698,2024,物理,不限,否
11068,郑州工程技术学院        v           Y,202,02,7,7,496,155763,2024,物理,不限,否
11068,郑州工程技术学院      AX,203,03,16,16,493,161046,2024,物理,不限,否
11070,洛阳理工学院        /   ? ?,202,02,7,7,495,157197,2024,物理,不限,否
11070,洛阳理工学院,203,03,49,49,504,141111,2024,物理,不限,否
11070,洛阳理工学院(中外合作办学),204,04,14,14,486,171879,2024,物理,不限,否
11071,新乡学院,201,01,8,8,490,164699,2024,物理,不限,否
11072,江汉大学,202,02,6,6,533,93520,2024,物理,不限,否
11075,三峡大学,202,02,4,41,549,71765,2024,物理,不限,否
11075,三峡大学,203,03,14,14,553,67111,2024,物理,不限,否
11075,三峡大学,204,04,30,14,588,30678,2024,物理,不限,否
11075,峡大学（中外合作办学）,206,06,30,0,581,36923,2024,物理,不限,否
11075,三峡大学,208,08,6,6,544,77870,2024,物理,不限,否
11077,长沙学院,204,04,5,5,518,118026,2024,物理,不限,否
11077,长沙学院,205,05,6,6,519,116592,2024,物理,不限,否
11077,长沙学院,206,06,21,21,525,106675,2024,物理,不限,否
11077,长沙学院,?207,07,4,4,518,118192,2024,物理,不限,否
11077,长沙学院,208,08,2,2,537,88330,2024,物理,不限,否
11077,长沙学院,209,09,4,4,517,118777,2024,物理,不限,否
11077,长沙学院,210,10,2,2,528,102262,2024,物理,不限,否
11078,广州大学,201,01,960,960,551,68616,2024,物理,不限,否
11078,广州大学,202,02,534,534,552,67305,2024,物理,不限,否
11078,广州大学,203,03,2168,2168,546,75046,2024,物理,不限,否
11078,广州大学,204,04,135,135,562,55732,2024,物理,不限,否
11078,广州大学（中外合作办学）,205,05,20,20,536,89227,2024,物理,不限,否
11078,广州大学(地方专项),220,20,57,57,532,95103,2024,物理,不限,否
11078,广州大学(地方专项),221,21,63,63,533,93533,2024,物理,不限,否
11079,成都大学,204,04,7,7,549,71731,2024,物理,不限,否
11079,成都大学（中外合作办学）                 A,205,05,6,6,530,98865,2024,物理,不限,否
11079,成都大学,206,06,36,36,553,66521,2024,物理,不限,否
11079,成都大学（中外合作办学）,207,07,10,10,539,85421,2024,物理,不限,否
11079,成都大学,208,08,3,3,562,56094,2024,物理,不限,否
11079,成都大学                              &gt;,209,09,2,2,556,63205,2024,物理,不限,否
11079,成都大学（中外合作办学）X,217,17,6,6,543,79273,2024,物理,不限,否
11080,西安文理学院              W,202,02,4,4,517,119340,2024,物理,不限,否
11100,海南热带海洋学院（中外合作办学）,204,04,6,6,488,169201,2024,物理,不限,否
11100,海南热带海洋学院,205,05,10,10,506,136746,2024,物理,不限,否
11100,海南热带海洋学院,206,06,21,21,496,154668,2024,物理,不限,否
11104,华北科技学院,206,06,8,8,500,148541,2024,物理,不限,否
11104,华北科技学院,207,07,5,5,497,152624,2024,物理,不限,否
11104,华北科技学院,208,08,31,31,497,153190,2024,物理,不限,否
11104,华北科技学院,209,09,6,6,501,146424,2024,物理,不限,否
11105,中国人民警察大学,201,01,8,8,540,83841,2024,物理,不限,否
11105,中国人民警察大学,202&lt;,02,30,7,538,85894,2024,物理,不限,否
11105,中国人民警察大学,203,03,3,3,535,90487,2024,物理,不限,否
11106,广州航海学院,201,01,1298,1298,505,138428,2024,物理,不限,否
11106,广州航海学院,202,02,250,250,511,129530,2024,物理,不限,否
11106,广州航海学院(中外合作办学)                ?,203,03,120,120,490,164672,2024,物理,不限,否
11106,广州航海学院(联合培养),204,04,30,30,510,129863,2024,物理,不限,否
11106,广州航海学院(联合培养),205,05,12,12,504,141658,2024,物理,不限,否
11106,广州航海学院(联合培养),206,06,12,12,495,157086,2024,物理,不限,否
11106,广州航海学院(中外合作办学),207,07,80,80,485,173995,2024,物理,不限,否
11110,广东警官学院                   &gt;,201,01,49,49,544,78727,2024,物理,不限,否
11113,深圳职业技术大学       v,201,01,15,15,581,36126,2024,物理,不限,否
11113,深圳职业技术大学      AX,202,02,197,197,564,54061,2024,物理,不限,否
11113,深圳职业技术大学      ?,203,03,233,233,559,59695,2024,物理,不限,否
11116,成都工业学院,201,01,2,2,543,80245,2024,物理,不限,否
11117,扬州大学        L,203,03,2,2,551,69623,2024,物理,不限,否
11117,扬州大学,204,04,11,0,555,64673,2024,物理,不限,否
11122,三江学院,203,03,13,13,481,182696,2024,物理,不限,否
11122,三江学院,204,04,34,34,482,180868,2024,物理,不限,否
11122,三江学院,205,05,37,37,477,188665,2024,物理,不限,否
11230,齐齐哈尔医学院,204,04,30,5,502,143933,2024,物理,不限,否
11230,齐齐哈尔医学院,205,05,20,20,531,97296,2024,物理,不限,否
11230,齐齐哈尔医学院,206,06,8,8,492,161638,2024,物理,不限,否
11230,齐齐哈尔医学院,207,07,30,1,515,122653,2024,物理,不限,否
11232,北京信息科技大学,201,01,17,17,574,43421,2024,物理,不限,否
11242,太原学院,204,04,1,1,496,155267,2024,物理,不限,否
11242,太原学院,?205,05,2,2,494,157884,2024,物理,不限,否
11242,太原学院,206,06,2,2,491,163794,2024,物理,不限,否
11242,太原学院,207,07,1,1,494,159123,2024,物理,不限,否
11258,大连大学,201,01,2,2,516,121093,2024,物理,不限,否
11258,大连大学,202,02,3,3,550,71184,2024,物理,不限,否
11261,吉林工商学院,202,02,6,6,496,155287,2024,物理,不限,否
11261,吉林工商学院,203,03,4,4,493,159973,2024,物理,不限,否
11276,南京工程学院,202,02,12,12,563,54503,2024,物理,不限,否
11287,南京审计大学,204,04,29,29,563,55274,2024,物理,不限,否
11287,南京审计大学(中外合作办学),205,05,7,7,565,52425,2024,物理,不限,否
11311,三明学院,204,04,1,1,519,116589,2024,物理,不限,否
11311,三明学院,205,05,6,6,509,132115,2024,物理,不限,否
11318,江西科技师范大学                          A,205,05,1,1,548,73355,2024,物理,不限,否
11318,江西科技师范大学                     2,206,06,2,2,537,87890,2024,物理,不限,否
11318,江西科技师范大学,207,07,5,5,517,119754,2024,物理,不限,否
11318,江西科技师范大学,208,08,3,3,516,121440,2024,物理,不限,否
11318,江西科技师范大学,209,09,13,13,513,126236,2024,物理,不限,否
11318,江西科技师范大学        XV,210,10,13,13,527,104066,2024,物理,不限,否
11319,南昌工程学院             WA,203,03,2,2,511,129072,2024,物理,不限,否
11319,南昌工程学院                Y,204,04,24,24,521,113310,2024,物理,不限,否
11319,南昌工程学院(中外合作办学),205,05,4,4,495,156142,2024,物理,不限,否
11326,信阳农林学院,203,03,10,10,492,162263,2024,物理,不限,否
11330,安阳工学院（中外合作办学）,202,02,2,0,495,156960,2024,物理,不限,否
11336,荆楚理工学院(中外合作办学),202,02,3,3,487,170870,2024,物理,不限,否
11342,湖南工程学院,202,02,12,12,516,121261,2024,物理,不限,否
11342,湖南工程学院,203,03,9,9,506,136561,2024,物理,不限,否
11342,湖南工程学院(中外合作办学),204,04,6,6,500,148242,2024,物理,不限,否
11347,仲恺农业工程学院,202,02,508,508,510,130777,2024,物理,不限,否
11347,仲恺农业工程学院,203&lt;,03,1659,1659,509,131971,2024,物理,不限,否
11347,仲恺农业工程学院,204,04,62,62,510,130833,2024,物理,不限,否
11347,仲恺农业工程学院,205,05,102,102,509,132071,2024,物理,不限,否
11347,仲恺农业工程学院(国际班）,206,06,30,30,491,163965,2024,物理,不限,否
11347,仲恺农业工程学院(国际班)                  M,207,07,20,20,498,151051,2024,物理,不限,否
11349,五邑大学                                      x,201,01,582,582,499,148915,2024,物理,不限,否
11349,五邑大学                                      m,202,02,112,112,499,149389,2024,物理,不限,否
11349,五邑大学                                         V,203,03,1388,1388,521,112273,2024,物理,不限,否
11349,五邑大学                              V&gt;,204,04,242,242,509,132511,2024,物理,不限,否
11349,五邑大学                              X,205,05,856,856,506,136779,2024,物理,不限,否
11349,五邑大学                   v,206,06,207,207,504,140991,2024,物理,不限,否
11349,五邑大学                    1X,207,07,216,216,517,118834,2024,物理,不限,否
11349,五邑大学                       1,208,08,80,80,531,97738,2024,物理,不限,否
11349,五邑大学（联合培养）,209,09,100,100,499,150135,2024,物理,不限,否
11354,梧州学院       1,202,02,10,10,496,154353,2024,物理,不限,否
11354,梧州学院,203,03,2,2,501,146183,2024,物理,不限,否
11354,梧州学院             ?,204,04,26,26,501,146011,2024,物理,不限,否
11360,攀枝花学院,202,02,6,61,499,149562,2024,物理,不限,否
11390,玉溪师范学院,202,02,2,2,506,136801,2024,物理,不限,否
11390,玉溪师范学院,203,03,2,0,506,137375,2024,物理,不限,否
11393,昆明学院,203,03,9,9,504,141680,2024,物理,不限,否
11393,昆明学院,204,04,5,0,494,158679,2024,物理,不限,否
11393,昆明学院,205,05,2,2,519,116062,2024,物理,不限,否
11396,商洛学院,203,03,2,2,496,155161,2024,物理,不限,否
11396,商洛学院,204,04,1,1,499,149207,2024,物理,不限,否
11396,商洛学院,? 205,05,1,1,502,144854,2024,物理,不限,否
11400,西安培华学院,203,03,5,5,480,183935,2024,物理,不限,否
11400,西安培华学院,204,04,8,8,485,174955,2024,物理,不限,否
11400,西安培华学院,205,05,2,2,486,172993,2024,物理,不限,否
11400,西安培华学院,209,09,4,4,464,212646,2024,物理,不限,否
11406,甘肃政法大学,203,03,2,2,550,70387,2024,物理,不限,否
11406,甘肃政法大学,204,04,1,1,538,86264,2024,物理,不限,否
11406,甘肃政法大学,205,05,1,1,543,80297,2024,物理,不限,否
11407,北方民族大学,202,02,4,4,506,137328,2024,物理,不限,否
11407,北方民族大学,203,03,5,5,512,126615,2024,物理,不限,否
11407,北方民族大学(中外合作办学),204,04,5,5,507,135091,2024,物理,不限,否
11413,中国矿业大学(北京),201,01,4,4,589,29695,2024,物理,不限,否
11413,中国矿业大学(北京)                        A,202,02,29,29,581,36142,2024,物理,不限,否
11413,中国矿业大学(北京)                   Q,203,03,5,5,585,33207,2024,物理,不限,否
11414,中国石油大学(北京),203,03,2,2,592,27666,2024,物理,不限,否
11414,中国石油大学（北京）,204,04,21,21,600,22175,2024,物理,不限,否
11415,中国地质大学(北京）,204,04,3,3,582,35668,2024,物理,不限,否
11415,中国地质大学（北京）,205,05,4,4,586,32642,2024,物理,不限,否
11415,中国地质大学(北京),206,06,40,40,584,33593,2024,物理,不限,否
11417,北京联合大学,202,02,1,1,541,82093,2024,物理,不限,否
11417,北京联合大学,203,03,7,7,550,71037,2024,物理,不限,否
11418,北京城市学院,202,02,10,10,481,181941,2024,物理,不限,否
11420,河北金融学院,203,03,6,6,497,153184,2024,物理,不限,否
11420,河北金融学院(校企联合培养),204,04,5,5,500,147710,2024,物理,不限,否
11420,河北金融学院,205,05,5,5,497,153346,2024,物理,不限,否
11420,河北金融学院(中外合作办学),206,06,4,0,492,162724,2024,物理,不限,否
11436,长春汽车职业技术大学,201,01,12,12,496,155455,2024,物理,不限,否
11437,长春工程学院,201,01,2,2,496,155637,2024,物理,不限,否
11437,长春工程学院,202,02,28,28,494,159026,2024,物理,不限,否
11437,长春工程学院(本科预科班),203,03,30,3,438,259593,2024,物理,不限,否
11439,吉林农业科技学院,202,02,2,2,496,155456,2024,物理,不限,否
11439,吉林农业科技学院,203,03,14,14,490,166112,2024,物理,不限,否
11439,吉林农业科技学院(中外合作办学),204,04,2,2,497,153826,2024,物理,不限,否
11446,黑龙江东方学院                             x,201,01,5,5,474,195376,2024,物理,不限,否
11446,黑龙江东方学院                             vn,202,02,55,55,466,209544,2024,物理,不限,否
11458,上海电机学院,201,01,12,12,540,83824,2024,物理,不限,否
11458,上海电机学院（中外合作办学）   PV&gt;,202,02,5,5,535,90553,2024,物理,不限,否
11463,江苏理工学院                         K,202,02,5,5,532,95388,2024,物理,不限,否
11463,江苏理工学院              v            Y,203,03,2,2,509,131780,2024,物理,不限,否
11482,浙江财经大学             AX,203,03,26,26,548,73292,2024,物理,不限,否
11482,浙江财经大学（中外合作办学）,204,04,1,1,565,52413,2024,物理,不限,否
11482,浙江财经大学,205,05,10,10,556,62496,2024,物理,不限,否
11482,浙江财经大学(中外合作办学),208,08,4,4,549,71674,2024,物理,不限,否
11482,浙江财经大学(中外合作办学),209,09,3,0,524,107775,2024,物理,不限,否
11504,江西警察学院,202,02,4,0,533,94591,2024,物理,不限,否
11504,江西警察学院,203,03,5,0,524,108076,2024,物理,不限,否
11508,新余学院,203,03,30,6,500,148267,2024,物理,不限,否
11510,山东交通学院,201,01,30,2,509,131675,2024,物理,不限,否
11510,山东交通学院,202,02,8,8,496,154259,2024,物理,不限,否
11517,河南工程学院,202,02,9,9,500,148421,2024,物理,不限,否
11517,河南工程学院,203,03,29,29,494,158179,2024,物理,不限,否
11517,河南工程学院,204,04,2,2,500,147030,2024,物理,不限,否
11517,河南工程学院,205,05,6,6,501,145979,2024,物理,不限,否
11517,河南工程学院,1206,06,6,6,502,144882,2024,物理,不限,否
11527,湖南城市学院,204,04,4,4,511,128537,2024,物理,不限,否
11527,湖南城市学院,205,05,16,16,505,138240,2024,物理,不限,否
11528,湖南工学院,201,01,6,6,509,132273,2024,物理,不限,否
11528,湖南工学院,202,02,19,19,510,130570,2024,物理,不限,否
11532,湖南财政经济学院,202,02,16,16,515,122913,2024,物理,不限,否
11532,湖南财政经济学院,203,03,7,7,518,118096,2024,物理,不限,否
11534,湖南警察学院,203,03,2,2,539,84900,2024,物理,不限,否
11534,湖南警察学院,204,04,4,4,527,103193,2024,物理,不限,否
11534,湖南警察学院,205,05,1,1,528,101499,2024,物理,不限,否
11535,湖南工业大学,202,02,5,5,536,89490,2024,物理,不限,否
11535,湖南工业大学,203,03,25,25,531,97883,2024,物理,不限,否
11535,湖南工业大学                                A,204,04,53,53,526,104531,2024,物理,不限,否
11535,湖南工业大学                           一,205,05,165,165,530,98435,2024,物理,不限,否
11538,湖南女子学院,202,02,3,3,501,145509,2024,物理,不限,否
11540,广东金融学院,221,21,921,921,526,104914,2024,物理,不限,否
11540,广东金融学院,222,22,850,850,516,121332,2024,物理,不限,否
11540,东金融学院              XV,223,23,93,93,534,92181,2024,物理,不限,否
11540,东金融学院             WA,224,24,209,209,518,117280,2024,物理,不限,否
11540,东金融学院                N,225,25,540,540,510,129745,2024,物理,不限,否
11540,广东金融学院,226,26,535,535,521,112025,2024,物理,不限,否
11540,广东金融学院,227,27,1005,1005,512,127132,2024,物理,不限,否
11540,东金融学院（联合培养）,229,29,60,60,509,132102,2024,物理,不限,否
11540,东金融学院（地方专项）,231,31,20,20,528,101455,2024,物理,不限,否
11540,广东金融学院(地方专项),232,32,40,40,524,107535,2024,物理,不限,否
11545,电子科技大学中山学院,201,01,383,383,485,173966,2024,物理,不限,否
11545,电子科技大学中山学院,202,02,420,420,485,174334,2024,物理,不限,否
11545,电子科技大学中山学院,203,03,328,328,482,180408,2024,物理,不限,否
11545,电子科技大学中山学院,204,04,390,390,487,170398,2024,物理,不限,否
11545,电子科技大学中山学院,207,07,308,308,488,169087,2024,物理,不限,否
11546,广西科技师范学院,202,02,2,2,505,138257,2024,物理,不限,否
11546,广西科技师范学院,203,03,28,28,500,147761,2024,物理,不限,否
11546,广西科技师范学院                              Y,204,04,2,2,501,145275,2024,物理,不限,否
11548,广西财经学院(中外合作办学）           双,202,02,6,6,498,150627,2024,物理,不限,否
11548,西财经学院                                n,203,03,5,5,525,106689,2024,物理,不限,否
11548,西财经学院（中外合作办学）             T,204,04,3,3,499,148775,2024,物理,不限,否
11549,南宁学院                              入,202,02,12,12,486,173124,2024,物理,不限,否
11549,南宁学院                              K,203,03,30,30,486,173015,2024,物理,不限,否
11551,重庆科技大学             √,202,02,4,4,533,94479,2024,物理,不限,否
11551,重庆科技大学            AX,203,03,23,23,534,92514,2024,物理,不限,否
11552,四川旅游学院（中外合作办学）,201,01,2,2,492,161166,2024,物理,不限,否
11560,西安财经大学,203,03,4,4,532,95781,2024,物理,不限,否
11560,西安财经大学（中外合作办学）,204,04,6,6,528,101528,2024,物理,不限,否
11560,西安财经大学,205,05,2,0,548,72806,2024,物理,不限,否
11600,湖北经济学院,203,03,6,0,526,105220,2024,物理,不限,否
11600,湖北经济学院,204,04,6,6,532,94940,2024,物理,不限,否
11607,北部湾大学,205,05,12,12,506,138056,2024,物理,不限,否
11607,北部湾大学(中外合作办学),206,06,30,0,489,167829,2024,物理,不限,否
11607,北部湾大学,207,07,30,2,526,105230,2024,物理,不限,否
11607,北部湾大学,208,08,6,6,519,115588,2024,物理,不限,否
11607,北部湾大学,209,09,14,14,504,141199,2024,物理,不限,否
11607,北部湾大学（中外合作办学）,210,10,16,16,486,172013,2024,物理,不限,否
11607,北部湾大学（中外合作办学）,211,11,12,12,495,156614,2024,物理,不限,否
11629,北华航天工业学院,202,02,3,3,513,125747,2024,物理,不限,否
11629,北华航天工业学院,203,03,9,9,522,111829,2024,物理,不限,否
11632,沈阳工程学院,201,01,6,6,560,58033,2024,物理,不限,否
11641,江苏海洋大学,202,02,1,1,550,70786,2024,物理,不限,否
11646,宁波大学,203,03,3,3,589,29921,2024,物理,不限,否
11646,宁波大学,204,04,6,6,569,48027,2024,物理,不限,否
11646,宁波大学,205,05,41,41,568,49417,2024,物理,不限,否
11646,宁波大学,206,06,21,21,569,48711,2024,物理,不限,否
11647,浙江传媒学院,204,04,1,1,532,96006,2024,物理,不限,否
11647,浙江传媒学院,205,05,16,16,538,86710,2024,物理,不限,否
11647,浙江传媒学院（中外合作办学）,206,06,2,2,542,81046,2024,物理,不限,否
11647,浙江传媒学院,207,07,53,53,537,88299,2024,物理,不限,否
11647,浙江传媒学院                                A,208,08,4,4,529,100424,2024,物理,不限,否
11647,浙江传媒学院                           2,212,12,14,14,537,88752,2024,物理,不限,否
11652,河南财政金融学院,203,03,4,4,495,156013,2024,物理,不限,否
11652,河南财政金融学院,204,04,5,5,507,136328,2024,物理,不限,否
11653,南阳理工学院,205,05,1,1,505,138845,2024,物理,不限,否
11653,南阳理工学院              XY,206,06,5,5,496,154331,2024,物理,不限,否
11653,南阳理工学院             WA,207,07,3,3,497,153974,2024,物理,不限,否
11653,南阳理工学院                Y,208,08,1,1,502,144796,2024,物理,不限,否
11653,南阳理工学院,209,09,35,35,491,163385,2024,物理,不限,否
11653,南阳理工学院,210,10,13,13,491,164020,2024,物理,不限,否
11653,南阳理工学院,212,12,5,0,491,163490,2024,物理,不限,否
11656,东石油化工学院,201,01,1039,1039,497,153641,2024,物理,不限,否
11656,东石油化工学院,202,02,1136,1136,498,151638,2024,物理,不限,否
11656,广东石油化工学院,203,03,1089,1089,495,156819,2024,物理,不限,否
11656,广东石油化工学院,204,04,753,753,492,161916,2024,物理,不限,否
11656,广东石油化工学院,205,05,491,491,491,163007,2024,物理,不限,否
11656,东石油化工学院,206,06,40,40,514,124618,2024,物理,不限,否
11656,广东石油化工学院,207,07,32,32,510,130333,2024,物理,不限,否
11656,广东石油化工学院,208,08,566,566,500,147411,2024,物理,不限,否
11658,海南师范大学,208,08,2,2,567,50205,2024,物理,不限,否
11658,海南师范大学,209,09,6,6,539,85018,2024,物理,不限,否
11658,海南师范大学                                x,210,10,4,4,546,75292,2024,物理,不限,否
11658,海南师范大学,211,11,4,4,536,89164,2024,物理,不限,否
11658,海南师范大学                                   H,212,12,2,2,558,61117,2024,物理,不限,否
11658,海南师范大学                        V&gt;,213,13,8,8,550,69998,2024,物理,不限,否
11658,海南师范大学                        X,214,14,2,2,557,61912,2024,物理,不限,否
11658,海南师范大学             v   &gt;,215,15,3,3,548,73253,2024,物理,不限,否
11658,海南师范大学            AX,216,16,5,5,554,65939,2024,物理,不限,否
11658,海南师范大学       最,223,23,2,2,521,112357,2024,物理,不限,否
11660,重庆理工大学,204,04,4,4,546,75840,2024,物理,不限,否
11660,重庆理工大学 1,205,05,35,35,557,62319,2024,物理,不限,否
11660,重庆理工大学,206,06,6,6,546,75680,2024,物理,不限,否
11664,西安邮电大学,203,03,10,10,548,73214,2024,物理,不限,否
11664,西安邮电大学,204,04,40,40,568,49454,2024,物理,不限,否
11664,西安邮电大学,205,05,7,7,562,56262,2024,物理,不限,否
11664,西安邮电大学(本科预科班),206,06,30,3,464,213003,2024,物理,不限,否
11688,山东工商学院,204,04,14,14,497,152382,2024,物理,不限,否
11688,山东工商学院,205,05,5,0,502,144956,2024,物理,不限,否
11726,长春大学,204,04,3,3,510,130355,2024,物理,不限,否
11726,长春大学,205,05,16,16,518,117841,2024,物理,不限,否
11726,长春大学（中外合作办学）,206,06,2,2,506,137145,2024,物理,不限,否
11726,长春大学（中外合作办学）,207,07,2,2,503,141917,2024,物理,不限,否
11726,长春大学（中外合作办学）,208,08,3,3,506,138073,2024,物理,不限,否
11726,长春大学(中外合作办学),209,09,3,3,489,166987,2024,物理,不限,否
11726,长春大学(中外合作办学),210,10,4,4,498,151772,2024,物理,不限,否
11726,长春大学(中外合作办学),211,11,4,4,505,138748,2024,物理,不限,否
11726,长春大学（中外合作办学）,212,12,2,2,492,161745,2024,物理,不限,否
11731,贵州商学院,203,03,2,2,496,154654,2024,物理,不限,否
11731,贵州商学院（中外合作办学）,204,04,3,3,489,167988,2024,物理,不限,否
11731,贵州商学院,205,05,4,4,503,142113,2024,物理,不限,否
11736,西安航空学院,201,01,4,4,505,139616,2024,物理,不限,否
11736,西安航空学院,202,02,3,3,514,123091,2024,物理,不限,否
11736,西安航空学院(中外合作办学),203,03,8,8,503,142506,2024,物理,不限,否
11765,河南城建学院                                A,202,02,16,16,490,166013,2024,物理,不限,否
11775,防灾科技学院,204,04,2,2,505,138741,2024,物理,不限,否
11775,防灾科技学院,205,05,16,16,503,142868,2024,物理,不限,否
11775,防灾科技学院,206,06,16,16,509,131812,2024,物理,不限,否
11775,防灾科技学院,207,07,3,3,519,116515,2024,物理,不限,否
11775,防灾科技学院              XY,208,08,11,11,509,132041,2024,物理,不限,否
11798,武汉东湖学院             WA,203,03,4,4,479,186209,2024,物理,不限,否
11798,武汉东湖学院,204,04,13,13,478,187092,2024,物理,不限,否
11799,重庆工商大学      S,204,04,13,13,537,87507,2024,物理,不限,否
11799,重庆工商大学（联合培养）,205,05,7,7,523,109786,2024,物理,不限,否
11799,重庆工商大学,208,08,2,2,523,110004,2024,物理,不限,否
11800,汉口学院&gt;,203,03,25,25,480,184296,2024,物理,不限,否
11802,黑龙江工程学院,203,03,10,10,493,159566,2024,物理,不限,否
11802,黑龙江工程学院,204,04,4,4,492,161653,2024,物理,不限,否
11802,黑龙江工程学院,205,05,30,7,497,152777,2024,物理,不限,否
11802,黑龙江工程学院,206,06,34,34,492,162142,2024,物理,不限,否
11802,黑龙江工程学院,207,07,6,6,492,161555,2024,物理,不限,否
11802,黑龙江工程学院,208,08,3,3,514,124261,2024,物理,不限,否
11810,海南医科大学,202,02,20,20,554,65822,2024,物理,不限,否
11810,海南医科大学(中外合作办学)               M,203,03,9,9,496,155526,2024,物理,不限,否
11810,海南医科大学                                x,204,04,4,4,533,94756,2024,物理,不限,否
11819,东莞理工学院                                vn,201,01,267,267,556,62720,2024,物理,不限,否
11819,东莞理工学院                         1      V,202,02,1930,1930,534,92989,2024,物理,不限,否
11819,东莞理工学院                        V&gt;,203,03,106,106,535,91595,2024,物理,不限,否
11819,东莞理工学院                        X,204,04,517,517,529,100554,2024,物理,不限,否
11819,东莞理工学院             v  √      1,205,05,143,143,525,105850,2024,物理,不限,否
11819,东莞理工学院（地方专项）TX,215,15,90,90,526,105131,2024,物理,不限,否
11819,东莞理工学院(粤台联合培养),217,17,214,214,538,86658,2024,物理,不限,否
11819,东莞理工学院（中外合作办学）,219,19,96,96,534,93294,2024,物理,不限,否
11819,东莞理工学院,223,23,93,93,541,82259,2024,物理,不限,否
11819,东莞理工学院(粤台联合培养),224,24,28,0,533,94169,2024,物理,不限,否
11825,桂林航天工业学院,202,02,6,6,515,122831,2024,物理,不限,否
11825,桂林航天工业学院,203,03,28,28,520,114137,2024,物理,不限,否
11825,桂林航天工业学院(中外合作办学),204,04,6,6,502,144050,2024,物理,不限,否
11833,上海杉达学院(中外合作办学),203,03,1,0,521,113126,2024,物理,不限,否
11833,上海杉达学院,204,04,3,3,509,132505,2024,物理,不限,否
11834,黄河科技学院,202,02,4,4,484,176386,2024,物理,不限,否
11834,黄河科技学院,203,03,10,10,487,170381,2024,物理,不限,否
11835,上海政法学院,204,04,2,2,563,54146,2024,物理,不限,否
11835,上海政法学院,205,05,30,30,564,53652,2024,物理,不限,否
11835,上海政法学院,? 206,06,4,4,590,28966,2024,物理,不限,否
11837,桂林旅游学院,205,05,2,2,503,142928,2024,物理,不限,否
11837,桂林旅游学院,206,06,10,10,497,153638,2024,物理,不限,否
11837,桂林旅游学院（中外合作办学）,207,07,2,2,486,172266,2024,物理,不限,否
11837,桂林旅游学院,208,08,2,2,503,143382,2024,物理,不限,否
11837,桂林旅游学院,209,09,14,14,495,156670,2024,物理,不限,否
11837,桂林旅游学院,210,10,2,2,501,146625,2024,物理,不限,否
11838,贺州学院,202,02,23,23,497,153169,2024,物理,不限,否
11838,贺州学院,203,03,24,24,500,146895,2024,物理,不限,否
11843,九江学院,202,02,2,2,499,150476,2024,物理,不限,否
11843,九江学院,203,03,5,5,506,137669,2024,物理,不限,否
11843,九江学院,204,04,3,3,546,75861,2024,物理,不限,否
11845,广东工业大学                                A,206,06,564,564,594,25873,2024,物理,不限,否
11845,广广东工业大学                            2,207,07,180,180,584,34297,2024,物理,不限,否
11845,广东工业大学,208,08,232,232,567,50424,2024,物理,不限,否
11845,广东工业大学,209,09,80,80,569,48511,2024,物理,不限,否
11845,广东工业大学,210,10,217,217,575,42144,2024,物理,不限,否
11845,东工业大学              XY,211,11,633,633,579,38363,2024,物理,不限,否
11845,广东工业大学             WA,212,12,331,331,563,54902,2024,物理,不限,否
11845,广东工业大学,213,13,599,599,586,31867,2024,物理,不限,否
11845,广东工业大学,214,14,21,21,560,58306,2024,物理,不限,否
11845,广东工业大学,215,15,181,181,555,63878,2024,物理,不限,否
11845,广东工业大学,220,20,388,388,582,35925,2024,物理,不限,否
11845,广东工业大学,221,21,174,174,566,51825,2024,物理,不限,否
11845,广东工业大学,222,22,50,50,562,56335,2024,物理,不限,否
11845,广东工业大学,223,23,220,220,592,27184,2024,物理,不限,否
11845,广东工业大学,225,25,277,277,568,49090,2024,物理,不限,否
11845,广东工业大学,226&lt;,26,57,57,569,48522,2024,物理,不限,否
11845,广东工业大学,227,27,239,239,556,63314,2024,物理,不限,否
11845,广东工业大学,228,28,82,82,552,67831,2024,物理,不限,否
11845,广东工业大学,231,31,181,181,569,47845,2024,物理,不限,否
11845,广东工业大学,232,32,147,147,559,59713,2024,物理,不限,否
11845,广东工业大学                                X,233,33,89,89,556,63379,2024,物理,不限,否
11845,东工业大学(学分互认/联合培养）    n,262,62,293,293,552,68355,2024,物理,不限,否
11845,东工业大学（学分互认/联合培养）      V,263,63,9,9,545,76567,2024,物理,不限,否
11845,广东工业大学(学分互认)         入,265,65,58,58,546,76164,2024,物理,不限,否
11845,广东工业大学(学分互认)          K,267,67,10,10,555,63770,2024,物理,不限,否
11845,广东工业大学(地方专项）,272,72,135,135,549,71986,2024,物理,不限,否
11845,广东工业大学（地方专项）,273,73,105,105,535,91751,2024,物理,不限,否
11846,东外语外贸大学,208,08,170,170,554,64957,2024,物理,不限,否
11846,东外语外贸大学,209,09,287,287,559,59791,2024,物理,不限,否
11846,广东外语外贸大学,210,10,661,661,552,67564,2024,物理,不限,否
11846,广东外语外贸大学,211,11,533,533,556,63045,2024,物理,不限,否
11846,广东外语外贸大学,212,12,377,377,567,50802,2024,物理,不限,否
11846,广东外语外贸大学,213,13,160,160,561,56842,2024,物理,不限,否
11846,东外语外贸大学,214,14,20,20,562,55550,2024,物理,不限,否
11846,东外语外贸大学(合作办学),215,15,30,0,543,80285,2024,物理,不限,否
11846,广东外语外贸大学(地方专项),216,16,76,76,522,110658,2024,物理,不限,否
11847,佛山大学(原佛山科学技术学院),201,01,471,471,552,68019,2024,物理,不限,否
11847,佛山大学(原佛山科学技术学院),202,02,150,150,543,79268,2024,物理,不限,否
11847,佛山大学(原佛山科学技术学院),203,03,797,797,539,85797,2024,物理,不限,否
11847,佛山大学（原佛山科学技术学院),204,04,335,335,535,91233,2024,物理,不限,否
11847,佛山大学(原佛山科学技术学院),205,05,680,680,533,94208,2024,物理,不限,否
11847,佛山大学(原佛山科学技术学院),206,06,161,161,538,86508,2024,物理,不限,否
11847,佛山大学(原佛山科学技术学院),207,07,45,45,545,77215,2024,物理,不限,否
11847,佛山大学(原佛山科学技术学院),208,08,102,102,560,57825,2024,物理,不限,否
11847,佛山大学(原佛山科学技术学院),209,09,115,115,534,92807,2024,物理,不限,否
11847,佛山大学(原佛山科学技术学院),210,10,57,57,532,95507,2024,物理,不限,否
11847,佛山大学（原佛山科学技术学院）,211,11,82,82,541,82205,2024,物理,不限,否
11847,佛山大学(原佛山科学技术学院),212,12,10,10,548,72989,2024,物理,不限,否
11847,佛山大学(原佛山科学技术学院),213,13,25,25,535,90739,2024,物理,不限,否
11847,佛山大学(原佛山科学技术学院),214,14,370,370,552,67412,2024,物理,不限,否
11847,佛山大学(原佛山科学技术学院)(中外合作办,215,15,120,120,489,166892,2024,物理,不限,否
11847,佛山大学(原佛山科学技术学院)（联合培养）,216,16,40,40,525,106764,2024,物理,不限,否
11847,佛山大学(原佛山科学技术学院)(联合培养),217,17,30,30,500,147183,2024,物理,不限,否
11847,佛山大学(原佛山科学技术学院)(地方专项）,218,18,85,85,512,127770,2024,物理,不限,否
12026,大连民族大学,202,02,16,16,498,150926,2024,物理,不限,否
12026,大连民族大学                           人,203,03,9,9,517,119004,2024,物理,不限,否
12044,上海第二工业大学,202,02,2,2,548,73436,2024,物理,不限,否
12044,上海第二工业大学       XY,203,03,11,11,550,70351,2024,物理,不限,否
12044,上海第二工业大学      WA,204,04,2,2,538,86292,2024,物理,不限,否
12048,南京特殊教育师范学院,204,04,1,1,536,90079,2024,物理,不限,否
12048,南京特殊教育师范学院,205,05,3,3,546,76068,2024,物理,不限,否
12048,南京特殊教育师范学院,206,06,4,4,480,184331,2024,物理,不限,否
12050,上海商学院,202,02,2,0,538,86812,2024,物理,不限,否
12050,上海商学院,203,03,2,2,545,76957,2024,物理,不限,否
12056,南通理工学院,202,02,20,20,477,188282,2024,物理,不限,否
12056,南通理工学院,203,03,70,70,476,190521,2024,物理,不限,否
12056,南通理工学院,204,04,30,7,485,174252,2024,物理,不限,否
12059,广东培正学院,201,01,1539,1539,463,215525,2024,物理,不限,否
12059,广东培正学院,202,02,581,581,471,200448,2024,物理,不限,否
12059,东培正学院（学分互认）,206,06,15,15,463,215702,2024,物理,不限,否
12107,贵州警察学院,202,02,4,4,529,100765,2024,物理,不限,否
12107,贵州警察学院,203,03,1,1,526,104198,2024,物理,不限,否
12121,南方医科大学                                x,206,06,46,46,649,2977,2024,物理,不限,否
12121,南方医科大学                                m,207,07,832,832,590,28691,2024,物理,不限,否
12121,南方医科大学                        Y,208,08,381,381,575,42275,2024,物理,不限,否
12121,南方医科大学,209,09,143,143,583,35156,2024,物理,不限,否
12121,南方医科大学(地方专项）,210,10,95,95,535,91170,2024,物理,不限,否
12214,湖南医药学院              v  /,202,02,9,9,522,111782,2024,物理,不限,否
12216,安徽新华学院            AX,202,02,7,7,473,195894,2024,物理,不限,否
12216,安徽新华学院        ?,203,03,5,5,481,182425,2024,物理,不限,否
12303,湖南涉外经济学院,202,02,38,38,472,197984,2024,物理,不限,否
12303,湖南涉外经济学院,203,03,27,27,472,198100,2024,物理,不限,否
12308,海口经济学院,203,03,24,24,452,234377,2024,物理,不限,否
12308,海口经济学院        ?,204,04,30,30,453,233870,2024,物理,不限,否
12309,武昌首义学院,202,02,10,10,487,170256,2024,物理,不限,否
12310,武昌理工学院,202,02,28,28,481,182571,2024,物理,不限,否
12332,烟台南山学院,202,02,30,0,484,176461,2024,物理,不限,否
12362,武汉生物工程学院,202,02,47,47,484,176120,2024,物理,不限,否
12453,中国劳动关系学院,202,02,17,17,530,98592,2024,物理,不限,否
12453,中国劳动关系学院,203,03,30,1,526,105516,2024,物理,不限,否
12453,中国劳动关系学院,204,04,2,2,541,82841,2024,物理,不限,否
12544,宁夏理工学院,203,03,6,6,485,174434,2024,物理,不限,否
12560,云南经济管理学院,202,02,6,6,480,183102,2024,物理,不限,否
12560,云南经济管理学院,203,03,4,4,480,184039,2024,物理,不限,否
12560,云南经济管理学院,204,04,6,6,481,182412,2024,物理,不限,否
12574,广东东软学院,201,01,156,156,481,182356,2024,物理,不限,否
12574,广东东软学院,202,02,62,62,480,184504,2024,物理,不限,否
12574,东东软学院,203,03,55,55,481,181830,2024,物理,不限,否
12574,广东东软学院,204,04,57,57,483,178253,2024,物理,不限,否
12574,广东东软学院,205,05,52,52,480,183801,2024,物理,不限,否
12574,广东东软学院,206,06,60,60,479,186434,2024,物理,不限,否
12574,广东东软学院,207,07,80,80,477,189872,2024,物理,不限,否
12574,广广东东软学院,208,08,69,69,470,202894,2024,物理,不限,否
12574,广东东软学院,209,09,46,46,471,199805,2024,物理,不限,否
12574,东东软学院                                M,210,10,73,73,470,202783,2024,物理,不限,否
12574,广东东软学院                           一,211,11,34,34,473,196158,2024,物理,不限,否
12574,广东东软学院,212,12,60,60,478,187775,2024,物理,不限,否
12574,广东东软学院,213,13,75,75,479,185042,2024,物理,不限,否
12574,广东东软学院,214,14,60,60,479,185530,2024,物理,不限,否
12574,东东软学院             Xy,215,15,58,58,474,195563,2024,物理,不限,否
12574,东东软学院            WA,216,16,82,82,469,204158,2024,物理,不限,否
12574,广东东软学院                Y,217,17,30,30,463,215382,2024,物理,不限,否
12574,广东东软学院（中外合作办学）,218,18,110,80,442,253778,2024,物理,不限,否
12587,上海立达学院,202,02,5,5,457,225619,2024,物理,不限,否
12609,重庆电子科技职业大学,201,01,10,10,513,124816,2024,物理,不限,否
12617,广州城市理工学院,201,01,60,60,491,163229,2024,物理,不限,否
12617,广州城市理工学院,202,02,1677,1677,484,176571,2024,物理,不限,否
12617,广州城市理工学院,203,03,287,287,490,164668,2024,物理,不限,否
12618,广州软件学院,201,01,1194,1194,475,192378,2024,物理,不限,否
12618,广州软件学院,202&lt;,02,546,546,469,203829,2024,物理,不限,否
12618,广州软件学院,203,03,30,30,468,205818,2024,物理,不限,否
12618,广州软件学院(校企联合培养),204,04,100,100,478,186781,2024,物理,不限,否
12618,广州软件学院(校企联合培养）,205,05,340,340,468,205078,2024,物理,不限,否
12618,广州软件学院(校企联合培养)                ?,206,06,165,165,469,204282,2024,物理,不限,否
12618,广州软件学院（国际班）                     xV,207,07,15,15,474,194126,2024,物理,不限,否
12618,广州软件学院                                vn,208,08,15,15,473,196497,2024,物理,不限,否
12618,广州软件学院(国际班)             1      V,209,09,16,16,462,217435,2024,物理,不限,否
12619,广州南方学院                       V&gt;,204,04,891,891,479,186465,2024,物理,不限,否
12619,广州南方学院                        K,205,05,797,797,482,180640,2024,物理,不限,否
12619,广州南方学院,206,06,529,529,475,192314,2024,物理,不限,否
12619,广州南方学院（联合培养）X,207,07,31,31,469,204666,2024,物理,不限,否
12619,州南方学院（中外合作办学）,208,08,37,37,467,207348,2024,物理,不限,否
12620,东外语外贸大学南国商学院,221,21,136,136,483,178818,2024,物理,不限,否
12620,广东外语外贸大学南国商学院,222,22,228,228,481,181363,2024,物理,不限,否
12620,广东外语外贸大学南国商学院,223,23,169,169,480,184524,2024,物理,不限,否
12620,广东外语外贸大学南国商学院,224,24,96,96,480,183771,2024,物理,不限,否
12620,广东外语外贸大学南国商学院,225,25,132,132,473,196326,2024,物理,不限,否
12620,东外语外贸大学南国商学院,226,26,362,362,478,187737,2024,物理,不限,否
12620,东外语外贸大学南国商学院(联合培养),232,32,30,76,471,201138,2024,物理,不限,否
12620,广东外语外贸大学南国商学院(联合培养),233,33,20,20,478,187511,2024,物理,不限,否
12621,广州华商学院,211,11,806,806,452,235741,2024,物理,不限,否
12621,广州华商学院,212,12,496,496,445,247408,2024,物理,不限,否
12621,广州华商学院,213,13,657,657,453,233041,2024,物理,不限,否
12621,广州华商学院,214,14,50,50,465,211076,2024,物理,不限,否
12621,广州华商学院（学分互认）,215,15,111,46,442,253646,2024,物理,不限,否
12621,广州华商学院（联合培养）,216,16,30,30,445,247390,2024,物理,不限,否
12621,广州华商学院,217,17,790,790,454,232113,2024,物理,不限,否
12621,广州华商学院,218,18,80,63,442,252920,2024,物理,不限,否
12621,广州华商学院,219,19,565,565,456,227274,2024,物理,不限,否
12622,湛江科技学院,201,01,1691,884,442,253755,2024,物理,不限,否
12622,湛江科技学院,202,02,2407,988,442,253795,2024,物理,不限,否
12622,湛江科技学院,203,03,45,39,442,252727,2024,物理,不限,否
12623,华南农业大学珠江学院,212,12,290,290,472,199117,2024,物理,不限,否
12623,华南农业大学珠江学院,219,19,527,527,471,200726,2024,物理,不限,否
12631,厦门医学院,201,01,11,11,545,77194,2024,物理,不限,否
12631,厦门医学院,202,02,4,4,538,86193,2024,物理,不限,否
12636,成都东软学院                                A,202,02,6,6,491,163256,2024,物理,不限,否
12649,湖南科技大学潇湘学院               2,202,02,5,5,489,168055,2024,物理,不限,否
12650,南华大学船山学院,202,02,4,4,490,166280,2024,物理,不限,否
12650,南华大学船山学院,203,03,6,6,488,169357,2024,物理,不限,否
12651,湘潭理工学院                         W,202,02,5,5,489,167354,2024,物理,不限,否
12653,湖南农业大学东方科技学院,202,02,2,2,488,168712,2024,物理,不限,否
12656,中南林业科技大学涉外学院V,202,02,12,12,490,166142,2024,物理,不限,否
12656,中南林业科技大学涉外学院,203,03,24,24,487,171209,2024,物理,不限,否
12657,湖南文理学院芙蓉学院,203,03,2,2,492,162429,2024,物理,不限,否
12657,湖南文理学院芙蓉学院又,204,04,2,2,492,161652,2024,物理,不限,否
12659,衡阳师范学院南岳学院,202,02,2,0,499,149908,2024,物理,不限,否
12659,衡阳师范学院南岳学院,203,03,5,5,489,166592,2024,物理,不限,否
12660,湖南工程学院应用技术学院,201,01,5,5,490,166036,2024,物理,不限,否
12661,湖南中医药大学湘杏学院,202,02,9,0,512,127907,2024,物理,不限,否
12662,张家界学院,202,02,4,4,486,173045,2024,物理,不限,否
12668,广州理工学院,201,01,3177,3177,451,236694,2024,物理,不限,否
12668,广州理工学院,202,02,671,671,456,227115,2024,物理,不限,否
12689,东南大学成贤学院,202,02,4,4,489,167194,2024,物理,不限,否
12689,东南大学成贤学院,203,03,22,22,486,173460,2024,物理,不限,否
12709,厦门华厦学院,203,03,5,5,485,175223,2024,物理,不限,否
12709,厦门华厦学院,204,04,18,18,476,191991,2024,物理,不限,否
12710,闽南理工学院                                x,202,02,2,2,488,169211,2024,物理,不限,否
12712,西安欧亚学院                                 V,202,02,10,10,477,189266,2024,物理,不限,否
12712,西安欧亚学院                        Y  T,203,03,4,4,476,191432,2024,物理,不限,否
12713,西安外事学院                        V&gt;,203,03,2,2,483,179077,2024,物理,不限,否
12713,西安外事学院                        K,204,04,6,6,477,190017,2024,物理,不限,否
12714,西安翻译学院             v,202,02,7,7,477,189260,2024,物理,不限,否
12714,西安翻译学院            AX,203,03,35,35,462,216954,2024,物理,不限,否
12715,西京学院              /,204,04,3,3,487,170289,2024,物理,不限,否
12715,西京学院,205,05,6,6,483,179075,2024,物理,不限,否
12747,郑州工业应用技术学院,202,02,2,2,485,175456,2024,物理,不限,否
12747,郑州工业应用技术学院,203,03,2,2,484,176544,2024,物理,不限,否
12763,四川工程职业技术大学,201,01,10,10,497,153751,2024,物理,不限,否
12766,江西工程学院,202,02,2,21,489,167396,2024,物理,不限,否
12779,山西应用科技学院,203,03,5,5,484,175820,2024,物理,不限,否
12784,河北传媒学院,202,02,30,0,479,185415,2024,物理,不限,否
12792,浙江越秀外国语学院,203,03,2,2,480,184576,2024,物理,不限,否
12792,浙江越秀外国语学院,204,04,16,16,465,211512,2024,物理,不限,否
12792,浙江越秀外国语学院,205,05,30,4,473,195809,2024,物理,不限,否
12795,南昌理工学院,203,03,11,11,486,172884,2024,物理,不限,否
12795,南昌理工学院,204,04,42,42,482,179998,2024,物理,不限,否
12795,南昌理工学院,205,05,5,5,480,183755,2024,物理,不限,否
12799,上海建桥学院,202,02,14,14,477,189965,2024,物理,不限,否
12799,上海建桥学院,203,03,35,35,476,191138,2024,物理,不限,否
12799,上海建桥学院(中外合作办学),204,04,3,3,476,190212,2024,物理,不限,否
12799,上海建桥学院,205,05,3,3,475,193203,2024,物理,不限,否
12802,吉利学院,202,02,8,8,480,184468,2024,物理,不限,否
12915,上海中侨职业技术大学,202,02,23,23,475,193754,2024,物理,不限,否
12928,泉州职业技术大学,202,02,20,20,488,169525,2024,物理,不限,否
12938,江西应用科技学院,202,02,11,11,482,179658,2024,物理,不限,否
12938,江西应用科技学院,203,03,20,20,475,193153,2024,物理,不限,否
12992,闽南科技学院,203,03,1,1,488,169044,2024,物理,不限,否
12992,闽南科技学院,204,04,1,1,484,177014,2024,物理,不限,否
12992,闽南科技学院                                A,205,05,4,4,480,184014,2024,物理,不限,否
13006,山东英才学院                           2,201,01,5,5,476,191313,2024,物理,不限,否
13021,浙大城市学院,203,03,5,5,536,89400,2024,物理,不限,否
13021,浙大城市学院,204,04,12,12,532,96354,2024,物理,不限,否
13021,浙大城市学院,205,05,18,18,543,79977,2024,物理,不限,否
13022,浙大宁波理工学院,202,02,31,31,533,94174,2024,物理,不限,否
13022,浙大宁波理工学院,203,03,6,6,523,109981,2024,物理,不限,否
13023,杭州医学院,201,01,10,10,520,114654,2024,物理,不限,否
13065,安徽外国语学院,202,02,7,7,473,197049,2024,物理,不限,否
13115,厦门工学院,202,02,11,11,477,189773,2024,物理,不限,否
13188,武汉晴川学院,204,04,9,9,480,183181,2024,物理,不限,否
13198,大连理工大学城市学院,202,02,4,4,476,191951,2024,物理,不限,否
13198,大连理工大学城市学院,203,03,10,10,477,188409,2024,物理,不限,否
13201,沈阳工学院,201,01,3,3,478,187510,2024,物理,不限,否
13201,沈阳工学院,202,02,30,7,478,187725,2024,物理,不限,否
13208,沈阳城市建设学院,201 1,11,2,2,466,210369,2024,物理,不限,否
13208,沈阳城市建设学院,202,02,8,8,470,202286,2024,物理,不限,否
13212,大连医科大学中山学院,202,02,6,6,484,177036,2024,物理,不限,否
13213,锦州医科大学医疗学院,201,01,3,3,528,101899,2024,物理,不限,否
13213,锦州医科大学医疗学院,202,02,4,4,473,196007,2024,物理,不限,否
13215,辽宁师范大学海华学院                    x,202,02,4,4,477,188300,2024,物理,不限,否
13215,辽宁师范大学海华学院                    n,203,03,3,3,472,197875,2024,物理,不限,否
13218,大连财经学院                         N,202,02,11,11,478,187980,2024,物理,不限,否
13220,沈阳城市学院                        PV&gt;,202,02,7,7,458,224788,2024,物理,不限,否
13220,沈阳城市学院                        K,203,03,4,4,475,192627,2024,物理,不限,否
13234,湖北大学知行学院       v,202,02,2,2,495,157435,2024,物理,不限,否
13234,湖北大学知行学院      AX,203,03,2,2,490,165158,2024,物理,不限,否
13235,武汉城市学院,203,03,4,4,489,167407,2024,物理,不限,否
13235,武汉城市学院,204,04,5,5,489,167585,2024,物理,不限,否
13235,武汉城市学院,205,05,2,2,484,175681,2024,物理,不限,否
13236,二三峡大学科技学院,202,02,10,10,488,168491,2024,物理,不限,否
13236,三峡大学科技学院,203,03,7,0,530,98609,2024,物理,不限,否
13238,湖北工业大学工程技术学院,203,03,24,24,481,181972,2024,物理,不限,否
13239,武汉工程大学邮电与信息工程学院,202,02,3,0,493,160318,2024,物理,不限,否
13240,武汉纺织大学外经贸学院,203,03,30,0,483,178074,2024,物理,不限,否
13240,武汉纺织大学外经贸学院,204,04,3,3,481,181611,2024,物理,不限,否
13240,武汉纺织大学外经贸学院,205,05,4,4,480,183180,2024,物理,不限,否
13241,武昌工学院,202,02,9,9,482,179805,2024,物理,不限,否
13242,武汉工商学院,203,03,17,17,483,179244,2024,物理,不限,否
13242,武汉工商学院,204,04,4,4,484,175604,2024,物理,不限,否
13246,长江大学文理学院,202,02,3,3,487,171725,2024,物理,不限,否
13247,湖北商贸学院,202,02,5,5,488,169788,2024,物理,不限,否
13247,湖北商贸学院,203,03,5,5,487,171088,2024,物理,不限,否
13249,湖北医药学院药护学院,201,01,8,8,517,119381,2024,物理,不限,否
13250,湖北恩施学院,203,03,5,5,480,183380,2024,物理,不限,否
13250,湖北恩施学院,204,04,2,2,541,82757,2024,物理,不限,否
13250,湖北恩施学院,205,05,5,5,487,170798,2024,物理,不限,否
13251,湖北经济学院法商学院,202,02,11,11,481,181911,2024,物理,不限,否
13253,武汉体育学院体育科技学院,202,02,2,2,491,164113,2024,物理,不限,否
13256,湖北师范大学文理学院,203,03,1,1,499,149234,2024,物理,不限,否
13256,湖北师范大学文理学院,204,04,4,4,488,169434,2024,物理,不限,否
13256,湖北师范大学文理学院,205,05,9,9,486,173227,2024,物理,不限,否
13257,湖北文理学院理工学院                    A,201,01,2,2,484,176253,2024,物理,不限,否
13257,湖北文理学院理工学院,202,02,9,9,486,171875,2024,物理,不限,否
13262,文华学院,203,03,12,12,481,182517,2024,物理,不限,否
13279,杭州电子科技大学信息工程学院,201,01,2,2,499,149414,2024,物理,不限,否
13279,杭州电子科技大学信息工程学院,202,02,10,10,502,144588,2024,物理,不限,否
13290,浙江工商大学杭州商学院X,203,03,3,3,495,157348,2024,物理,不限,否
13290,浙江工商大学杭州商学院NA,204,04,19,19,486,173040,2024,物理,不限,否
13290,浙江工商大学杭州商学院,205,05,6,6,484,176828,2024,物理,不限,否
13291,嘉兴南湖学院   入&gt;,201,01,2,2,513,125877,2024,物理,不限,否
13292,中国计量大学现代科技学院,201,01,2,2,485,173992,2024,物理,不限,否
13296,黑龙江外国语学院,203,03,12,12,464,213952,2024,物理,不限,否
13300,黑龙江工商学院,202,02,15,15,464,213986,2024,物理,不限,否
13300,黑龙江工商学院,203,03,10,10,468,205373,2024,物理,不限,否
13301,哈尔滨远东理工学院,201,01,40,40,465,211164,2024,物理,不限,否
13307,哈尔滨华德学院,202,02,4,14,464,213156,2024,物理,不限,否
13307,哈尔滨华德学院,203,03,33,33,458,223591,2024,物理,不限,否
13324,山东协和学院,203,03,10,10,480,183597,2024,物理,不限,否
13324,山东协和学院,204,04,18,18,480,182862,2024,物理,不限,否
13324,山东协和学院,205,05,7,7,485,174649,2024,物理,不限,否
13324,山东协和学院,206,06,2,2,551,69664,2024,物理,不限,否
13326,滇池学院,203,03,1,1,484,176639,2024,物理,不限,否
13326,滇池学院                                      x,204,04,2,2,488,169444,2024,物理,不限,否
13326,滇池学院                                       n,205,05,5,5,482,180298,2024,物理,不限,否
13328,丽江文化旅游学院                  Y,205,05,2,2,482,179469,2024,物理,不限,否
13328,丽江文化旅游学院,206,06,6,6,467,206855,2024,物理,不限,否
13330,昆明城市学院,202,02,25,25,472,198069,2024,物理,不限,否
13330,昆明城市学院             v,203,03,4,4,479,186353,2024,物理,不限,否
13332,昆明医科大学海源学院AX,203,03,21,21,480,183481,2024,物理,不限,否
13378,青岛城市学院,202,02,4,4,475,192753,2024,物理,不限,否
13378,青岛城市学院,203,03,5,5,475,192780,2024,物理,不限,否
13386,山东石油化工学院,202,02,2,2,498,150674,2024,物理,不限,否
13386,山东石油化工学院,203,03,11,0,501,145255,2024,物理,不限,否
13402,河北外国语学院,202,02,4,0,480,183416,2024,物理,不限,否
13402,河北外国语学院,203,03,2,21,488,169804,2024,物理,不限,否
13408,华北理工大学轻工学院,202,02,5,5,480,183035,2024,物理,不限,否
13415,河北医科大学临床学院,202,02,5,0,515,121699,2024,物理,不限,否
13415,河北医科大学临床学院,203,03,4,4,536,89533,2024,物理,不限,否
13415,河北医科大学临床学院,204,04,4,4,492,162103,2024,物理,不限,否
13418,江西服装学院,202,02,4,4,469,204437,2024,物理,不限,否
13418,江西服装学院,203,03,10,10,472,198540,2024,物理,不限,否
13420,南昌职业大学,202,02,3,3,489,167896,2024,物理,不限,否
13421,南昌工学院,? 202,02,2,2,484,176926,2024,物理,不限,否
13421,南昌工学院,203,03,6,6,482,180097,2024,物理,不限,否
13429,南昌大学科学技术学院,202,02,18,18,486,172923,2024,物理,不限,否
13429,南昌大学科学技术学院,203,03,20,20,488,168283,2024,物理,不限,否
13431,南昌交通学院,203,03,5,5,485,173667,2024,物理,不限,否
13432,赣东学院,203,03,2,2,505,138568,2024,物理,不限,否
13432,赣东学院,204,04,7,7,496,154022,2024,物理,不限,否
13433,南昌航空大学科技学院,202,02,5,5,489,167601,2024,物理,不限,否
13433,南昌航空大学科技学院,203,03,57,57,485,175094,2024,物理,不限,否
13434,赣南科技学院,203,03,4,4,497,153880,2024,物理,不限,否
13434,赣南科技学院,204,04,8,8,493,160757,2024,物理,不限,否
13434,赣南科技学院,205,05,6,6,497,152723,2024,物理,不限,否
13435,景德镇艺术职业大学                       A,203,03,6,6,487,170392,2024,物理,不限,否
13435,景德镇艺术职业大学                  2,204,04,2,2,487,170501,2024,物理,不限,否
13436,江西农业大学南昌商学院,204,04,1,1,496,155472,2024,物理,不限,否
13436,江西农业大学南昌商学院,205,05,15,15,486,173054,2024,物理,不限,否
13436,江西农业大学南昌商学院,206,06,3,3,490,166150,2024,物理,不限,否
13436,江西农业大学南昌商学院,207,07,1,1,497,153881,2024,物理,不限,否
13437,南昌医学院,203,03,3,3,504,141656,2024,物理,不限,否
13437,南昌医学院,204,04,16,16,511,128434,2024,物理,不限,否
13437,南昌医学院,205,05,8,8,514,123846,2024,物理,不限,否
13437,南昌医学院,206,06,4,4,556,62723,2024,物理,不限,否
13437,南昌医学院,208,08,2,0,535,91102,2024,物理,不限,否
13437,南昌医学院,209,09,2,2,546,76055,2024,物理,不限,否
13437,南昌医学院&gt;,210,10,8,8,511,128943,2024,物理,不限,否
13437,南昌医学院,211,11,4,0,551,68950,2024,物理,不限,否
13438,江西师范大学科学技术学院,203,03,14,14,494,157592,2024,物理,不限,否
13438,江西师范大学科学技术学院,204,04,5,5,488,168886,2024,物理,不限,否
13439,赣南师范大学科技学院,203,03,2,2,497,152564,2024,物理,不限,否
13439,赣南师范大学科技学院,204,04,11,11,492,161804,2024,物理,不限,否
13439,赣南师范大学科技学院,205,05,10,10,488,168741,2024,物理,不限,否
13440,南昌应用技术师范学院,203,03,12,12,487,171180,2024,物理,不限,否
13441,江西财经大学现代经济管理学院,204,04,1,1,493,159870,2024,物理,不限,否
13441,江西财经大学现代经济管理学院        x,205,05,31,31,488,169511,2024,物理,不限,否
13441,江西财经大学现代经济管理学院        m,206,06,5,5,494,158794,2024,物理,不限,否
13441,江西财经大学现代经济管理学院         T,207,07,5,5,489,166702,2024,物理,不限,否
13468,阳光学院,202,02,2,2,468,205167,2024,物理,不限,否
13468,阳光学院（中外合作办学）,203,03,9,9,443,250505,2024,物理,不限,否
13468,阳光学院                    v,204,04,10,10,474,195214,2024,物理,不限,否
13469,厦门大学嘉庚学院       AX,203,03,3,3,496,155756,2024,物理,不限,否
13469,厦门大学嘉庚学院           1,204,04,43,43,493,159935,2024,物理,不限,否
13469,厦门大学嘉庚学院,205,05,35,35,490,165496,2024,物理,不限,否
13470,福州大学至诚学院,203,03,9,9,489,167558,2024,物理,不限,否
13470,福州大学至诚学院,204,04,40,40,478,187688,2024,物理,不限,否
13471,集美大学诚毅学院,203,03,9,0,493,160274,2024,物理,不限,否
13471,集美大学诚毅学院,204,04,23,23,489,167969,2024,物理,不限,否
13472,福建师范大学协和学院,203,03,3,3,486,173401,2024,物理,不限,否
13472,福建师范大学协和学院,204,04,30,0,491,164460,2024,物理,不限,否
13497,郑州财经学院,203,03,13,13,488,168842,2024,物理,不限,否
13497,郑州财经学院,205,05,13,13,482,180980,2024,物理,不限,否
13500,商丘工学院,201,01,30,5,484,176603,2024,物理,不限,否
13500,商丘工学院,202,02,5,5,484,175694,2024,物理,不限,否
13501,河南开封科技传媒学院,201,01,5,5,486,173121,2024,物理,不限,否
13503,信阳学院,202,02,2,2,491,162829,2024,物理,不限,否
13505,新乡医学院三全学院,201,01,3,3,488,168591,2024,物理,不限,否
13505,新乡医学院三全学院,202,02,2,2,533,94802,2024,物理,不限,否
13514,兰州博文科技学院,202,02,4,4,482,180990,2024,物理,不限,否
13534,山西工学院,201,01,5,5,500,148271,2024,物理,不限,否
13538,山西晋中理工学院,202,02,2,2,484,175970,2024,物理,不限,否
13558,新疆理工学院,201,01,1,1,496,155380,2024,物理,不限,否
13558,新疆理工学院,202,02,9,9,488,168307,2024,物理,不限,否
13560,新疆第二医学院,201,01,26,26,521,113028,2024,物理,不限,否
13561,新疆科技学院,201,01,5,5,489,167973,2024,物理,不限,否
13561,新疆科技学院,202,02,10,10,491,164205,2024,物理,不限,否
13571,无锡太湖学院,204,04,39,39,481,181114,2024,物理,不限,否
13571,无锡太湖学院                                1,205,05,37,37,481,182656,2024,物理,不限,否
13571,无锡太湖学院,206,06,7,7,488,169599,2024,物理,不限,否
13578,河北工程大学科信学院,202,02,3,3,488,168403,2024,物理,不限,否
13578,河北工程大学科信学院,203,03,21,21,484,176419,2024,物理,不限,否
13579,中国矿业大学徐海学院,203,03,7,7,482,180892,2024,物理,不限,否
13579,中国矿业大学徐海学院,204,04,14,14,481,181348,2024,物理,不限,否
13588,重庆外语外事学院       WA,203,03,3,3,492,161637,2024,物理,不限,否
13588,重庆外语外事学院          N,204,04,9,9,485,175169,2024,物理,不限,否
13589,重庆对外经贸学院 S,202,02,6,6,490,165341,2024,物理,不限,否
13589,重庆对外经贸学院,203,03,7,7,485,174852,2024,物理,不限,否
13590,重庆财经学院（校企联合培养）,203,03,4,0,490,166071,2024,物理,不限,否
13593,石家庄铁道大学四方学院,202,02,3,3,489,167549,2024,物理,不限,否
13593,石家庄铁道大学四方学院,203,03,10,10,487,170711,2024,物理,不限,否
13594,河北地质大学华信学院,203,03,10,10,482,179737,2024,物理,不限,否
13594,河北地质大学华信学院,204,04,30,12,485,175437,2024,物理,不限,否
13597,山西科技学院,202,02,30,2,501,146783,2024,物理,不限,否
13597,山西科技学院,203,03,30,1,507,136437,2024,物理,不限,否
13602,长春电子科技学院,202,02,8,8,478,186786,2024,物理,不限,否
13603,长春财经学院,202,02,8,8,475,193051,2024,物理,不限,否
13604,吉林建筑科技学院,201,01,6,6,472,199056,2024,物理,不限,否
13604,吉林建筑科技学院,202,02,4,4,473,196121,2024,物理,不限,否
13606,长春科技学院                                x,201,01,6,6,468,205116,2024,物理,不限,否
13606,长春科技学院                                 m,202,02,9,9,491,164024,2024,物理,不限,否
13609,辽宁中医药大学杏林学院         Y,201,01,20,20,500,147354,2024,物理,不限,否
13610,辽宁何氏医学院,201,01,20,20,479,184769,2024,物理,不限,否
13611,蚌埠工商学院,202,02,4,4,485,174619,2024,物理,不限,否
13614,马鞍山学院                √,202,02,13,13,477,188541,2024,物理,不限,否
13615,合肥城市学院            AX,202,02,12,12,466,209493,2024,物理,不限,否
13618,安徽医科大学临床医学院,201,01,30,30,503,142930,2024,物理,不限,否
13622,吉林师范大学博达学院,204,04,5,5,478,188198,2024,物理,不限,否
13625,昆明文理学院 ?,203,03,9,9,480,183918,2024,物理,不限,否
13625,昆明文理学院,204,04,8,8,476,191250,2024,物理,不限,否
13626,昆明理工大学津桥学院,203,03,14,14,479,184900,2024,物理,不限,否
13626,昆明理工大学津桥学院,205,05,29,29,476,191781,2024,物理,不限,否
13627,重庆移通学院,202,02,12,12,488,168621,2024,物理,不限,否
13627,重庆移通学院(中外合作办学),203,03,30,0,481,182288,2024,物理,不限,否
13628,新疆政法学院,203,03,2,2,495,157497,2024,物理,不限,否
13628,新疆政法学院,204,04,15,0,497,152968,2024,物理,不限,否
13628,新疆政法学院,205,05,8,8,492,161589,2024,物理,不限,否
13631,大连东软信息学院,201,01,5,5,468,205350,2024,物理,不限,否
13631,大连东软信息学院,202,02,15,15,475,192903,2024,物理,不限,否
13632,上海视觉艺术学院,202,02,2,2,522,111398,2024,物理,不限,否
13634,武汉学院,202,02,22,22,489,168098,2024,物理,不限,否
13635,长沙理工大学城南学院,203,03,5,5,495,157495,2024,物理,不限,否
13635,长沙理工大学城南学院,204,04,34,34,488,168964,2024,物理,不限,否
13639,柳州工学院,202,02,5,5,486,173176,2024,物理,不限,否
13639,柳州工学院,203,03,20,20,485,174554,2024,物理,不限,否
13640,广西民族大学相思湖学院,202,02,38,38,490,165688,2024,物理,不限,否
13640,广西民族大学相思湖学院,203,03,6,6,486,172212,2024,物理,不限,否
13641,桂林学院,203,03,5,5,491,163893,2024,物理,不限,否
13641,桂林学院,204,04,2,2,496,154728,2024,物理,不限,否
13641,桂林学院,205,05,15,15,488,169315,2024,物理,不限,否
13643,广西中医药大学赛恩斯新医药学院,201,01,2,2,486,171967,2024,物理,不限,否
13643,广西中医药大学赛恩斯新医药学院     M,（1202,02,181,181,489,167307,2024,物理,不限,否
13643,广西中医药大学赛恩斯新医药学院一,203,03,32,32,487,171614,2024,物理,不限,否
13644,桂林信息科技学院,203,03,4,4,483,179148,2024,物理,不限,否
13644,桂林信息科技学院,204,04,28,28,471,200587,2024,物理,不限,否
13644,桂林信息科技学院                  &gt;,205,05,68,68,479,185717,2024,物理,不限,否
13645,南宁理工学院             XV,202,02,20,20,481,182635,2024,物理,不限,否
13645,南宁理工学院            WA,203,03,16,16,483,177417,2024,物理,不限,否
13647,贵州中医药大学时珍学院         ?,201,01,6,6,491,163757,2024,物理,不限,否
13651,贵阳人文科技学院,202,02,2,2,487,170287,2024,物理,不限,否
13653,遵义医科大学医学与科技学院,201,01,10,10,532,96360,2024,物理,不限,否
13654,南京理工大学紫金学院,203,03,144,144,479,185933,2024,物理,不限,否
13655,南京航空航天大学金城学院,202,02,4,4,481,181927,2024,物理,不限,否
13655,南京航空航天大学金城学院,203,03,21,21,483,178963,2024,物理,不限,否
13656,广州华立学院（国际班）,201,01,38,38,451,236262,2024,物理,不限,否
13656,广州华立学院（国际班）,202,02,52,52,445,247412,2024,物理,不限,否
13656,广州华立学院,203,03,378,378,454,231103,2024,物理,不限,否
13656,广州华立学院,204&lt;,04,489,489,448,242931,2024,物理,不限,否
13656,广州华立学院,205,05,1079,1079,443,250969,2024,物理,不限,否
13656,广州华立学院,206,06,618,584,442,253785,2024,物理,不限,否
13657,广州应用科技学院,214,14,990,990,448,241570,2024,物理,不限,否
13657,广州应用科技学院                              Y,215,15,795,795,448,241446,2024,物理,不限,否
13657,广州应用科技学院                          x,216,16,55,55,450,238223,2024,物理,不限,否
13657,广州应用科技学院                          m,217,17,120,120,469,203836,2024,物理,不限,否
13657,广州应用科技学院                             H,218,18,110,110,467,207422,2024,物理,不限,否
13657,广州应用科技学院                  V&gt;,219,19,60,60,452,235473,2024,物理,不限,否
13657,广州应用科技学院                  X&gt;,220,20,165,165,455,230260,2024,物理,不限,否
13657,广州应用科技学院        v,221,21,155,155,450,239437,2024,物理,不限,否
13657,广州应用科技学院      AX,222,22,90,90,450,238365,2024,物理,不限,否
13657,广州应用科技学院        7,223,23,160,141,442,253694,2024,物理,不限,否
13657,广州应用科技学院(联合培养),230,30,30,26,442,253688,2024,物理,不限,否
13657,广州应用科技学院(联合培养),231,31,60,60,446,246568,2024,物理,不限,否
13657,广州应用科技学院(联合培养),232,32,20,20,449,240990,2024,物理,不限,否
13657,广州应用科技学院(联合培养),233,33,40,30,442,253483,2024,物理,不限,否
13657,广州应用科技学院（联合培养）,234,34,20,97,442,252932,2024,物理,不限,否
13657,广州应用科技学院（联合培养）,235,35,20,20,443,251856,2024,物理,不限,否
13657,广州应用科技学院(联合培养),236,36,50,50,442,253599,2024,物理,不限,否
13657,广州应用科技学院（联合培养）,237,37,60,60,442,252258,2024,物理,不限,否
13660,天津商业大学宝德学院,205,05,1,1,491,164278,2024,物理,不限,否
13660,天津商业大学宝德学院,206,06,30,1,481,181209,2024,物理,不限,否
13660,天津商业大学宝德学院,207,07,1,1,481,181862,2024,物理,不限,否
13660,天津商业大学宝德学院,208,08,4,4,485,174531,2024,物理,不限,否
13661,天津医科大学临床医学院,203,03,1,1,525,105846,2024,物理,不限,否
13661,天津医科大学临床医学院,204,04,14,14,488,168335,2024,物理,不限,否
13661,天津医科大学临床医学院,205,05,6,6,535,90849,2024,物理,不限,否
13662,长春人文学院,202,02,2,2,474,195237,2024,物理,不限,否
13662,长春人文学院,203,03,2,2,474,194399,2024,物理,不限,否
13665,电子科技大学成都学院,203,03,2,2,497,153009,2024,物理,不限,否
13665,电子科技大学成都学院,204,04,30,30,490,166195,2024,物理,不限,否
13665,电子科技大学成都学院,205,05,4,4,490,166033,2024,物理,不限,否
13666,武汉华夏理工学院,202,02,6,6,486,173621,2024,物理,不限,否
13666,武汉华夏理工学院,203,03,13,13,480,183899,2024,物理,不限,否
13667,广州商学院,204,04,1761,1761,462,216808,2024,物理,不限,否
13667,广州商学院,205,05,1320,1320,464,213090,2024,物理,不限,否
13667,广州商学院（中外合作办学/联合培养）A,206,06,86,86,447,244753,2024,物理,不限,否
13667,广州商学院(联合培养)                一,207,07,60,60,449,240076,2024,物理,不限,否
13667,广州商学院,208,08,187,187,458,223703,2024,物理,不限,否
13668,成都理工大学工程技术学院,202,02,20,20,485,174277,2024,物理,不限,否
13669,四川传媒学院                        V,202,02,10,10,487,170950,2024,物理,不限,否
13669,四川传媒学院             XY,203,03,20,20,474,194725,2024,物理,不限,否
13670,成都银杏酒店管理学院WA,202,02,8,8,484,176969,2024,物理,不限,否
13673,成都外国语学院              Y,202,02,13,13,485,175442,2024,物理,不限,否
13677,西安交通大学城市学院,201,01,4,4,496,154346,2024,物理,不限,否
13678,西北大学现代学院,201,01,2,2,473,195702,2024,物理,不限,否
13682,西安工商学院,202,02,6,6,476,190570,2024,物理,不限,否
13684,珠海科技学院,208,08,1016,1016,493,159927,2024,物理,不限,否
13684,珠海科技学院?,209,09,2016,2016,492,161791,2024,物理,不限,否
13684,珠海科技学院,210,10,50,50,494,159057,2024,物理,不限,否
13686,武汉传媒学院,202,02,30,6,492,162205,2024,物理,不限,否
13686,武汉传媒学院,203,03,30,5,482,180788,2024,物理,不限,否
13686,武汉传媒学院,212,12,30,4,479,186207,2024,物理,不限,否
13687,南京传媒学院,203,03,17,17,490,165491,2024,物理,不限,否
13705,成都医学院,201,01,30,30,551,69587,2024,物理,不限,否
13714,广州工商学院,211,11,1331,1315,442,253794,2024,物理,不限,否
13714,广州工商学院,212,12,969,969,446,245741,2024,物理,不限,否
13714,广州工商学院                                x,213,13,288,110,442,253644,2024,物理,不限,否
13714,广州工商学院                                m,214,14,200,102,442,253751,2024,物理,不限,否
13714,广州工商学院                        Y,215,15,43,22,442,253288,2024,物理,不限,否
13714,广州工商学院,216,16,30,28,442,253176,2024,物理,不限,否
13714,广州工商学院,217,17,26,26,443,251764,2024,物理,不限,否
13714,广州工商学院             v,218,18,35,14,442,253536,2024,物理,不限,否
13714,广州工商学院           AX,219,19,48,39,442,253787,2024,物理,不限,否
13714,广州工商学院,220,20,76,76,446,245409,2024,物理,不限,否
13714,广州工商学院,221,21,150,28,442,253764,2024,物理,不限,否
13714,广州工商学院,222,22,25,10,443,251557,2024,物理,不限,否
13714,广州工商学院(中外合作办学),223,23,105,23,442,253633,2024,物理,不限,否
13717,广州科技职业技术大学,203,03,3094,3094,447,244946,2024,物理,不限,否
13717,广州科技职业技术大学,204,04,140,140,460,220926,2024,物理,不限,否
13717,州科技职业技术大学(校企联合培养),208,08,100,100,450,238401,2024,物理,不限,否
13717,广州科技职业技术大学(校企联合培养),210,10,30,20,450,239398,2024,物理,不限,否
13719,东科技学院,205,05,1666,1666,444,248839,2024,物理,不限,否
13719,广东科技学院,206,06,2165,2165,451,236087,2024,物理,不限,否
13719,广东科技学院（联合培养）,213,13,25,10,442,253510,2024,物理,不限,否
13719,广东科技学院（联合培养）,214,14,25,7,443,251826,2024,物理,不限,否
13719,东科技学院,215,15,20,20,457,226206,2024,物理,不限,否
13719,东科技学院,218,18,450,450,446,246301,2024,物理,不限,否
13720,广东理工学院,201,01,1650,625,442,253790,2024,物理,不限,否
13720,东理工学院,202,02,1948,1659,442,253791,2024,物理,不限,否
13720,广东理工学院,203,03,200,108,442,253784,2024,物理,不限,否
13720,广东理工学院,204,04,920,324,442,253768,2024,物理,不限,否
13721,东工商职业技术大学,205,05,2130,1526,442,253793,2024,物理,不限,否
13721,广东工商职业技术大学,208,08,50,50,450,239336,2024,物理,不限,否
13744,黑河学院,203,03,3,3,494,157722,2024,物理,不限,否
13744,黑河学院,204,04,9,9,492,162480,2024,物理,不限,否
13744,黑河学院,205,05,6,6,490,165080,2024,物理,不限,否
13762,福州外语外贸学院,202,02,16,16,482,180157,2024,物理,不限,否
13762,福州外语外贸学院,203,03,6,6,476,190667,2024,物理,不限,否
13763,福建江夏学院                                A,202,02,6,6,511,128984,2024,物理,不限,否
13766,泉州信息工程学院                     o,202,02,2,2,486,173262,2024,物理,不限,否
13766,泉州信息工程学院,203,03,18,18,479,185756,2024,物理,不限,否
13766,泉州信息工程学院(中外合作办学),204,04,8,8,467,207589,2024,物理,不限,否
13773,福州理工学院                         A,201,01,5,5,481,181064,2024,物理,不限,否
13774,豫章师范学院             Xy,204,04,2,2,498,151466,2024,物理,不限,否
13774,豫章师范学院             WA,205,05,2,2,493,160270,2024,物理,不限,否
13776,江西软件职业技术大学,203,03,9,9,486,173105,2024,物理,不限,否
13809,湖南应用技术学院&gt;,203,03,2,2,489,167483,2024,物理,不限,否
13809,湖南应用技术学院,204,04,1,1,484,177260,2024,物理,不限,否
13811,琼台师范学院,203,03,6,6,498,151961,2024,物理,不限,否
13811,琼台师范学院,204,04,6,6,497,153553,2024,物理,不限,否
13816,四川工业科技学院,202,02,5,5,484,177283,2024,物理,不限,否
13830,广西外国语学院,202,02,15,15,478,187554,2024,物理,不限,否
13830,广西外国语学院,203,03,8,8,479,185324,2024,物理,不限,否
13842,南京理工大学泰州科技学院,201,01,11,11,479,185190,2024,物理,不限,否
13842,南京理工大学泰州科技学院,202&lt;,02,39,39,480,184540,2024,物理,不限,否
13844,东莞城市学院,205,05,1050,1050,458,224150,2024,物理,不限,否
13844,东莞城市学院,207,07,86,86,466,210455,2024,物理,不限,否
13844,东莞城市学院,212,12,1427,1427,461,218703,2024,物理,不限,否
13844,东莞城市学院(联合培养),213,13,10,10,454,231258,2024,物理,不限,否
13844,东莞城市学院(联合培养),214,14,30,16,442,252241,2024,物理,不限,否
13892,三亚学院                                       vn,206,06,3,3,467,208435,2024,物理,不限,否
13892,三亚学院                                        H,207,07,13,13,474,195580,2024,物理,不限,否
13892,亚学院（中外合作办学）          V入,208,08,1,1,483,177824,2024,物理,不限,否
13892,三亚学院                              K,209,09,15,15,474,194698,2024,物理,不限,否
13892,三亚学院                    v  √,214,14,5,5,463,215240,2024,物理,不限,否
13892,亚学院                  AX,215,15,1,1,480,183212,2024,物理,不限,否
13893,上海师范大学天华学院     1 &gt;,202,02,2,2,484,176152,2024,物理,不限,否
13893,上海师范大学天华学院,203,03,9,9,457,226884,2024,物理,不限,否
13894,西安明德理工学院,202,02,2,2,470,202962,2024,物理,不限,否
13894,西安明德理工学院,203,03,3,3,479,186216,2024,物理,不限,否
13897,天津理工大学中环信息学院,202,02,1,0,489,167134,2024,物理,不限,否
13897,天津理工大学中环信息学院,203,03,16,16,481,181554,2024,物理,不限,否
13898,北京科技大学天津学院,203,03,6,6,488,169156,2024,物理,不限,否
13898,北京科技大学天津学院,204,04,30,12,485,175150,2024,物理,不限,否
13899,北京中医药大学东方学院,203,03,30,0,491,163124,2024,物理,不限,否
13899,北京中医药大学东方学院,204,04,25,25,492,162306,2024,物理,不限,否
13899,北京中医药大学东方学院,206,06,30,1,494,158438,2024,物理,不限,否
13901,北京邮电大学世纪学院,202,02,1,1,490,164611,2024,物理,不限,否
13902,广州新华学院,203,03,1161,1161,478,186909,2024,物理,不限,否
13902,广州新华学院,204,04,551,551,477,189033,2024,物理,不限,否
13902,广州新华学院,205,05,45,45,485,174579,2024,物理,不限,否
13902,广州新华学院,206,06,396,396,483,178384,2024,物理,不限,否
13903,成都锦城学院,209,09,5,5,497,153951,2024,物理,不限,否
13903,成都锦城学院,210,10,11,11,489,166683,2024,物理,不限,否
13903,成都锦城学院,212,12,11,11,490,164942,2024,物理,不限,否
13903,成都锦城学院,214,14,6,6,483,177555,2024,物理,不限,否
13903,成都锦城学院,215,15,6,6,489,167064,2024,物理,不限,否
13905,南京工业大学浦江学院,202,02,17,17,481,182590,2024,物理,不限,否
13905,南京工业大学浦江学院,203,03,55,55,476,191002,2024,物理,不限,否
13906,南京师范大学中北学院,202,02,8,8,492,162617,2024,物理,不限,否
13906,南京师范大学中北学院,203,03,4,4,489,167912,2024,物理,不限,否
13906,南京师范大学中北学院                    A,204,04,6,6,484,176084,2024,物理,不限,否
13920,广西城市职业大学                     1,202,02,125,125,476,191338,2024,物理,不限,否
13924,湖南交通工程学院,203,03,4,4,484,177374,2024,物理,不限,否
13980,南京医科大学康达学院,204,04,8,8,485,175111,2024,物理,不限,否
13980,南京医科大学康达学院,205,05,5,5,483,177816,2024,物理,不限,否
13980,南京医科大学康达学院  XY,206,06,33,33,486,173431,2024,物理,不限,否
13980,南京医科大学康达学院WA,207,07,2,2,493,161062,2024,物理,不限,否
13982,无锡学院,202,02,4,4,532,95436,2024,物理,不限,否
13982,无锡学院,203,03,41,41,533,94808,2024,物理,不限,否
13983,苏州城市学院,205,05,14,14,527,103021,2024,物理,不限,否
13984,苏州大学应用技术学院,205,05,16,0,484,176506,2024,物理,不限,否
13986,江苏大学京江学院,202,02,5,5,492,161829,2024,物理,不限,否
13986,江苏大学京江学院,203,03,67,67,472,198042,2024,物理,不限,否
13987,扬州大学广陵学院,203,03,2,0,492,162534,2024,物理,不限,否
13987,扬州大学广陵学院,204,04,15,15,486,173074,2024,物理,不限,否
13987,扬州大学广陵学院,205,05,29,29,472,197758,2024,物理,不限,否
13987,扬州大学广陵学院,206,06,30,2,480,183082,2024,物理,不限,否
13987,扬州大学广陵学院,207,07,4,4,485,175369,2024,物理,不限,否
13988,江苏师范大学科文学院,203,03,5,5,491,164344,2024,物理,不限,否
13988,江苏师范大学科文学院,204,04,12,12,488,169663,2024,物理,不限,否
13988,江苏师范大学科文学院                         ?,205,05,12,12,477,189354,2024,物理,不限,否
13989,南京邮电大学通达学院                    x,201,01,19,19,487,170533,2024,物理,不限,否
13989,南京邮电大学通达学院,202,02,67,67,480,183798,2024,物理,不限,否
13990,南京财经大学红山学院,202,02,16,16,485,174234,2024,物理,不限,否
13991,江苏科技大学苏州理工学院,202,02,6,6,491,163594,2024,物理,不限,否
13991,江苏科技大学苏州理工学院,203,03,17,17,482,180858,2024,物理,不限,否
13992,常州大学怀德学院       v,202,02,24,24,465,211064,2024,物理,不限,否
13992,常州大学怀德学院      AX,203,03,10,10,469,204782,2024,物理,不限,否
13993,南通大学杏林学院      1,201,01,18,18,478,186487,2024,物理,不限,否
13993,南通大学杏林学院,202,02,26,26,457,226065,2024,物理,不限,否
13994,南京审计大学金审学院,203,03,63,63,485,174362,2024,物理,不限,否
13994,南京审计大学金审学院,205,05,4,4,486,172118,2024,物理,不限,否
13995,青岛工学院,203,03,2,0,487,170572,2024,物理,不限,否
13995,青岛工学院,204,04,2,21,477,190055,2024,物理,不限,否
13995,青岛工学院,205,05,12,12,475,192121,2024,物理,不限,否
13995,青岛工学院,206,06,30,0,475,193841,2024,物理,不限,否
13998,齐鲁理工学院,202,02,6,6,478,187587,2024,物理,不限,否
13998,齐鲁理工学院,203,03,17,17,477,188510,2024,物理,不限,否
13998,齐鲁理工学院,204,04,30,4,484,176577,2024,物理,不限,否
14030,西安信息职业大学,201,01,10,10,483,178934,2024,物理,不限,否
14037,西南财经大学天府学院,202,02,15,15,485,174064,2024,物理,不限,否
14038,天津仁爱学院,?204,04,15,15,470,201518,2024,物理,不限,否
14038,天津仁爱学院,205,05,47,47,468,206632,2024,物理,不限,否
14039,四川大学锦江学院,202,02,7,7,489,167678,2024,物理,不限,否
14039,四川大学锦江学院,203,03,4,4,489,166441,2024,物理,不限,否
14042,西安科技大学高新学院,202,02,2,2,491,163610,2024,物理,不限,否
14042,西安科技大学高新学院(中外合作办学）,203,03,2,2,478,186530,2024,物理,不限,否
14046,福建农林大学金山学院(中外合作办学),202,02,3,3,479,185598,2024,物理,不限,否
14087,天津财经大学珠江学院,202,02,14,14,486,172547,2024,物理,不限,否
14099,湖北第二师范学院,203,03,3,3,519,116145,2024,物理,不限,否
14099,湖北第二师范学院(中外合作办学),204,04,4,4,503,142791,2024,物理,不限,否
14101,太原工业学院,201,01,24,24,495,157198,2024,物理,不限,否
14139,民政职业大学,202,02,5,5,509,131652,2024,物理,不限,否
14160,宿迁学院                                      A,202,02,5,5,496,154674,2024,物理,不限,否
14160,宿迁学院,203,03,27,27,495,157053,2024,物理,不限,否
14172,海南科技职业大学                       X,202,02,5,5,479,186334,2024,物理,不限,否
14201,北京第二外国语学院中瑞酒店管理学院,201,01,2,2,462,217649,2024,物理,不限,否
14202,沧州交通学院                         /V,203,03,10,10,468,205252,2024,物理,不限,否
14202,沧州交通学院              XY,204,04,15,15,475,192749,2024,物理,不限,否
14203,皖江工学院               WA,201,01,5,5,472,198539,2024,物理,不限,否
14207,上海财经大学浙江学院,202,02,8,8,490,166374,2024,物理,不限,否
14207,上海财经大学浙江学院,203,03,4,4,489,166966,2024,物理,不限,否
14223,贵州师范学院,202,02,2,2,500,148324,2024,物理,不限,否
14225,河北东方学院,205,05,4,4,478,187576,2024,物理,不限,否
14225,河北东方学院,206,06,3,3,490,165258,2024,物理,不限,否
14226,运城职业技术大学,203,03,4,0,488,168306,2024,物理,不限,否
14226,运城职业技术大学,204,04,30,1,488,169495,2024,物理,不限,否
14278,广东第二师范学院,201,01,407,407,509,132916,2024,物理,不限,否
14278,广东第二师范学院,202,02,91,91,529,100973,2024,物理,不限,否
14278,广东第 师范学院,203,03,123,123,513,126293,2024,物理,不限,否
14278,东第二师范学院,204,04,87,87,505,139032,2024,物理,不限,否
14278,广东第 师范学院,205,05,156,156,540,83808,2024,物理,不限,否
14278,广东第二师范学院                              Y,206,06,396,396,527,103608,2024,物理,不限,否
14278,东第 师范学院                          x,207,07,200,200,522,110395,2024,物理,不限,否
14278,东第 师范学院                          m,208,08,86,86,513,124921,2024,物理,不限,否
14278,东第 师范学院                   1       T,209,09,30,30,542,81233,2024,物理,不限,否
14278,东第 师范学院                  V&gt;,210,10,337,337,503,141928,2024,物理,不限,否
14278,广东第 师范学院                  K,215,15,50,50,500,147323,2024,物理,不限,否
14278,广东第二师范学院(学分互认）,225,25,15,15,520,114229,2024,物理,不限,否
14278,东第二师范学院（学分互认）,226,26,15,15,499,148970,2024,物理,不限,否
14278,东第二师范学院（学分互认）,227,27,15,15,500,146926,2024,物理,不限,否
14327,青岛电影学院,202,02,2,2,477,189477,2024,物理,不限,否
14327,青岛电影学院  1,203,03,16,9,443,252060,2024,物理,不限,否
14389,成都师范学院,202,02,2,2,537,87498,2024,物理,不限,否
14389,成都师范学院,203,03,15,15,522,110963,2024,物理,不限,否
14410,四川电影电视学院,202,02,3,3,485,173844,2024,物理,不限,否
14432,河北中医药大学,201,01,19,19,514,124456,2024,物理,不限,否
14434,山西传媒学院,202,02,2,2,509,132988,2024,物理,不限,否
14437,南昌师范学院,203,03,4,4,499,149445,2024,物理,不限,否
14437,南昌师范学院,204,04,6,6,501,146118,2024,物理,不限,否
14440,贵州理工学院,201,01,8,8,510,130609,2024,物理,不限,否
14527,山西工程技术学院,201,01,4,4,495,157471,2024,物理,不限,否
14527,山西工程技术学院,202,02,2,2,508,133270,2024,物理,不限,否
14527,山西工程技术学院,203,03,24,24,492,161573,2024,物理,不限,否
14596,中国社会科学院大学,204,04,4,4,613,14378,2024,物理,不限,否
14623,滇西应用技术大学,202,02,8,8,489,166756,2024,物理,不限,否
14623,滇西应用技术大学,203,03,2,2,500,147664,2024,物理,不限,否
14625,茅台学院,201,01,2,2,492,161384,2024,物理,不限,否
14625,茅台学院,202,02,4,4,489,167892,2024,物理,不限,否
14625,茅台学院,203,03,4,4,493,159700,2024,物理,不限,否
14654,郑州西亚斯学院（中外合作办学）,203,03,6,6,467,207176,2024,物理,不限,否
14654,郑州西亚斯学院(中外合作办学）,204,04,28,28,442,253394,2024,物理,不限,否
14654,郑州西亚斯学院,205,05,5,5,486,172718,2024,物理,不限,否
14654,郑州西亚斯学院(中外合作办学),206,06,5,5,453,233148,2024,物理,不限,否
14655,深圳技术大学,201,01,791,791,567,50756,2024,物理,不限,否
14655,深圳技术大学                                A,202,02,158,158,564,53416,2024,物理,不限,否
14655,深圳技术大学                           一,203,03,1687,1687,574,42938,2024,物理,不限,否
14829,海南比勒费尔德应用科学大学,201,01,18,16,446,246726,2024,物理,不限,否
14829,海南比勒费尔德应用科学大学,202,02,17,27,462,217282,2024,物理,不限,否
14830,重庆中医药学院,201,01,11,11,546,75791,2024,物理,不限,否
14851,香港城市大学(东莞)     XY,201,01,44,44,611,15431,2024,物理,不限,否
14880,深圳理工大学            WA,201,01,120,120,624,9667,2024,物理,不限,否
16202,河北石油职业技术大学    N,201,01,40,40,497,152388,2024,物理,不限,否
16203,河北科技工程职业技术大学,202,02,18,18,500,148588,2024,物理,不限,否
16203,河北科技工程职业技术大学,203,03,3,3,489,167607,2024,物理,不限,否
16206,贵阳康养职业大学,203,03,2,0,494,158170,2024,物理,不限,否
16208,兰州资源环境职业技术大学,201,01,5,5,496,154210,2024,物理,不限,否
16209,兰州石化职业技术大学,201,01,5,0,490,164913,2024,物理,不限,否
16301,宁波诺丁汉大学,204,04,12,12,587,31606,2024,物理,不限,否
16301,宁波诺丁汉大学,205,05,25,25,588,30919,2024,物理,不限,否
16302,西交利物浦大学,202,02,30,5,597,24148,2024,物理,不限,否
16302,西交利物浦大学,203,03,11,11,600,21887,2024,物理,不限,否
16401,北京师范大学-香港浸会大学联合国际学院,202,02,8,8,582,35270,2024,物理,不限,否
16401,北京师范大学-香港浸会大学联合国际学院,205,05,20,20,586,32105,2024,物理,不限,否
16405,温州肯恩大学,202,02,15,15,543,80214,2024,物理,不限,否
16405,温州肯恩大学                                双,203,03,12,12,544,77753,2024,物理,不限,否
16409,深圳北理莫斯科大学                       m,201,01,9,9,555,64634,2024,物理,不限,否
16409,深圳北理莫斯科大学                          V,203,03,12,12,563,55166,2024,物理,不限,否
16409,深圳北理莫斯科大学              入,207,07,3,3,563,54960,2024,物理,不限,否
16410,广东以色列理工学院               X,201,01,322,322,544,78455,2024,物理,不限,否
18213,哈尔滨工业大学(深圳),202,02,332,332,657,1860,2024,物理,不限,否
19001,北京大学医学部         AX,202,02,1,1,672,558,2024,物理,不限,否
19001,北京大学医学部            1,203,03,25,26,672,564,2024,物理,不限,否
19001,北京大学医学部,204,04,6,6,661,1339,2024,物理,不限,否
19002,中国人民大学(苏州校区）（中外合作办学),202,02,6,6,638,5405,2024,物理,不限,否
19002,中国人民大学(苏州校区）（中外合作办学),203,03,1,0,648,3153,2024,物理,不限,否
19004,北京交通大学(威海校区) (中外合作办学),202,02,2,0,593,26892,2024,物理,不限,否
19004,北京交通大学（威海校区）（中外合作办学）,203,03,9,0,601,20955,2024,物理,不限,否
19004,北京交通大学(威海校区)(中外合作办学),204,04,3,3,590,28796,2024,物理,不限,否
19013,北京邮电大学(宏福校区)(中外合作办学),201,01,297,29,613,14323,2024,物理,不限,否
19013,北京邮电大学(宏福校区)（中外合作办学),202,02,12,12,608,17316,2024,物理,不限,否
19027,北京师范大学(珠海校区),203,03,39,39,618,12092,2024,物理,不限,否
19027,北京师范大学（珠海校区）,204,04,241,241,620,11332,2024,物理,不限,否
19141,大连理工大学（盘锦校区）,201,01,8,8,603,20173,2024,物理,不限,否
19141,大连理工大学(盘锦校区),202,02,12,12,607,17429,2024,物理,不限,否
19141,大连理工大学(盘锦校区)(中外合作办学),?203,03,10,10,600,21864,2024,物理,不限,否
19145,东北大学秦皇岛分校,203,03,12,12,594,25960,2024,物理,不限,否
19145,东北大学秦皇岛分校,204,04,63,63,605,18631,2024,物理,不限,否
19145,东北大学秦皇岛分校(中外合作办学),205,05,17,17,601,21351,2024,物理,不限,否
19213,哈尔滨工业大学(威海),202,02,5,5,644,3927,2024,物理,不限,否
19213,哈尔滨工业大学(威海)（中外合作办学),203,03,3,3,609,16625,2024,物理,不限,否
19213,哈尔滨工业大学(威海),204,04,13,13,623,10023,2024,物理,不限,否
19246,复旦大学医学院,201,01,4,4,679,249,2024,物理,不限,否
19246,复旦大学医学院,202,02,22,22,661,1378,2024,物理,不限,否
19248,上海交通大学医学院,201,01,3,3,683,167,2024,物理,不限,否
19248,上海交通大学医学院(联合培养),202,02,14,14,664,1100,2024,物理,不限,否
19335,浙江大学医学院,201,01,24,24,649,3003,2024,物理,不限,否
19359,合肥工业大学(宣城校区),203,03,10,10,558,61020,2024,物理,不限,否
19359,合肥工业大学(宣城校区),205,05,39,39,598,22862,2024,物理,不限,否
19414,中国石油大学(北京)克拉玛依校区,201,01,4,4,561,57201,2024,物理,不限,否
19414,中国石油大学(北京)克拉玛依校区,202,02,32,32,564,53991,2024,物理,不限,否
19422,山东大学威海分校,202,02,8,8,604,19160,2024,物理,不限,否
19422,山东大学威海分校        XY,203,03,50,50,611,15609,2024,物理,不限,否
19614,电子科技大学（沙河校区）,201,01,33,33,637,5650,2024,物理,不限,否
19614,电子科技大学(沙河校区)(中外合作办学),202,02,35,35,623,10028,2024,物理,不限,否
19614,电子科技大学(沙河校区)(中外合作办学),203,03,15,15,618,12202,2024,物理,不限,否
19635,西南大学（荣昌校区）,202,02,10,10,578,38876,2024,物理,不限,否
19635,西南大学(荣昌校区),204,04,14,14,575,42305,2024,物理,不限,否
19635,西南大学(荣昌校区）(中外合作办学),205,05,4,4,533,93540,2024,物理,不限,否
51285,江西飞行学院,202,02,4,4,496,154612,2024,物理,不限,否
51285,江西飞行学院,203,03,6,0,506,137909,2024,物理,不限,否
51721,河北环境工程学院,202,02,3,3,494,158635,2024,物理,不限,否
51721,河北环境工程学院,203  ?,03,15,115,491,163975,2024,物理,不限,否
51721,河北环境工程学院,204,04,30,3,490,166317,2024,物理,不限,否
51721,河北环境工程学院,205,05,3,3,495,157376,2024,物理,不限,否
80001,汕头大学医学院,211,11,159,159,598,23301,2024,物理,不限,否
80001,汕头大学医学院,212,12,177,177,579,38522,2024,物理,不限,否
80001,汕头大学医学院                                 V,213,13,95,95,535,91252,2024,物理,不限,否
80001,汕头大学医学院,214,14,91,91,548,72584,2024,物理,不限,否
80002,华南师范大学(汕尾校区),202,02,90,90,570,47195,2024,物理,不限,否
80002,华南师范大学(汕尾校区),203,03,452,452,575,41865,2024,物理,不限,否
80002,华南师范大学(汕尾校区),204,04,160,160,573,44304,2024,物理,不限,否
80003,广东工业大学(揭阳校区),252,52,719,719,559,58867,2024,物理,不限,否
80003,广东工业大学(揭阳校区）,253,53,31,31,550,170720,2024,物理,不限,否
80004,广东技术师范大学(河源校区),201,01,90,90,522,111726,2024,物理,不限,否
80004,广东技术师范大学(河源校区),202,02,25,25,529,100809,2024,物理,不限,否
81012,香港珠海学院,202,02,9,9,519,115202,2024,物理,不限,否
91004,陆军工程大学  ?,201,01,4,4,574,42847,2024,物理,不限,否
91004,陆军工程大学,202,02,1,1,579,38550,2024,物理,不限,否
91012,陆军军医大学        ?,201,01,1,0,625,9104,2024,物理,不限,否
91012,陆军军医大学,202,02,2,2,637,5474,2024,物理,不限,否
91012,陆军军医大学,203,03,8,8,591,28024,2024,物理,不限,否
91012,陆军军医大学,204,04,30,0,581,36258,2024,物理,不限,否
91012,陆军军医大学,205,05,44,0,577,39887,2024,物理,不限,否
